id,created_at,updated_at,version,srd_version,name,size,alternate_size,creature_type,description
ecf72c94-a349-5077-a4bd-e4944db27ee1,2026-09-08T00:00:00,2026-09-08T00:00:00,0,SRD_5_2,Dragonborn,MEDIUM,NULL,HUMANOID,"As a Dragonborn, you have these special traits."
60461515-cfab-58d6-a4ac-264177d9547f,2026-09-08T00:00:00,2026-09-08T00:00:00,0,SRD_5_2,Dwarf,MEDIUM,NULL,HUMANOID,"As a Dwarf, you have these special traits."
e95d33ab-3708-516c-ad08-253a4a5b8124,2026-09-08T00:00:00,2026-09-08T00:00:00,0,SRD_5_2,Elf,MEDIUM,NULL,HUMANOID,"As an Elf, you have these special traits."
87b611e6-2b0f-51d0-af85-cf1635d32c54,2026-09-08T00:00:00,2026-09-08T00:00:00,0,SRD_5_2,Gnome,SMALL,NULL,HUMANOID,"As a Gnome, you have these special traits."
10f4d4db-6b37-5570-9229-de6c87c90443,2026-09-08T00:00:00,2026-09-08T00:00:00,0,SRD_5_2,Goliath,MEDIUM,NULL,HUMANOID,"As a Goliath, you have these special traits."
769c62ed-651d-5c93-8929-5e38ce3dcd00,2026-09-08T00:00:00,2026-09-08T00:00:00,0,SRD_5_2,Halfling,SMALL,NULL,HUMANOID,"As a Halfling, you have these special traits."
bf67d206-2116-5382-a835-6ae482947762,2026-09-08T00:00:00,2026-09-08T00:00:00,0,SRD_5_2,Human,MEDIUM,SMALL,HUMANOID,"feet tall), chosen when you select this species

As a Human, you have these special traits."
428d148f-f852-5e35-8114-3886db35d58a,2026-09-08T00:00:00,2026-09-08T00:00:00,0,SRD_5_2,Orc,MEDIUM,NULL,HUMANOID,"As an Orc, you have these special traits."
858efbc0-7b97-57fc-a8f1-4fbdbc3f2675,2026-09-08T00:00:00,2026-09-08T00:00:00,0,SRD_5_2,Tiefling,MEDIUM,SMALL,HUMANOID,"feet tall), chosen when you select this species

As a Tiefling, you have the following special traits."
