id,created_at,updated_at,version,feature_id,capability,amount,second_amount,duration_unit,damage_type,notes
7dd6ec31-d403-5265-ad99-3047c28fb39c,2026-09-08T00:00:00,2026-09-08T00:00:00,0,71a63806-32f8-5039-be1f-87524329cf01,BREATHE_AIR_AND_WATER,NULL,NULL,NULL,NULL,The aboleth can breathe air and water.
e8270c64-af17-594d-aea5-bb08d45e1f11,2026-09-08T00:00:00,2026-09-08T00:00:00,0,5030981c-3aff-57d5-a158-d54a88543122,BREATHE_AIR_AND_WATER,NULL,NULL,NULL,NULL,"While underwater, the aboleth is surrounded by mucus. Constitution Saving Throw: DC 14, each creature in a 5-foot Emanation originating from the aboleth at the end of the aboleth's turn. Failure: The target is cursed. Until the curse ends, the target's skin becomes slimy, the target can breathe air and water, and it can't regain Hit Points unless it is underwater. While the cursed creature is outs"
1933d37b-3abb-50aa-9fa8-4405a1853663,2026-09-08T00:00:00,2026-09-08T00:00:00,0,ec61d485-de18-5459-9b42-a659a1b35b32,BOUND_TELEPATHY,NULL,NULL,NULL,NULL,"If a creature the aboleth can see communicates telepathically with the aboleth, the aboleth learns the creature's greatest desires."
73c020d7-26b2-50a3-bf3e-551e96b175b8,2026-09-08T00:00:00,2026-09-08T00:00:00,0,1b2fbe6a-e74f-50e2-ac78-279e19904b81,SQUEEZE_THROUGH_INCH,NULL,NULL,NULL,NULL,The elemental can enter a creature's space and stop there. It can move through a space as narrow as 1 inch without expending extra movement to do so.
5d108c77-d59f-541d-b37a-b75f04c61ee5,2026-09-08T00:00:00,2026-09-08T00:00:00,0,1b2fbe6a-e74f-50e2-ac78-279e19904b81,OCCUPY_CREATURE_SPACE,NULL,NULL,NULL,NULL,The elemental can enter a creature's space and stop there. It can move through a space as narrow as 1 inch without expending extra movement to do so.
c4c04587-66ac-53c9-96c0-03f7af4771f7,2026-09-08T00:00:00,2026-09-08T00:00:00,0,ee90f4dd-8d23-5cde-88c5-a7977e97df49,BURROW_THROUGH_ROCK,NULL,NULL,NULL,NULL,The ankheg can burrow through solid rock at half its Burrow Speed and leaves a 10-foot-diameter tunnel in its wake.
7e464253-4784-5a11-b107-39aa0581fb83,2026-09-08T00:00:00,2026-09-08T00:00:00,0,804b4d16-1d53-5f20-9ca9-6b47d0ab4a9c,BREATHE_AIR_AND_WATER,NULL,NULL,NULL,NULL,The dragon can breathe air and water.
f4f5a673-9852-5956-95fc-4bbe2f86136e,2026-09-08T00:00:00,2026-09-08T00:00:00,0,c3d7f03b-6ee1-5232-9223-b169a5a9d3ed,BREATHE_AIR_AND_WATER,NULL,NULL,NULL,NULL,The dragon can breathe air and water.
e1da6917-4c00-50ba-9d2a-44e10c716352,2026-09-08T00:00:00,2026-09-08T00:00:00,0,247574d5-6d21-5973-a1c4-081af26fcb28,BREATHE_AIR_AND_WATER,NULL,NULL,NULL,NULL,The dragon can breathe air and water.
369c7e66-43fc-5ec3-82f2-d3ac9b904f1d,2026-09-08T00:00:00,2026-09-08T00:00:00,0,888897f3-8fe6-526e-9b39-13e884df8059,BREATHE_AIR_AND_WATER,NULL,NULL,NULL,NULL,The dragon can breathe air and water.
2246cf5d-f7bd-531e-afea-92c96ef71174,2026-09-08T00:00:00,2026-09-08T00:00:00,0,16b37202-2af3-502b-af51-5a3b4761d29e,SQUEEZE_THROUGH_INCH,NULL,NULL,NULL,NULL,The pudding can move through a space as narrow as 1 inch without expending extra movement to do so.
804c4634-9982-5cbe-8c3d-313dea28e94c,2026-09-08T00:00:00,2026-09-08T00:00:00,0,e65905b1-761e-55a4-af2b-5ec6062de0e3,CLIMB_WITHOUT_CHECK,NULL,NULL,NULL,NULL,"The pudding can climb difficult surfaces, including along ceilings, without needing to make an ability check."
fd8d73a2-1808-5ebe-9e7f-0396473ddea4,2026-09-08T00:00:00,2026-09-08T00:00:00,0,278bdbf3-1052-582d-9515-1251d8f85d48,BREATHE_AIR_AND_WATER,NULL,NULL,NULL,NULL,The dragon can breathe air and water.
1c8e6f91-596d-52f7-b4ec-695aa3557aa9,2026-09-08T00:00:00,2026-09-08T00:00:00,0,f90be718-3b6a-5509-9439-a9f2298f856f,BREATHE_AIR_AND_WATER,NULL,NULL,NULL,NULL,The dragon can breathe air and water.
80224c6b-a6ba-53ef-acef-b2b56a3fc1a2,2026-09-08T00:00:00,2026-09-08T00:00:00,0,a706746b-5e27-56e7-9193-49e530ae8127,BREATHE_AIR_AND_WATER,NULL,NULL,NULL,NULL,The dragon can breathe air and water.
bd47b1e7-8943-52c6-ae11-90bd730bb0e8,2026-09-08T00:00:00,2026-09-08T00:00:00,0,f5ac3af1-ae5e-56ec-97c9-8be2e055f5a8,BREATHE_AIR_AND_WATER,NULL,NULL,NULL,NULL,The dragon can breathe air and water.
59ec8592-ae85-50c2-aec3-48542b35cb75,2026-09-08T00:00:00,2026-09-08T00:00:00,0,c3de2a74-0afc-5607-9978-e62fece1d342,FREE_GRAPPLE_MOVEMENT,NULL,NULL,NULL,NULL,The bugbear needn't spend extra movement to move a creature it is grappling.
c03a1b5f-452e-5196-823b-ab0dec1eb7af,2026-09-08T00:00:00,2026-09-08T00:00:00,0,79c178f5-0176-512a-97d0-6fca03b747c6,FREE_GRAPPLE_MOVEMENT,NULL,NULL,NULL,NULL,The bugbear needn't spend extra movement to move a creature it is grappling.
cdc2ed4e-2372-53cc-8972-f6d0647aab06,2026-09-08T00:00:00,2026-09-08T00:00:00,0,f4c8e3d1-35c6-563d-8ea9-bfd176c6b59a,BREATHE_AIR_AND_WATER,NULL,NULL,NULL,NULL,The chuul can breathe air and water.
a3ba4abb-52b7-56b7-b9b7-8657d7a718bf,2026-09-08T00:00:00,2026-09-08T00:00:00,0,3709403c-4add-5a4d-b662-75b70201115a,DETECT_AT_RANGE,120,NULL,NULL,NULL,The chuul senses magic within 120 feet of itself. This trait otherwise works like the Detect Magic spell but isn't itself magical.
ddf008b3-ec4a-5395-a001-6b2cc2d67e15,2026-09-08T00:00:00,2026-09-08T00:00:00,0,3c7e689d-9730-5009-af86-ffbfe842575e,CANNOT_SHAPE_SHIFT,NULL,NULL,NULL,NULL,The golem can't shape-shift.
9c7535c2-be7e-5a33-a3be-4c0e24e9913c,2026-09-08T00:00:00,2026-09-08T00:00:00,0,5cedf77c-2c9b-5539-a6f9-bf993d1aebde,OTHER,NULL,NULL,NULL,NULL,The commoner has proficiency in one skill of the GM's choice and has Advantage whenever it makes an ability check using that skill.
23fb0812-df86-515b-802f-0f08a3b484c4,2026-09-08T00:00:00,2026-09-08T00:00:00,0,15103e7e-44c2-5160-903a-94e49a3b85c0,BOUND_TELEPATHY,NULL,NULL,NULL,NULL,"The couatl's thoughts can't be read by any means, and other creatures can communicate with it telepathically only if it allows them."
f212fa13-5a9e-50f6-98be-b8d6ac1969a9,2026-09-08T00:00:00,2026-09-08T00:00:00,0,15103e7e-44c2-5160-903a-94e49a3b85c0,MIND_SHIELDED,NULL,NULL,NULL,NULL,"The couatl's thoughts can't be read by any means, and other creatures can communicate with it telepathically only if it allows them."
dbc8dfd3-19ac-53e6-adcc-856abb683817,2026-09-08T00:00:00,2026-09-08T00:00:00,0,a3900851-9afe-5f36-965b-75c985925550,OCCUPY_CREATURE_SPACE,NULL,NULL,NULL,NULL,"The swarm can occupy another creature's space and vice versa, and the swarm can move through any opening large enough for a Tiny creature. The swarm can't regain Hit Points or gain Temporary Hit Points."
5040d56e-ea81-5c48-9704-878bc524997d,2026-09-08T00:00:00,2026-09-08T00:00:00,0,7cded618-2972-5a7c-8e97-64ebcda29e4a,OTHER,NULL,NULL,NULL,NULL,"The djinni has a 30 percent chance of knowing the Wish spell. If the djinni knows it, the djinni can cast it only on behalf of a non-genie creature who communicates a wish in a way the djinni can understand. If the djinni casts the spell for the creature, the djinni suffers none of the spell's stress. Once the djinni has cast it three times, the djinni can't do so again for 365 days."
3262d22a-f6b8-5a21-88ca-c1082fc8fa82,2026-09-08T00:00:00,2026-09-08T00:00:00,0,767367da-cd09-5ae3-996a-62221cc3db1e,BREATHE_AIR_AND_WATER,NULL,NULL,NULL,NULL,The dragon can breathe air and water.
59e79147-60f6-5d7b-8578-d7f758c21ad5,2026-09-08T00:00:00,2026-09-08T00:00:00,0,348c4e56-50c8-57d1-9732-378f41bf3b7e,CLIMB_WITHOUT_CHECK,NULL,NULL,NULL,NULL,"The drider can climb difficult surfaces, including along ceilings, without needing to make an ability check."
20f4d0be-6348-5d60-94c6-1d2c71077790,2026-09-08T00:00:00,2026-09-08T00:00:00,0,353f6565-5b52-5fa2-a488-cb0d99c59318,IGNORE_WEB_TERRAIN,NULL,NULL,NULL,NULL,"The drider ignores movement restrictions caused by webs, and the drider knows the location of any other creature in contact with the same web."
6a077f12-35cf-5471-9bb8-ebf27aa61532,2026-09-08T00:00:00,2026-09-08T00:00:00,0,31928b21-b070-513b-b5d6-045269691bf0,SPECIAL_COMMUNICATION,NULL,NULL,NULL,NULL,The dryad can communicate with Beasts and Plants as if they shared a language.
766519f4-130a-5fa4-8ecf-cb78074ac24f,2026-09-08T00:00:00,2026-09-08T00:00:00,0,5ab3f28d-8e4c-563b-95e8-9ec76a37ed23,BURROW_THROUGH_ROCK,NULL,NULL,NULL,NULL,"The elemental can burrow through nonmagical, unworked earth and stone. While doing so, the elemental doesn't disturb the material it moves through."
1d4dfd1e-33fc-598a-9eeb-01f3bfea68bd,2026-09-08T00:00:00,2026-09-08T00:00:00,0,e6906b28-2fa2-5f7c-98a8-171e2d5f2623,DOUBLE_DAMAGE_TO_OBJECTS,NULL,NULL,NULL,NULL,The elemental deals double damage to objects and structures.
701a8d58-c85a-518e-a4f6-979482da2a63,2026-09-08T00:00:00,2026-09-08T00:00:00,0,4ea5ca1e-7c46-53e0-a97d-138278346188,OTHER,NULL,NULL,NULL,NULL,"The efreeti has a 30 percent chance of knowing the Wish spell. If the efreeti knows it, the efreeti can cast it only on behalf of a non-genie creature who communicates a wish in a way the efreeti can understand. If the efreeti casts the spell for the creature, the efreeti suffers none of the spell's stress. Once the efreeti has cast it three times, the efreeti can't do so again for 365 days."
ce76a671-e7d1-52b2-a980-3ecff1865b33,2026-09-08T00:00:00,2026-09-08T00:00:00,0,bec5e3f3-a3cd-5d76-a613-177f9fd37c5e,CLIMB_WITHOUT_CHECK,NULL,NULL,NULL,NULL,"The ettercap can climb difficult surfaces, including along ceilings, without needing to make an ability check."
97e9ba55-45cf-5700-944f-200b753e6877,2026-09-08T00:00:00,2026-09-08T00:00:00,0,5e3f5d61-f2c7-5b4c-9fba-466bcd01a20a,IGNORE_WEB_TERRAIN,NULL,NULL,NULL,NULL,"The ettercap ignores movement restrictions caused by webs, and the ettercap knows the location of any other creature in contact with the same web."
46dcba46-cc42-577d-befd-641818d1293b,2026-09-08T00:00:00,2026-09-08T00:00:00,0,40cd0b39-b8f8-5cfd-9d42-2d5f3164f966,SQUEEZE_THROUGH_INCH,NULL,NULL,NULL,NULL,"The elemental can move through a space as narrow as 1 inch without expending extra movement to do so, and it can enter a creature's space and stop there. The first time it enters a creature's space on a turn, that creature takes 5 (1d10) Fire damage."
8e25bdbf-1d80-5b21-96cc-0692dddf180e,2026-09-08T00:00:00,2026-09-08T00:00:00,0,40cd0b39-b8f8-5cfd-9d42-2d5f3164f966,OCCUPY_CREATURE_SPACE,NULL,NULL,NULL,NULL,"The elemental can move through a space as narrow as 1 inch without expending extra movement to do so, and it can enter a creature's space and stop there. The first time it enters a creature's space on a turn, that creature takes 5 (1d10) Fire damage."
b70dd44f-a291-5204-89cd-e908521492eb,2026-09-08T00:00:00,2026-09-08T00:00:00,0,6b7c6470-32d7-5c2e-b81a-3f8039e3a87e,CANNOT_SHAPE_SHIFT,NULL,NULL,NULL,NULL,The golem can't shape-shift.
75f5d740-cee2-5267-ae30-1c45aa7cccaa,2026-09-08T00:00:00,2026-09-08T00:00:00,0,010b78f2-aa9b-51d9-9f6e-646583c5890b,NO_OPPORTUNITY_ATTACK_ON_EXIT,NULL,NULL,NULL,NULL,The gargoyle doesn't provoke an Opportunity Attack when it flies out of an enemy's reach.
da790307-be52-5c76-975b-fed9012a2eee,2026-09-08T00:00:00,2026-09-08T00:00:00,0,fcda2fe3-a61e-5414-a27d-bd59ffc10e09,OTHER,NULL,NULL,NULL,NULL,"Even when the cube is in plain sight, a creature must succeed on a DC 15 Wisdom (Perception) check to notice the cube if the creature hasn't witnessed the cube move or otherwise act."
2fb86d74-f023-5cfd-991d-d52c0e6ab589,2026-09-08T00:00:00,2026-09-08T00:00:00,0,c15a6afb-065e-5dc4-b28b-0cc7412aeab2,DETECT_AT_RANGE,60,NULL,NULL,NULL,The ghost can see 60 feet into the Ethereal Plane when it is on the Material Plane.
9e7f9fd1-49db-53a6-9beb-d89dc5d1eaa9,2026-09-08T00:00:00,2026-09-08T00:00:00,0,06668465-0cf2-5b34-b8eb-4c33cf69b950,MOVE_THROUGH_OBJECTS,NULL,NULL,NULL,NULL,The ghost can move through other creatures and objects as if they were Difficult Terrain. It takes 5 (1d10) Force damage if it ends its turn inside an object.
1086c09d-a308-510c-b70f-cce9c426c20d,2026-09-08T00:00:00,2026-09-08T00:00:00,0,0fa2761c-422e-55f2-8a9e-11829c5e78f6,BREATHE_AIR_AND_WATER,NULL,NULL,NULL,NULL,The dragon can breathe air and water.
4c2905b9-8606-56d0-85b3-58f1e9ffeba7,2026-09-08T00:00:00,2026-09-08T00:00:00,0,6c1de63d-38c7-56e3-b3cb-57f794585c4f,BREATHE_AIR_AND_WATER,NULL,NULL,NULL,NULL,The dragon can breathe air and water.
69d9be68-3ab3-590c-a9a8-c43cdd1de4a0,2026-09-08T00:00:00,2026-09-08T00:00:00,0,8fb28997-9bb9-54be-a971-59b898e0930f,BREATHE_AIR_AND_WATER,NULL,NULL,NULL,NULL,The dragon can breathe air and water.
4bc4498c-e363-5213-9ca3-411708cd6bb0,2026-09-08T00:00:00,2026-09-08T00:00:00,0,4b391a8d-0a36-539f-8bbd-99625bba8cd2,BREATHE_AIR_AND_WATER,NULL,NULL,NULL,NULL,The dragon can breathe air and water.
a41e22f5-6758-5cff-8dab-8f7ffe022cf8,2026-09-08T00:00:00,2026-09-08T00:00:00,0,d84b78fb-351e-5912-a3bc-27292e35106b,SQUEEZE_THROUGH_INCH,NULL,NULL,NULL,NULL,The ooze can move through a space as narrow as 1 inch without expending extra movement to do so.
a67c387d-21da-5d45-93e9-7e519a295913,2026-09-08T00:00:00,2026-09-08T00:00:00,0,274c07af-ef29-5c1f-9d7f-08aa57149cb5,BREATHE_AIR_AND_WATER,NULL,NULL,NULL,NULL,The dragon can breathe air and water.
1162eceb-0879-578f-aa5e-6b0df829c82f,2026-09-08T00:00:00,2026-09-08T00:00:00,0,1f2b1c16-02c7-5b4b-9b6f-69f4d28b78c4,BREATHE_AIR_AND_WATER,NULL,NULL,NULL,NULL,The dragon can breathe air and water.
355b570a-09a0-55b0-ba64-4ef7ad07498c,2026-09-08T00:00:00,2026-09-08T00:00:00,0,cd141d97-7058-5ec0-9a4c-1bab6aed2f92,BREATHE_AIR_AND_WATER,NULL,NULL,NULL,NULL,The dragon can breathe air and water.
4d6ee9dd-b4ab-5b35-9472-dc2999db7e29,2026-09-08T00:00:00,2026-09-08T00:00:00,0,d0f7e66f-576d-56c0-b3fb-b9fba24b4538,BREATHE_AIR_AND_WATER,NULL,NULL,NULL,NULL,The dragon can breathe air and water.
0947431b-1f56-5c8a-b0e7-937186669710,2026-09-08T00:00:00,2026-09-08T00:00:00,0,ec6228d4-5c9a-535a-99de-8bf972448c56,BREATHE_AIR_AND_WATER,NULL,NULL,NULL,NULL,The hag can breathe air and water.
84888724-4e23-5cd9-afab-df7fb18237da,2026-09-08T00:00:00,2026-09-08T00:00:00,0,58e6a2e1-5734-5d6a-baa6-2a3484ecfd2a,OTHER,NULL,NULL,NULL,NULL,"While within 30 feet of at least two hag allies, the hag can cast one of the following spells, requiring no Material components, using the spell's normal casting time, and using Intelligence as the spellcasting ability (spell save DC 11): Augury, Find Familiar, Identify, Locate Object, Scrying, or Unseen Servant. The hag must finish a Long Rest before using this trait to cast that spell again."
7fb5fa5f-6d11-5389-b4d6-1dc8d4834983,2026-09-08T00:00:00,2026-09-08T00:00:00,0,1be88e66-92b1-52ee-be81-acb86b1a67b2,SPECIAL_COMMUNICATION,NULL,NULL,NULL,NULL,The hag can mimic animal sounds and humanoid voices. A creature that hears the sounds can tell they are imitations only with a successful DC 14 Wisdom (Insight) check.
6f6c24bc-d6af-575c-8322-54a40de2986e,2026-09-08T00:00:00,2026-09-08T00:00:00,0,e907feeb-a44a-5130-803c-eba07b45e86e,OTHER,NULL,NULL,NULL,NULL,"The half-dragon is related to a type of dragon associated with one of the following damage types (GM's choice): Acid, Cold, Fire, Lightning, or Poison. This choice affects other aspects of the stat block."
1fe3b0af-9f3a-5ad4-84d4-c439af4ae59a,2026-09-08T00:00:00,2026-09-08T00:00:00,0,e04577c8-5c63-5b38-9d6a-e6e4fe7958b1,NO_OPPORTUNITY_ATTACK_ON_EXIT,NULL,NULL,NULL,NULL,The hippogriff doesn't provoke an Opportunity Attack when it flies out of an enemy's reach.
32c743d8-671e-5dee-8f19-1546fadce784,2026-09-08T00:00:00,2026-09-08T00:00:00,0,2cc02a43-226e-5294-bdc9-e76c7aae9bde,BOUND_TELEPATHY,NULL,NULL,NULL,NULL,"While the homunculus is on the same plane of existence as its master, the two of them can communicate telepathically with each other."
f9e9e705-6d22-57dd-84ca-d56ff704db3e,2026-09-08T00:00:00,2026-09-08T00:00:00,0,e24532ab-f37e-51a6-a123-211104970111,HOLD_BREATH,1,NULL,HOUR,NULL,The hydra can hold its breath for 1 hour.
35a0ed1e-6532-51f5-9f2c-cad66a2c4c51,2026-09-08T00:00:00,2026-09-08T00:00:00,0,7adccedc-86dd-58ba-a02f-3b17942e0e41,OTHER,NULL,NULL,NULL,NULL,"For each head the hydra has beyond one, it gets an extra Reaction that can be used only for Opportunity Attacks."
6261c93c-69e7-54d3-956a-154a2214299c,2026-09-08T00:00:00,2026-09-08T00:00:00,0,030f287f-0464-5639-8fbf-754b7564c573,SQUEEZE_THROUGH_INCH,NULL,NULL,NULL,NULL,The stalker can enter an enemy's space and stop there. It can move through a space as narrow as 1 inch without expending extra movement to do so.
426f0f83-26fa-5910-bde8-37f323a8a601,2026-09-08T00:00:00,2026-09-08T00:00:00,0,030f287f-0464-5639-8fbf-754b7564c573,OCCUPY_CREATURE_SPACE,NULL,NULL,NULL,NULL,The stalker can enter an enemy's space and stop there. It can move through a space as narrow as 1 inch without expending extra movement to do so.
f698ac59-fb60-5887-974a-a6eed243153f,2026-09-08T00:00:00,2026-09-08T00:00:00,0,50b5c4ed-8e07-571d-a2c2-e522d15a610e,CANNOT_SHAPE_SHIFT,NULL,NULL,NULL,NULL,The golem can't shape-shift.
6a8c11b9-b671-5211-b6b4-52e485f7e119,2026-09-08T00:00:00,2026-09-08T00:00:00,0,ab6ed9ab-6c03-5050-bfab-623ff5a699f3,BREATHE_AIR_AND_WATER,NULL,NULL,NULL,NULL,The kraken can breathe air and water.
a1d87175-b1f7-5345-baa9-6c452f4453a8,2026-09-08T00:00:00,2026-09-08T00:00:00,0,43d2d959-3b6e-55a6-acef-d47aeb829026,DOUBLE_DAMAGE_TO_OBJECTS,NULL,NULL,NULL,NULL,The kraken deals double damage to objects and structures.
404ccf51-1dd9-51fc-9a4f-62a0b41b7a2b,2026-09-08T00:00:00,2026-09-08T00:00:00,0,d4468d5c-a08e-5126-82db-5107d501d343,REACTION_EVERY_TURN,NULL,NULL,NULL,NULL,The marilith can take one Reaction on every turn of combat.
6b44b0be-2fff-5892-8a72-5766d971919d,2026-09-08T00:00:00,2026-09-08T00:00:00,0,4f60bf25-c040-5740-9cb7-2ab182d7dc4f,BREATHE_AIR_AND_WATER,NULL,NULL,NULL,NULL,The merfolk can breathe air and water.
187aae66-5bf6-58e4-9862-e1d8470c6ef6,2026-09-08T00:00:00,2026-09-08T00:00:00,0,5d7e5321-01b8-588c-93bb-008908b69e69,BREATHE_AIR_AND_WATER,NULL,NULL,NULL,NULL,The merrow can breathe air and water.
65bd01b1-c921-5781-92d9-d17999b8347d,2026-09-08T00:00:00,2026-09-08T00:00:00,0,b012d605-a84f-5fdf-b175-d86d39155862,OTHER,NULL,NULL,NULL,NULL,"While within 30 feet of at least two hag allies, the hag can cast one of the following spells, requiring no Material components, using the spell's normal casting time, and using Intelligence as the spellcasting ability (spell save DC 14): Augury, Find Familiar, Identify, Locate Object, Scrying, or Unseen Servant. The hag must finish a Long Rest before using this trait to cast that spell again."
ab527358-f098-545e-b2dc-8fdeb3528db8,2026-09-08T00:00:00,2026-09-08T00:00:00,0,6c4f7a13-24a8-55e5-ad72-c31963b0f15c,OTHER,NULL,NULL,NULL,NULL,"The hag has a soul bag. While holding or carrying the bag, the hag can use its Nightmare Haunting action. The bag has AC 15, HP 20, and Resistance to all damage. The bag turns to dust if reduced to 0 Hit Points. If the bag is destroyed, any souls the bag is holding are released. The hag can create a new bag after 7 days."
3e8e6e8e-bc57-5207-b778-7208c02646d3,2026-09-08T00:00:00,2026-09-08T00:00:00,0,84954068-6448-564d-9f87-c5d6893a9ce6,OTHER,NULL,NULL,NULL,NULL,The nightmare can grant Resistance to Fire damage to a rider while it is on the nightmare.
94d93680-010f-5ff5-9b9d-6d80f4a3291a,2026-09-08T00:00:00,2026-09-08T00:00:00,0,c1e7d948-7393-508d-bb93-fe0b052c323e,SQUEEZE_THROUGH_INCH,NULL,NULL,NULL,NULL,The jelly can move through a space as narrow as 1 inch without expending extra movement to do so.
dc7bc561-701f-5d7f-95b4-795125b0a560,2026-09-08T00:00:00,2026-09-08T00:00:00,0,91f06265-4214-5326-8f35-133fa622f27b,CLIMB_WITHOUT_CHECK,NULL,NULL,NULL,NULL,"The jelly can climb difficult surfaces, including along ceilings, without needing to make an ability check."
dad80f8e-d625-5cb5-8975-9bc1f7df6a44,2026-09-08T00:00:00,2026-09-08T00:00:00,0,480e6679-3999-52e9-93ad-012e1efab797,DETECT_AT_RANGE,60,NULL,NULL,NULL,The spider can see 60 feet into the Ethereal Plane while on the Material Plane and vice versa.
b4970481-ab01-5ffb-94da-14f48dbfc973,2026-09-08T00:00:00,2026-09-08T00:00:00,0,75c7d85d-3127-5647-8ded-5ada77d3b392,CLIMB_WITHOUT_CHECK,NULL,NULL,NULL,NULL,"The spider can climb difficult surfaces, including along ceilings, without needing to make an ability check."
4a48e5a1-0828-5273-b7c9-fcf87d302caf,2026-09-08T00:00:00,2026-09-08T00:00:00,0,7e408ecd-0315-5cdf-8206-7dfacffa7371,IGNORE_WEB_TERRAIN,NULL,NULL,NULL,NULL,"The spider ignores movement restrictions caused by webs, and the spider knows the location of any other creature in contact with the same web."
f64a5b77-5df5-5356-b032-0b3902fdfc4a,2026-09-08T00:00:00,2026-09-08T00:00:00,0,56593b9e-534f-578c-9fe3-373b3a477c83,SPECIAL_COMMUNICATION,NULL,NULL,NULL,NULL,The planetar knows if it hears a lie.
2fb08fd0-f42d-5af5-812c-19559a521872,2026-09-08T00:00:00,2026-09-08T00:00:00,0,6fc0f77f-71b0-5e72-83f1-2082a7435aca,BURROW_THROUGH_ROCK,NULL,NULL,NULL,NULL,The worm can burrow through solid rock at half its Burrow Speed and leaves a 10-foot-diameter tunnel in its wake.
8d8e415d-337b-56c4-ac8a-9c6cdbec355a,2026-09-08T00:00:00,2026-09-08T00:00:00,0,05472a58-1d51-5760-a496-c45058830ccf,CLIMB_WITHOUT_CHECK,NULL,NULL,NULL,NULL,"The roper can climb difficult surfaces, including along ceilings, without needing to make an ability check."
c4eb9b3e-a5db-5b2a-87ca-65d292af4fab,2026-09-08T00:00:00,2026-09-08T00:00:00,0,3c0fc42a-31dc-5968-aa9b-63e1c898582a,DETECT_AT_RANGE,30,NULL,NULL,NULL,The rust monster can pinpoint the location of ferrous metal within 30 feet of itself.
d85539b2-77b5-5243-bed1-50c7bbb6310b,2026-09-08T00:00:00,2026-09-08T00:00:00,0,7b732e9a-6200-5471-a76c-9e74da13feb6,MUST_SUBMERGE_PERIODICALLY,4,NULL,HOUR,NULL,"The sahuagin can breathe air and water, but it must be submerged at least once every 4 hours to avoid suffocating outside water."
ef4ff074-f57a-51b6-b26c-744a83543ad8,2026-09-08T00:00:00,2026-09-08T00:00:00,0,7b732e9a-6200-5471-a76c-9e74da13feb6,BREATHE_AIR_AND_WATER,NULL,NULL,NULL,NULL,"The sahuagin can breathe air and water, but it must be submerged at least once every 4 hours to avoid suffocating outside water."
7829b3cf-66b8-5392-b7bb-ba6e2653a5ab,2026-09-08T00:00:00,2026-09-08T00:00:00,0,933bc997-9cd5-5fc9-ae15-102de02d4adc,BOUND_TELEPATHY,NULL,NULL,NULL,NULL,"The sahuagin can magically control sharks within 120 feet of itself, using a special telepathy."
5fb9a549-53d9-570d-977c-947aaf8a8001,2026-09-08T00:00:00,2026-09-08T00:00:00,0,f4365a14-2dfd-5461-9d08-daeecc770107,BREATHE_AIR_AND_WATER,NULL,NULL,NULL,NULL,The hag can breathe air and water.
b8e34c9f-1cbf-5f4b-814d-4680402af027,2026-09-08T00:00:00,2026-09-08T00:00:00,0,fb53706e-3602-5bc8-a8c4-9720b2b58c98,OTHER,NULL,NULL,NULL,NULL,"While within 30 feet of at least two hag allies, the hag can cast one of the following spells, requiring no Material components, using the spell's normal casting time, and using Intelligence as the spellcasting ability (spell save DC 11): Augury, Find Familiar, Identify, Locate Object, Scrying, or Unseen Servant. The hag must finish a Long Rest before using this trait to cast that spell again."
4ea76168-791b-5985-bcdc-a1b93c5b2bee,2026-09-08T00:00:00,2026-09-08T00:00:00,0,3390f887-3742-5e6c-aa42-58c3c9efd6f5,SQUEEZE_THROUGH_INCH,NULL,NULL,NULL,NULL,The shadow can move through a space as narrow as 1 inch without expending extra movement to do so.
96adce49-f32f-51e6-bb3a-ee86588cab0c,2026-09-08T00:00:00,2026-09-08T00:00:00,0,57a6fb8c-8fdd-5333-9bec-36c5e544a38e,BOUND_TELEPATHY,NULL,NULL,NULL,NULL,"The guardian is magically bound to an amulet. While the guardian and its amulet are on the same plane of existence, the amulet's wearer can telepathically call the guardian to travel to it, and the guardian knows the distance and direction to the amulet. If the guardian is within 60 feet of the amulet's wearer, half of any damage the wearer takes (round up) is transferred to the guardian."
80e261d8-cc26-5105-ac64-9320b9af51fd,2026-09-08T00:00:00,2026-09-08T00:00:00,0,3f9e66bd-81c8-5059-a7c2-085edf54dbe9,OTHER,NULL,NULL,NULL,NULL,"A spellcaster who wears the guardian's amulet can cause the guardian to store one spell of level 4 or lower. To do so, the wearer must cast the spell on the guardian while within 5 feet of it. The spell has no effect but is stored within the guardian. Any previously stored spell is lost when a new spell is stored. The guardian can cast the spell stored with any parameters set by the original caste"
72b2dc2c-7d9a-5f72-ae1a-d40bf2d521ee,2026-09-08T00:00:00,2026-09-08T00:00:00,0,2f519352-4f1e-54e3-a168-7ac1a54003a0,SPECIAL_COMMUNICATION,NULL,NULL,NULL,NULL,The solar knows if it hears a lie.
77365609-7767-57f6-819d-24fb648c027e,2026-09-08T00:00:00,2026-09-08T00:00:00,0,41206a29-1c0c-54f5-bf25-26a2eaf88de8,MOVE_THROUGH_OBJECTS,NULL,NULL,NULL,NULL,The specter can move through other creatures and objects as if they were Difficult Terrain. It takes 5 (1d10) Force damage if it ends its turn inside an object.
70fd1964-bd73-5df1-802d-aef368763175,2026-09-08T00:00:00,2026-09-08T00:00:00,0,e2d66231-dee3-59b4-b375-0d2604f9245e,MIND_SHIELDED,NULL,NULL,NULL,NULL,No magic can observe the sphinx remotely or detect its thoughts without its permission. Wisdom (Insight) checks made to ascertain its intentions or sincerity are made with Disadvantage.
51bbb53c-2281-552b-9469-7110e14113f0,2026-09-08T00:00:00,2026-09-08T00:00:00,0,68fcf094-9c2b-5199-8808-40eaa85fd9b4,MIND_SHIELDED,NULL,NULL,NULL,NULL,No magic can observe the sphinx remotely or detect its thoughts without its permission. Wisdom (Insight) checks made to ascertain its intentions or sincerity are made with Disadvantage.
faff4bd1-b898-5770-acf5-db534ac45549,2026-09-08T00:00:00,2026-09-08T00:00:00,0,e3df3fed-56e0-5973-b864-0838e98f919c,CANNOT_SHAPE_SHIFT,NULL,NULL,NULL,NULL,The golem can't shape-shift.
1e90cf01-5f87-568d-93ff-d8894d7d8f7e,2026-09-08T00:00:00,2026-09-08T00:00:00,0,b7874eb7-26b5-525f-85c3-f0ccf3b69243,BREATHE_AIR_AND_WATER,NULL,NULL,NULL,NULL,The giant can breathe air and water.
b97d397d-a606-5abc-9044-9380b48775a5,2026-09-08T00:00:00,2026-09-08T00:00:00,0,870e558a-c439-5ced-8aca-eadbd2a91ec5,DOUBLE_DAMAGE_TO_OBJECTS,NULL,NULL,NULL,NULL,The tarrasque deals double damage to objects and structures.
2ca1a26a-7530-555b-a0ff-1c22ebe1e609,2026-09-08T00:00:00,2026-09-08T00:00:00,0,26842b38-6008-5380-9e33-1629ad2aeff7,DOUBLE_DAMAGE_TO_OBJECTS,NULL,NULL,NULL,NULL,The treant deals double damage to objects and structures.
63d908f9-dc1b-5789-844b-4d7ea0cf60d9,2026-09-08T00:00:00,2026-09-08T00:00:00,0,dcc649cf-6c44-5c6f-bf06-06de74369157,OTHER,NULL,NULL,NULL,NULL,"The limb uncannily has the same senses as a whole troll. If the limb isn't destroyed within 24 hours, roll 1d12. On a 12, the limb turns into a Troll. Otherwise, the limb withers away."
e57d55a6-7d77-55ff-8d22-235db78faf60,2026-09-08T00:00:00,2026-09-08T00:00:00,0,7f45831d-c935-529a-b81b-5c7afd5b8ebd,OTHER,NULL,NULL,NULL,NULL,"While the familiar and its vampire master are on the same plane of existence, the vampire can communicate with the familiar telepathically, and the vampire can perceive through the familiar's senses."
91e17f82-9b2e-57b8-9fa3-599d73012f92,2026-09-08T00:00:00,2026-09-08T00:00:00,0,1ddf824b-4fa8-5204-b68b-67cb07a986d8,CLIMB_WITHOUT_CHECK,NULL,NULL,NULL,NULL,"The vampire can climb difficult surfaces, including along ceilings, without needing to make an ability check."
35e3f838-d143-562c-b1b4-ed4cdb8b868f,2026-09-08T00:00:00,2026-09-08T00:00:00,0,84e0e596-5b79-57a8-9387-1ef6de74a5c6,OTHER,NULL,NULL,NULL,NULL,The vampire has these weaknesses: Forbiddance. The vampire can't enter a residence without an invitation from an occupant.
c23c6815-adc3-58fa-af65-fcb677583631,2026-09-08T00:00:00,2026-09-08T00:00:00,0,7ff19e92-906e-5790-9e49-236060783154,CLIMB_WITHOUT_CHECK,NULL,NULL,NULL,NULL,"The vampire can climb difficult surfaces, including along ceilings, without needing to make an ability check."
b9de9e88-3049-5f01-bc82-cd65b406b083,2026-09-08T00:00:00,2026-09-08T00:00:00,0,d8ca6e25-5682-5d43-b3ca-75c822ad1370,OTHER,NULL,NULL,NULL,NULL,The vampire has these weaknesses: Forbiddance. The vampire can't enter a residence without an invitation from an occupant.
23cf7ac4-7764-5d99-9075-53e98cb3a56c,2026-09-08T00:00:00,2026-09-08T00:00:00,0,3d74b560-9522-50f6-aa4d-6d8f378fec71,SQUEEZE_THROUGH_INCH,NULL,NULL,NULL,NULL,The elemental can enter an enemy's space and stop there. It can move through a space as narrow as 1 inch without expending extra movement to do so.
da313f82-8b97-55d8-9932-9233a3c3e768,2026-09-08T00:00:00,2026-09-08T00:00:00,0,3d74b560-9522-50f6-aa4d-6d8f378fec71,OCCUPY_CREATURE_SPACE,NULL,NULL,NULL,NULL,The elemental can enter an enemy's space and stop there. It can move through a space as narrow as 1 inch without expending extra movement to do so.
5944f31b-052b-56b7-8fbd-93c6fbbf8cc7,2026-09-08T00:00:00,2026-09-08T00:00:00,0,eccab190-c757-5e80-8a4e-e597b6cec01d,IGNORE_ICE_TERRAIN,NULL,NULL,NULL,NULL,"The dragon can move across and climb icy surfaces without needing to make an ability check. Additionally, Difficult Terrain composed of ice or snow doesn't cost it extra movement."
c15b75b8-e36c-5d75-a149-baa962c06190,2026-09-08T00:00:00,2026-09-08T00:00:00,0,7b8aca01-5125-5fc1-9bfa-5907a8753b5e,IGNORE_ICE_TERRAIN,NULL,NULL,NULL,NULL,"The dragon can move across and climb icy surfaces without needing to make an ability check. Additionally, Difficult Terrain composed of ice or snow doesn't cost it extra movement."
771e9dfd-77fc-524d-ae51-b178b969434d,2026-09-08T00:00:00,2026-09-08T00:00:00,0,7f5f4307-a956-528c-993c-856fa5231d05,IGNORE_ICE_TERRAIN,NULL,NULL,NULL,NULL,"The dragon can move across and climb icy surfaces without needing to make an ability check. Additionally, Difficult Terrain composed of ice or snow doesn't cost it extra movement."
41a7bd73-c151-5229-983b-7eb7133c2692,2026-09-08T00:00:00,2026-09-08T00:00:00,0,b7e3073d-4795-5ca4-aa0d-ae8befbf76c1,IGNORE_ICE_TERRAIN,NULL,NULL,NULL,NULL,"The dragon can move across and climb icy surfaces without needing to make an ability check. Additionally, Difficult Terrain composed of ice or snow doesn't cost it extra movement."
e83ad216-3a5e-5500-9374-e95bd042ea8a,2026-09-08T00:00:00,2026-09-08T00:00:00,0,96442264-bf5c-571e-b80c-85097349f43d,CANNOT_CARRY,NULL,NULL,NULL,NULL,The wisp can't wear or carry anything.
90a762c0-bed1-5c61-bb1a-3f4337b38938,2026-09-08T00:00:00,2026-09-08T00:00:00,0,d334daac-6f57-5ccf-a1bd-2d33c52f1955,MOVE_THROUGH_OBJECTS,NULL,NULL,NULL,NULL,The wisp can move through other creatures and objects as if they were Difficult Terrain. It takes 5 (1d10) Force damage if it ends its turn inside an object.
a292ebb8-d41b-5fbd-8178-dcfe28fc04ca,2026-09-08T00:00:00,2026-09-08T00:00:00,0,dea624d3-b16b-5800-9097-76cf353ae521,MOVE_THROUGH_OBJECTS,NULL,NULL,NULL,NULL,The wraith can move through other creatures and objects as if they were Difficult Terrain. It takes 5 (1d10) Force damage if it ends its turn inside an object.
224a4795-1e13-57b0-821b-523bfa40e614,2026-09-08T00:00:00,2026-09-08T00:00:00,0,f78f767b-c0ca-5ec0-9948-481ffe7cfd74,BURROW_THROUGH_ROCK,NULL,NULL,NULL,NULL,"The xorn can burrow through nonmagical, unworked earth and stone. While doing so, the xorn doesn't disturb the material it moves through."
92f5aedb-ab7b-5c69-9f46-74a8b5ba7471,2026-09-08T00:00:00,2026-09-08T00:00:00,0,0c146569-eeb4-5b74-be51-696751d0d4aa,DETECT_AT_RANGE,60,NULL,NULL,NULL,The xorn can pinpoint the location of precious metals and stones within 60 feet of itself.
1d2743c7-8732-5398-9137-5e8b244d2bb8,2026-09-08T00:00:00,2026-09-08T00:00:00,0,423087b3-7fba-5a9a-b849-ff1c5fb56614,BREATHE_AIR_AND_WATER,NULL,NULL,NULL,NULL,The archelon can breathe air and water.
7f21187e-965c-5ced-a62d-a44cd9ec0b88,2026-09-08T00:00:00,2026-09-08T00:00:00,0,15074a39-9f7e-5115-abaa-270593b14bda,JUMP_USES_DEXTERITY,NULL,NULL,NULL,NULL,The cat's jump distance is determined using its Dexterity rather than its Strength.
8bf74b69-55e9-51ae-b7b1-1acd9acf664f,2026-09-08T00:00:00,2026-09-08T00:00:00,0,2b178a1a-1217-5b28-bdf5-2eea0f8a4c5d,BREATHE_AIR_AND_WATER,NULL,NULL,NULL,NULL,The crab can breathe air and water.
f99f5788-ef31-575c-9e67-406ec7475079,2026-09-08T00:00:00,2026-09-08T00:00:00,0,7f9df810-6a78-51bb-bb17-f00a25ed375d,HOLD_BREATH,1,NULL,HOUR,NULL,The crocodile can hold its breath for 1 hour.
2a6fd0d9-3859-50f3-97b9-0aca2de9a46a,2026-09-08T00:00:00,2026-09-08T00:00:00,0,73b2b493-abbe-54cb-912c-c393b0e68281,NO_OPPORTUNITY_ATTACK_ON_EXIT,NULL,NULL,NULL,NULL,The deer doesn't provoke an Opportunity Attack when it moves out of an enemy's reach.
43fa62c3-829d-572a-a7fd-2da01cecf747,2026-09-08T00:00:00,2026-09-08T00:00:00,0,daed80ff-71f0-5435-addc-48c91dea4bbd,NO_OPPORTUNITY_ATTACK_ON_EXIT,NULL,NULL,NULL,NULL,The snake doesn't provoke an Opportunity Attack when it flies out of an enemy's reach.
dfee2ea5-b6a4-56aa-97b4-d4d22413b386,2026-09-08T00:00:00,2026-09-08T00:00:00,0,a0ea3062-7475-5401-a73e-c3210c94dc54,BREATHE_AIR_AND_WATER,NULL,NULL,NULL,NULL,The frog can breathe air and water.
06b8965a-e46e-5bd0-8b8d-4777ac8b596f,2026-09-08T00:00:00,2026-09-08T00:00:00,0,34c631ce-85bc-5c5a-aeca-2eff6ea93e15,FIXED_JUMP_DISTANCE,10,5,NULL,NULL,The frog's Long Jump is up to 10 feet and its High Jump is up to 5 feet with or without a running start.
4c1b49f8-38c4-5aff-95fd-287e178f49f2,2026-09-08T00:00:00,2026-09-08T00:00:00,0,c2ce200f-de52-5f48-b2af-8d04297f2bcb,BREATHE_AIR_AND_WATER,NULL,NULL,NULL,NULL,The crab can breathe air and water.
e30bbd5f-1532-582a-9690-c448ce73900c,2026-09-08T00:00:00,2026-09-08T00:00:00,0,c0c0b5f4-a08c-5d83-a11b-12a5fc84839b,HOLD_BREATH,1,NULL,HOUR,NULL,The crocodile can hold its breath for 1 hour.
220e60ba-a1d5-5253-84f7-dab65bf50274,2026-09-08T00:00:00,2026-09-08T00:00:00,0,a0684de9-c3b7-55f6-882c-bfabaf894090,BREATHE_AIR_AND_WATER,NULL,NULL,NULL,NULL,The frog can breathe air and water.
26d7cfd5-8642-5f04-9581-7ea5cf59f0e4,2026-09-08T00:00:00,2026-09-08T00:00:00,0,56be0b8a-5bca-58b6-bb14-620dd371c5f0,FIXED_JUMP_DISTANCE,20,10,NULL,NULL,The frog's Long Jump is up to 20 feet and its High Jump is up to 10 feet with or without a running start.
a0da3675-60bc-52a3-aa16-15ebbb33199a,2026-09-08T00:00:00,2026-09-08T00:00:00,0,23a73c58-2df9-575b-aa80-b3300fc95882,CLIMB_WITHOUT_CHECK,NULL,NULL,NULL,NULL,"The lizard can climb difficult surfaces, including along ceilings, without needing to make an ability check."
447bfb4c-20e9-5b2f-b47b-46f02ad2a4cf,2026-09-08T00:00:00,2026-09-08T00:00:00,0,6cba6307-18ba-57e9-ba13-da7670bf36f4,BREATHE_ONLY_WATER,NULL,NULL,NULL,NULL,The octopus can breathe only underwater. It can hold its breath for 1 hour outside water.
31ceed4a-a312-508d-95c9-5600acc6c695,2026-09-08T00:00:00,2026-09-08T00:00:00,0,6cba6307-18ba-57e9-ba13-da7670bf36f4,HOLD_BREATH,1,NULL,HOUR,NULL,The octopus can breathe only underwater. It can hold its breath for 1 hour outside water.
6ec98e95-6e98-55b0-b2b3-b7a694734dc8,2026-09-08T00:00:00,2026-09-08T00:00:00,0,b4556f3c-e3b8-5eaf-a092-a6b21f28bc65,NO_OPPORTUNITY_ATTACK_ON_EXIT,NULL,NULL,NULL,NULL,The owl doesn't provoke an Opportunity Attack when it flies out of an enemy's reach.
059e959a-56a4-50e7-9658-fb168f4e392d,2026-09-08T00:00:00,2026-09-08T00:00:00,0,f882a941-cdf8-586a-8a15-afcf342a4a11,BREATHE_ONLY_WATER,NULL,NULL,NULL,NULL,The seahorse can breathe only underwater.
8c652302-81ae-52a1-b9c9-4929f700ca99,2026-09-08T00:00:00,2026-09-08T00:00:00,0,4504725e-862a-5af5-bb8d-a7f09f459a43,BREATHE_ONLY_WATER,NULL,NULL,NULL,NULL,The shark can breathe only underwater.
4b992245-6436-5be4-9052-1473c58e931c,2026-09-08T00:00:00,2026-09-08T00:00:00,0,959fb3cd-5522-5ccf-b30c-44555c3d71a9,CLIMB_WITHOUT_CHECK,NULL,NULL,NULL,NULL,"The spider can climb difficult surfaces, including along ceilings, without needing to make an ability check."
2e2b0917-cc79-5f5d-8fd7-c70953badfea,2026-09-08T00:00:00,2026-09-08T00:00:00,0,19cb777a-b4fd-5f17-b7ba-853424da8d91,IGNORE_WEB_TERRAIN,NULL,NULL,NULL,NULL,"The spider ignores movement restrictions caused by webs, and it knows the location of any other creature in contact with the same web."
542a1713-8158-55ee-af0c-54bce8c84982,2026-09-08T00:00:00,2026-09-08T00:00:00,0,fcef6821-bcf5-525f-b0cc-dd9822fb263c,BREATHE_AIR_AND_WATER,NULL,NULL,NULL,NULL,The toad can breathe air and water.
7947901f-bb90-51c0-825c-a789fb2cea2b,2026-09-08T00:00:00,2026-09-08T00:00:00,0,09625efe-36a3-5474-8d12-2316a1415ce7,FIXED_JUMP_DISTANCE,20,10,NULL,NULL,The toad's Long Jump is up to 20 feet and its High Jump is up to 10 feet with or without a running start.
300586d5-a9ad-5aea-9bfa-790ba769ee49,2026-09-08T00:00:00,2026-09-08T00:00:00,0,ce42c1c7-3057-5285-9238-9982db15b063,NO_OPPORTUNITY_ATTACK_ON_EXIT,NULL,NULL,NULL,NULL,The wasp doesn't provoke an Opportunity Attack when it flies out of an enemy's reach.
33b47be6-628d-5fa1-b33b-190cc76a4097,2026-09-08T00:00:00,2026-09-08T00:00:00,0,0dc3ffe3-21ae-5028-bf31-0c57b79e1d48,CLIMB_WITHOUT_CHECK,NULL,NULL,NULL,NULL,"The spider can climb difficult surfaces, including along ceilings, without needing to make an ability check."
1a45b977-b793-5e97-a726-56457dd384fa,2026-09-08T00:00:00,2026-09-08T00:00:00,0,893cf81e-8a78-54dc-89a3-b8db3b86e8d5,HOLD_BREATH,10,NULL,MINUTE,NULL,The hippopotamus can hold its breath for 10 minutes.
7cd8d0db-5c18-5641-80ba-01aa4a53c24e,2026-09-08T00:00:00,2026-09-08T00:00:00,0,0cec32bf-70e0-5bf9-b7c2-d9856a5085b3,BREATHE_ONLY_WATER,NULL,NULL,NULL,NULL,The shark can breathe only underwater.
571da643-e02a-55eb-9b70-596e3f3a1183,2026-09-08T00:00:00,2026-09-08T00:00:00,0,97374fab-78ee-58ee-96d4-a30efa9f603b,HOLD_BREATH,30,NULL,MINUTE,NULL,The whale can hold its breath for 30 minutes.
c0a82d15-69cf-56bf-a492-4d09d358207b,2026-09-08T00:00:00,2026-09-08T00:00:00,0,03c40f71-710d-5e9d-b006-0de4664943ae,CLIMB_WITHOUT_CHECK,NULL,NULL,NULL,NULL,"The lizard can climb difficult surfaces, including along ceilings, without needing to make an ability check."
013883ed-b781-5bb0-9c2d-080e06dda608,2026-09-08T00:00:00,2026-09-08T00:00:00,0,058d5a86-3d4b-53bd-b659-04719f8e2b51,OVERSIZED_CARRYING_CAPACITY,NULL,NULL,NULL,NULL,The mule counts as one size larger for the purpose of determining its carrying capacity.
b602bc57-2f04-5127-9e60-d9790809e83d,2026-09-08T00:00:00,2026-09-08T00:00:00,0,c8c3749b-ef3c-5a33-b9bc-2daf443bed57,SQUEEZE_THROUGH_INCH,NULL,NULL,NULL,NULL,The octopus can move through a space as narrow as 1 inch without expending extra movement to do so.
aaf398c1-e64d-57b0-99bb-5f15e868f438,2026-09-08T00:00:00,2026-09-08T00:00:00,0,15f6953a-7efa-5bc7-9ee7-e5227b6bb727,BREATHE_ONLY_WATER,NULL,NULL,NULL,NULL,The octopus can breathe only underwater.
005449d3-a8f0-5054-bf73-f67d5d9e5dff,2026-09-08T00:00:00,2026-09-08T00:00:00,0,b03c7d21-fee6-53fb-9b1c-0ea3a3239ce8,NO_OPPORTUNITY_ATTACK_ON_EXIT,NULL,NULL,NULL,NULL,The owl doesn't provoke an Opportunity Attack when it flies out of an enemy's reach.
40300a32-989b-5f7a-897c-b9f3317b163f,2026-09-08T00:00:00,2026-09-08T00:00:00,0,eea6d760-f1f0-536d-8cc7-01d223be8916,BREATHE_ONLY_WATER,NULL,NULL,NULL,NULL,The piranha can breathe only underwater.
1bfc2bac-bb34-5ef0-9992-6418effeeb35,2026-09-08T00:00:00,2026-09-08T00:00:00,0,1045d67e-c216-5476-abcf-f52b1920a390,HOLD_BREATH,1,NULL,HOUR,NULL,The plesiosaurus can hold its breath for 1 hour.
167ec38f-daab-5d29-9625-15a06671ed0a,2026-09-08T00:00:00,2026-09-08T00:00:00,0,3d81051c-d86b-5712-ac65-06ced311be8a,NO_OPPORTUNITY_ATTACK_ON_EXIT,NULL,NULL,NULL,NULL,The pteranodon doesn't provoke an Opportunity Attack when it flies out of an enemy's reach.
433114e3-a453-52ca-8c1a-8d53df4db318,2026-09-08T00:00:00,2026-09-08T00:00:00,0,9f71757a-394f-56c2-af97-c65986a19da1,NO_OPPORTUNITY_ATTACK_ON_EXIT,NULL,NULL,NULL,NULL,The rat doesn't provoke an Opportunity Attack when it moves out of an enemy's reach.
8a0862cc-a404-50ff-ad62-84c1d103f608,2026-09-08T00:00:00,2026-09-08T00:00:00,0,9d84d5d1-de63-5b0c-8873-d6df4570ca53,SPECIAL_COMMUNICATION,NULL,NULL,NULL,NULL,"The raven can mimic simple sounds it has heard, such as a whisper or chitter. A hearer can discern the sounds are imitations with a successful DC 10 Wisdom (Insight) check."
246ce2dd-30a9-54d4-9bd0-cfd47e612a51,2026-09-08T00:00:00,2026-09-08T00:00:00,0,b23555ac-8ac6-5ad4-9046-551b0824e6d2,BREATHE_ONLY_WATER,NULL,NULL,NULL,NULL,The shark can breathe only underwater.
e45049c4-a9d0-5616-98b5-ecf775b531d8,2026-09-08T00:00:00,2026-09-08T00:00:00,0,00e4db2e-c4ae-52c5-93c5-0f4782fdf962,BREATHE_ONLY_WATER,NULL,NULL,NULL,NULL,The seahorse can breathe only underwater.
214ba0dd-5e5d-5aef-907c-51fbc9c40a24,2026-09-08T00:00:00,2026-09-08T00:00:00,0,0fc06221-9c42-5ac8-9be3-43fefde3529d,CLIMB_WITHOUT_CHECK,NULL,NULL,NULL,NULL,"The spider can climb difficult surfaces, including along ceilings, without needing to make an ability check."
8f91b6a6-3755-5465-9761-bafd022403e1,2026-09-08T00:00:00,2026-09-08T00:00:00,0,a09853a8-1927-5e67-90b6-f3eaf0782624,IGNORE_WEB_TERRAIN,NULL,NULL,NULL,NULL,"The spider ignores movement restrictions caused by webs, and the spider knows the location of any other creature in contact with the same web."
413dbd24-4635-545d-9db9-93a385ca86c1,2026-09-08T00:00:00,2026-09-08T00:00:00,0,8598cbd1-d86e-5996-84f0-85ebb3a1804f,OCCUPY_CREATURE_SPACE,NULL,NULL,NULL,NULL,"The swarm can occupy another creature's space and vice versa, and the swarm can move through any opening large enough for a Tiny bat. The swarm can't regain Hit Points or gain Temporary Hit Points."
48236f52-8e5d-5135-b6a7-422a9a470c09,2026-09-08T00:00:00,2026-09-08T00:00:00,0,40d166c9-1d1f-51ac-b924-d3d65691b2aa,CLIMB_WITHOUT_CHECK,NULL,NULL,NULL,NULL,"If the swarm has a Climb Speed, the swarm can climb difficult surfaces, including along ceilings, without needing to make an ability check."
d95fff10-5588-54b1-aa79-5981a5746d2f,2026-09-08T00:00:00,2026-09-08T00:00:00,0,07efe51c-8374-5285-be6e-8ddccbba6c5e,OCCUPY_CREATURE_SPACE,NULL,NULL,NULL,NULL,"The swarm can occupy another creature's space and vice versa, and the swarm can move through any opening large enough for a Tiny insect. The swarm can't regain Hit Points or gain Temporary Hit Points."
7c5f57e9-ca64-599a-8286-96bfe7e45b5f,2026-09-08T00:00:00,2026-09-08T00:00:00,0,b7e7efbe-acb5-59f2-8fbc-5f71a4d0b122,OCCUPY_CREATURE_SPACE,NULL,NULL,NULL,NULL,"The swarm can occupy another creature's space and vice versa, and the swarm can move through any opening large enough for a Tiny piranha. The swarm can't regain Hit Points or gain Temporary Hit Points."
95fd8c24-f057-53c1-a83b-fe35fe55687d,2026-09-08T00:00:00,2026-09-08T00:00:00,0,13236a90-f77c-5659-8c47-e9dbcded0f09,BREATHE_ONLY_WATER,NULL,NULL,NULL,NULL,The swarm can breathe only underwater.
f06c81d5-c161-55cf-a657-f6ac61306fc1,2026-09-08T00:00:00,2026-09-08T00:00:00,0,7819edb9-c626-50ef-a89a-7b89481dcd93,OCCUPY_CREATURE_SPACE,NULL,NULL,NULL,NULL,"The swarm can occupy another creature's space and vice versa, and the swarm can move through any opening large enough for a Tiny rat. The swarm can't regain Hit Points or gain Temporary Hit Points."
70326e06-2568-5a3c-8311-461d71605414,2026-09-08T00:00:00,2026-09-08T00:00:00,0,2699548d-3273-5395-b750-4689d670935b,OCCUPY_CREATURE_SPACE,NULL,NULL,NULL,NULL,"The swarm can occupy another creature's space and vice versa, and the swarm can move through any opening large enough for a Tiny raven. The swarm can't regain Hit Points or gain Temporary Hit Points."
81ba5339-ef73-5468-99c1-66a9f59240ad,2026-09-08T00:00:00,2026-09-08T00:00:00,0,5127d7e8-7649-5b56-a24e-4792f8315eec,OCCUPY_CREATURE_SPACE,NULL,NULL,NULL,NULL,"The swarm can occupy another creature's space and vice versa, and the swarm can move through any opening large enough for a Tiny snake. The swarm can't regain Hit Points or gain Temporary Hit Points."
