stat_block_id,movement_type,speed_feet
3a97722b-d731-5b16-8d48-45517a5a853b,SWIM,40
3a97722b-d731-5b16-8d48-45517a5a853b,WALK,10
02d56165-918f-5708-89af-3df7569c4f7f,FLY,90
02d56165-918f-5708-89af-3df7569c4f7f,WALK,10
49a0bd4b-a9f9-50b2-9bc3-629df64418ea,WALK,25
00be073f-399c-53ec-b755-86bd872fab90,FLY,50
00be073f-399c-53ec-b755-86bd872fab90,WALK,5
a088256d-750f-5976-a8d0-29afc20ed1ae,WALK,10
a3c0f2aa-e536-5f85-b152-49e28effcd22,BURROW,10
a3c0f2aa-e536-5f85-b152-49e28effcd22,WALK,30
b9f0f10b-2ba9-5c77-97f0-f5ef4820930b,WALK,30
ead25cde-1a8d-5b07-8653-b98adfa2622c,WALK,20
584358af-5ad8-5f80-9d4c-7d4782a3c9ef,WALK,20
30bb8dc4-bfa7-5a91-b0b7-3bf6eeabe7e3,WALK,50
2723c0a7-abe7-5dab-bf94-e15c6d618c94,WALK,30
dc1e420c-2ae8-50f4-8632-36e3594b028c,FLY,80
dc1e420c-2ae8-50f4-8632-36e3594b028c,WALK,40
65fca663-1259-5ad7-b71b-4268a89c1de8,WALK,30
2048dc5f-85e3-5c28-8fd2-92fbd80710ea,WALK,30
9c07ced8-070d-550e-95b8-e88ef5c281a2,CLIMB,30
9c07ced8-070d-550e-95b8-e88ef5c281a2,WALK,30
e50d02ac-c53c-5c91-afc5-2fc73ebbaa43,WALK,20
fd78f130-1479-58d2-be72-d39c70317061,WALK,30
5c8dc5ce-2b6d-55b9-86d3-bf6d728aba72,CLIMB,50
5c8dc5ce-2b6d-55b9-86d3-bf6d728aba72,WALK,50
92238e35-a2f2-5362-8349-b6235f1b7942,WALK,30
eb2ea78b-f92d-5b9e-ac8b-44a45da749ef,FLY,60
eb2ea78b-f92d-5b9e-ac8b-44a45da749ef,SWIM,30
eb2ea78b-f92d-5b9e-ac8b-44a45da749ef,WALK,30
f9283f1b-1e59-5722-9f4b-5eec409900ff,FLY,80
f9283f1b-1e59-5722-9f4b-5eec409900ff,SWIM,40
f9283f1b-1e59-5722-9f4b-5eec409900ff,WALK,40
4c42bba9-e53c-5166-88aa-f2bcae6099c3,FLY,80
4c42bba9-e53c-5166-88aa-f2bcae6099c3,SWIM,40
4c42bba9-e53c-5166-88aa-f2bcae6099c3,WALK,40
d105defc-70be-5c46-bb92-261210cb9017,FLY,80
d105defc-70be-5c46-bb92-261210cb9017,SWIM,40
d105defc-70be-5c46-bb92-261210cb9017,WALK,40
fee468d5-1dea-5c29-ae19-29f2c0a7eea2,CLIMB,20
fee468d5-1dea-5c29-ae19-29f2c0a7eea2,WALK,20
e5f4102e-d8b6-511b-88a6-722798cd9699,WALK,40
3252b304-f866-565f-8589-bc91ad630818,BURROW,15
3252b304-f866-565f-8589-bc91ad630818,FLY,60
3252b304-f866-565f-8589-bc91ad630818,WALK,30
28ca8680-d046-521a-8cfe-e08f36ec9784,BURROW,20
28ca8680-d046-521a-8cfe-e08f36ec9784,FLY,80
28ca8680-d046-521a-8cfe-e08f36ec9784,WALK,40
ad6bc2d8-cb47-56c1-9f95-b6a4d49e3fd9,BURROW,30
ad6bc2d8-cb47-56c1-9f95-b6a4d49e3fd9,FLY,80
ad6bc2d8-cb47-56c1-9f95-b6a4d49e3fd9,WALK,40
175e7fb4-0b2d-58d0-9509-0e38d5cc1b76,BURROW,40
175e7fb4-0b2d-58d0-9509-0e38d5cc1b76,FLY,80
175e7fb4-0b2d-58d0-9509-0e38d5cc1b76,WALK,40
0e85d74b-3cc9-528e-8346-0c50e2fa890a,FLY,40
0e85d74b-3cc9-528e-8346-0c50e2fa890a,WALK,40
53eecd33-b723-5698-aad8-be4f5769dfff,BURROW,15
53eecd33-b723-5698-aad8-be4f5769dfff,FLY,60
53eecd33-b723-5698-aad8-be4f5769dfff,WALK,30
4861d128-a31a-5af4-a8cf-186ba15cdbe7,BURROW,20
4861d128-a31a-5af4-a8cf-186ba15cdbe7,FLY,80
4861d128-a31a-5af4-a8cf-186ba15cdbe7,WALK,40
0a0ac3d8-b993-56f8-bacc-4fd12b3ebd82,BURROW,30
0a0ac3d8-b993-56f8-bacc-4fd12b3ebd82,FLY,80
0a0ac3d8-b993-56f8-bacc-4fd12b3ebd82,WALK,40
a79b4f29-217a-560d-b531-c4e3a1e90688,BURROW,40
a79b4f29-217a-560d-b531-c4e3a1e90688,FLY,80
a79b4f29-217a-560d-b531-c4e3a1e90688,WALK,40
1810cc58-9406-5d1c-b03a-45846d94f7d6,FLY,60
1810cc58-9406-5d1c-b03a-45846d94f7d6,SWIM,30
1810cc58-9406-5d1c-b03a-45846d94f7d6,WALK,30
f8a6fde2-0db9-5a03-9908-cafbe72ef9bf,FLY,80
f8a6fde2-0db9-5a03-9908-cafbe72ef9bf,SWIM,40
f8a6fde2-0db9-5a03-9908-cafbe72ef9bf,WALK,40
4a686859-4851-5d47-b3ea-d5303adfac70,FLY,80
4a686859-4851-5d47-b3ea-d5303adfac70,SWIM,40
4a686859-4851-5d47-b3ea-d5303adfac70,WALK,40
feb2e64e-a0be-5b77-b650-900315f7fbb2,FLY,80
feb2e64e-a0be-5b77-b650-900315f7fbb2,SWIM,40
feb2e64e-a0be-5b77-b650-900315f7fbb2,WALK,40
707a2111-17f9-5510-8d72-0638f947ccb1,WALK,30
1f4940b4-7f8a-52de-8c9f-ca62bb7a26bb,WALK,30
61a8a166-336a-5981-9e69-b22289abc5f6,BURROW,40
61a8a166-336a-5981-9e69-b22289abc5f6,WALK,40
0068719a-5a5d-5df4-a8e5-55b712c71e7f,WALK,50
9d0f45d2-353c-55d6-b25a-ecf41a13a35e,WALK,30
b7798ab4-ff0f-597c-8f42-24ff5148156d,FLY,60
b7798ab4-ff0f-597c-8f42-24ff5148156d,WALK,30
f8687241-5230-57e7-8cc5-96a1769ed7eb,SWIM,30
f8687241-5230-57e7-8cc5-96a1769ed7eb,WALK,30
30ddc18c-251c-5334-99e2-7b0e692d8a05,WALK,30
be712961-00e4-5fdc-b3d9-7ce4b3ef3839,FLY,40
be712961-00e4-5fdc-b3d9-7ce4b3ef3839,WALK,10
28133e24-4663-51d1-9e69-22efd9a246dd,FLY,20
28133e24-4663-51d1-9e69-22efd9a246dd,WALK,40
b9eea488-d320-5cfa-b843-701d38590264,FLY,40
b9eea488-d320-5cfa-b843-701d38590264,WALK,20
a8fc19ef-5730-5d26-b461-c590dfdbc3b9,WALK,30
ce0387c8-3d13-50bf-a216-5174851b483d,CLIMB,30
ce0387c8-3d13-50bf-a216-5174851b483d,FLY,60
ce0387c8-3d13-50bf-a216-5174851b483d,WALK,30
20d99010-e378-59c5-a9ca-52eb9fbd070c,CLIMB,40
20d99010-e378-59c5-a9ca-52eb9fbd070c,FLY,80
20d99010-e378-59c5-a9ca-52eb9fbd070c,WALK,40
df40b7e6-7047-5eb9-ab7e-f8ce1c1280d5,CLIMB,40
df40b7e6-7047-5eb9-ab7e-f8ce1c1280d5,FLY,80
df40b7e6-7047-5eb9-ab7e-f8ce1c1280d5,WALK,40
33da4341-6b62-5233-9c0f-f355e2738ccc,CLIMB,40
33da4341-6b62-5233-9c0f-f355e2738ccc,FLY,80
33da4341-6b62-5233-9c0f-f355e2738ccc,WALK,40
75aaf7d9-8097-5f09-8c47-db10961f69cb,FLY,90
75aaf7d9-8097-5f09-8c47-db10961f69cb,WALK,30
68a5204b-c403-538a-9ad4-12ac83ff69dc,CLIMB,30
68a5204b-c403-538a-9ad4-12ac83ff69dc,WALK,30
cf402a02-a4aa-50e5-a064-ab051149082f,WALK,30
e4ab2238-e788-5fae-b26d-32aa80151e67,WALK,30
369d4ec5-4a3f-5850-a40f-54c4f4ae4b59,FLY,30
369d4ec5-4a3f-5850-a40f-54c4f4ae4b59,WALK,10
6f8f63ea-0142-585a-a7fe-0f86dfcf594f,WALK,40
38042d14-b41a-58d3-a5c3-ad7aec83e56d,FLY,90
38042d14-b41a-58d3-a5c3-ad7aec83e56d,WALK,30
17cd2716-817e-5095-96fe-3eb45434cd63,FLY,90
17cd2716-817e-5095-96fe-3eb45434cd63,WALK,30
f72245b9-387c-5cf6-bbe0-f1ac86a358c4,WALK,30
d7092d19-28a7-5f39-9e71-464623ce89c9,SWIM,50
d7092d19-28a7-5f39-9e71-464623ce89c9,WALK,20
6133215b-a31d-562d-9316-35324f562d6c,WALK,20
53c43655-552b-5980-baf2-1249e3456a99,CLIMB,30
53c43655-552b-5980-baf2-1249e3456a99,WALK,30
1bd5702c-3e46-5ef7-9c2f-74770fb8ef7d,WALK,30
033c4445-4e17-58f3-be70-b82e6bf147f7,WALK,30
3d4b70a2-00a8-50b4-b5d1-809fc757b318,BURROW,30
3d4b70a2-00a8-50b4-b5d1-809fc757b318,WALK,30
0df6b8f7-5890-5cc2-9795-0ce79262cb6c,FLY,60
0df6b8f7-5890-5cc2-9795-0ce79262cb6c,WALK,40
bc11534a-39f1-5691-bb6b-3885b920c84b,FLY,60
bc11534a-39f1-5691-bb6b-3885b920c84b,WALK,30
69acc152-e877-5d92-af3a-4d2d14804d64,CLIMB,30
69acc152-e877-5d92-af3a-4d2d14804d64,WALK,30
c87f1d42-e66b-50e8-9625-1741041c8a93,WALK,40
36997c98-bf66-58b2-9d69-422d70eff96b,WALK,50
0e4104f9-de6d-5c28-9fca-22bf44b73ed6,WALK,30
b50869dc-e3a1-57fd-8419-cd10dd1b1885,WALK,30
b9adfac7-a098-5858-8481-6ad99f16eb26,WALK,40
cc618aa0-1ee7-5853-a26e-000fb122fda3,WALK,5
ef11c0ec-388a-5fcb-8cb4-f3cff6d5dd10,WALK,5
209a0db5-c38a-556f-b56a-7f274bb42e4d,FLY,60
209a0db5-c38a-556f-b56a-7f274bb42e4d,WALK,30
2a1ca355-abde-537a-af0c-c79e04265666,WALK,15
6f9b0cfe-9018-5cb8-849f-e0e4ff493900,WALK,30
2ec7306c-1c74-51a7-940b-8cc4da983b97,FLY,40
2ec7306c-1c74-51a7-940b-8cc4da983b97,WALK,5
6a74b6e8-457f-5655-9c95-72d4822f7ee7,WALK,30
a4d9c15d-4ab6-5721-ad72-c042f590e25e,SWIM,20
a4d9c15d-4ab6-5721-ad72-c042f590e25e,WALK,20
dc04d0e1-24ee-5712-b18c-b83dc8f5ad4a,WALK,40
d8f72762-af3b-5b03-9c37-a4ddc79f2e1b,WALK,30
fc3aef8b-2b9b-50fb-98e4-3e5221400b1e,WALK,30
ad77e9cf-c420-5b55-bafe-46c51fba0ade,WALK,30
08b6d58f-a525-5063-9bdb-72618a737b11,WALK,30
e8108f5d-5141-5121-89ec-692f9fe7328d,WALK,30
5041345d-a209-5470-a65c-30ca8c8b0e01,FLY,60
5041345d-a209-5470-a65c-30ca8c8b0e01,SWIM,30
5041345d-a209-5470-a65c-30ca8c8b0e01,WALK,30
cd5a1706-a5eb-5f93-9a27-d0e675cf4d3f,FLY,80
cd5a1706-a5eb-5f93-9a27-d0e675cf4d3f,SWIM,40
cd5a1706-a5eb-5f93-9a27-d0e675cf4d3f,WALK,40
f30a06ec-741b-5822-ae9b-15d64671ed04,FLY,80
f30a06ec-741b-5822-ae9b-15d64671ed04,SWIM,40
f30a06ec-741b-5822-ae9b-15d64671ed04,WALK,40
48df82ed-f959-54b8-b03a-24dc248ba79b,FLY,80
48df82ed-f959-54b8-b03a-24dc248ba79b,SWIM,40
48df82ed-f959-54b8-b03a-24dc248ba79b,WALK,40
be5a1ceb-5d3f-5258-9e1b-073feb18b8be,WALK,40
6f87e0ae-d0fb-5f06-9dff-9b3a09154664,CLIMB,10
6f87e0ae-d0fb-5f06-9dff-9b3a09154664,WALK,10
0e52bb7c-96d5-58f9-b469-b45eab8c3c3d,FLY,60
0e52bb7c-96d5-58f9-b469-b45eab8c3c3d,SWIM,30
0e52bb7c-96d5-58f9-b469-b45eab8c3c3d,WALK,30
6b603949-759d-5c72-b310-074d45747013,FLY,80
6b603949-759d-5c72-b310-074d45747013,SWIM,40
6b603949-759d-5c72-b310-074d45747013,WALK,40
352006ea-b852-59c0-b79c-6dda624688c4,FLY,80
352006ea-b852-59c0-b79c-6dda624688c4,SWIM,40
352006ea-b852-59c0-b79c-6dda624688c4,WALK,40
e02f30d6-9c3f-5ee7-9937-b2df7044344c,FLY,80
e02f30d6-9c3f-5ee7-9937-b2df7044344c,SWIM,40
e02f30d6-9c3f-5ee7-9937-b2df7044344c,WALK,40
edb83e46-b4f5-56ed-8a8b-aebec29863c2,SWIM,30
edb83e46-b4f5-56ed-8a8b-aebec29863c2,WALK,30
3a7ab06f-a094-5767-b2d0-61f1dceed4c1,CLIMB,30
3a7ab06f-a094-5767-b2d0-61f1dceed4c1,WALK,30
549be1bb-de18-58a1-898c-0b112ef15332,FLY,80
549be1bb-de18-58a1-898c-0b112ef15332,WALK,30
da6bee9d-ded1-5cfa-8348-a21043f6adf9,CLIMB,30
da6bee9d-ded1-5cfa-8348-a21043f6adf9,WALK,30
5741bdc0-01af-5fdf-938b-d977ca6f514d,CLIMB,40
5741bdc0-01af-5fdf-938b-d977ca6f514d,SWIM,40
5741bdc0-01af-5fdf-938b-d977ca6f514d,WALK,40
c442a044-2660-5ae1-bb76-7941919b88aa,WALK,30
33eb289c-e2fe-5c3c-ab3f-1d86c92f00e5,WALK,30
cab786f8-266c-5d51-87eb-518eb632d617,WALK,40
a699a7c7-0c6e-5b4e-8b02-cb0af0975ef1,FLY,40
a699a7c7-0c6e-5b4e-8b02-cb0af0975ef1,WALK,20
0ec3a98e-0d40-5fba-933c-a05c59487953,WALK,50
f0daad33-3bad-5c96-9515-fbe749874b41,WALK,30
0c5b8963-efc7-5c4c-9622-da0d0ea3607a,WALK,40
fc25baba-85df-506b-959e-dbc35112a9bb,FLY,60
fc25baba-85df-506b-959e-dbc35112a9bb,WALK,40
45d59fb4-87ea-5101-88e4-8749239b5fc1,WALK,30
bdbf6f10-fb16-5ce7-99cd-f74fdec699f3,WALK,30
9f10001a-1443-5480-9792-f59d6ab56cc8,FLY,40
9f10001a-1443-5480-9792-f59d6ab56cc8,WALK,20
7e11286d-f7aa-5d3b-9ad1-2da41f2f5c14,FLY,60
7e11286d-f7aa-5d3b-9ad1-2da41f2f5c14,WALK,30
6663817c-edf8-552e-8ede-f0d77e4d658a,SWIM,40
6663817c-edf8-552e-8ede-f0d77e4d658a,WALK,40
639dc600-5a69-58a8-ba9a-f9a49f36ae95,WALK,40
eac7706e-b667-5ac5-ae31-b3bf3e5c9bac,FLY,40
eac7706e-b667-5ac5-ae31-b3bf3e5c9bac,WALK,20
3367bac2-faa5-5174-9acd-237dd9d9fbbf,FLY,60
3367bac2-faa5-5174-9acd-237dd9d9fbbf,WALK,30
baafa8c2-3531-5793-a8d3-2c02e302903a,FLY,50
baafa8c2-3531-5793-a8d3-2c02e302903a,WALK,50
6353a56e-4d51-5e4e-9815-7a47498e7ad7,WALK,30
4e972e38-7089-56be-b409-0cba74ef0537,WALK,30
e5e42c51-2f6c-5283-ab41-83068f4a3436,WALK,30
cfcdd6a4-3b89-53a6-9557-d06ca21a1946,SWIM,120
cfcdd6a4-3b89-53a6-9557-d06ca21a1946,WALK,30
51deafbd-8649-5be8-bf4c-ea9984eb00f9,WALK,40
ca4ebfe1-7875-527f-8849-3aed5c7f1257,WALK,20
874246f2-ba2f-5948-add9-e11c8fa60fd9,WALK,30
e9358f36-6ff4-5a72-bd5e-923bc130177c,WALK,30
252f9ded-9b49-5d4d-bda3-d1141e1b97f4,WALK,30
ff734998-0aad-5bc3-b979-d62e50842e2c,WALK,30
2d12f026-9bcb-5cf9-8959-1f5d7d4dfac0,FLY,50
2d12f026-9bcb-5cf9-8959-1f5d7d4dfac0,WALK,30
cac1f74d-45d4-5314-abde-f8386a57304b,CLIMB,40
cac1f74d-45d4-5314-abde-f8386a57304b,WALK,40
4d26569e-6acf-582e-a1b0-d097e477ed7e,WALK,30
63c2085a-f8fb-56a6-bd7a-7ec20b5e0b5d,FLY,30
63c2085a-f8fb-56a6-bd7a-7ec20b5e0b5d,WALK,30
089d2b7c-87b1-5a9e-8561-0997f2e8dadb,FLY,30
089d2b7c-87b1-5a9e-8561-0997f2e8dadb,WALK,30
126bfcc3-bb22-5b98-9d99-805dc5254c26,FLY,30
126bfcc3-bb22-5b98-9d99-805dc5254c26,WALK,30
96eca42e-4260-5e69-b338-c26f8d3774a9,FLY,30
96eca42e-4260-5e69-b338-c26f8d3774a9,WALK,30
b80c26a9-8c68-5c94-b64f-dece51fba485,SWIM,40
b80c26a9-8c68-5c94-b64f-dece51fba485,WALK,10
50655a6b-f693-555d-afa2-b56c6339cb42,SWIM,40
50655a6b-f693-555d-afa2-b56c6339cb42,WALK,10
34afcb0b-0b82-56bb-b819-1efb6a800708,WALK,20
7b9fad12-53c1-5a08-85aa-df75b4b2e3f6,WALK,40
ef32e688-948a-50df-8734-56c6e5720391,WALK,20
74ea9d70-a5a1-5c65-8527-7e786bb6045e,WALK,30
c165fa51-3abd-5b4d-a097-059ffbf588f4,FLY,30
c165fa51-3abd-5b4d-a097-059ffbf588f4,WALK,20
65484791-9b43-5d65-be3b-cbf65b4be9c5,WALK,30
40c86b28-ff23-54d9-9533-80b34fb57638,FLY,90
40c86b28-ff23-54d9-9533-80b34fb57638,WALK,60
5d5a5edf-cbf2-5478-954e-06f2f58313f3,WALK,30
9dd8d1ff-7594-518e-9d12-2b93012eaa10,CLIMB,20
9dd8d1ff-7594-518e-9d12-2b93012eaa10,WALK,20
78c08956-5857-51c0-acfc-26dd812a1909,WALK,40
50b05fc2-5b24-59c4-92c4-6151e86f42ed,FLY,30
50b05fc2-5b24-59c4-92c4-6151e86f42ed,WALK,30
40a2a2bb-0e31-5d7f-a389-5b795ba869a8,WALK,30
d54766b1-f3fe-52d9-8957-55829cd140cc,CLIMB,40
d54766b1-f3fe-52d9-8957-55829cd140cc,WALK,40
61137728-1031-5ab2-961d-cd09da5d24b0,FLY,90
61137728-1031-5ab2-961d-cd09da5d24b0,WALK,60
344e7a03-e20a-5e8f-9d0b-fd14273b2f97,CLIMB,30
344e7a03-e20a-5e8f-9d0b-fd14273b2f97,WALK,30
5a7ebffa-d46d-5348-97b6-74810cf440ab,WALK,30
5fad0893-2721-5e54-87ac-c74595a5a8e1,WALK,30
1f6780e2-633d-523c-9ae4-6f74c4ca04bc,FLY,60
1f6780e2-633d-523c-9ae4-6f74c4ca04bc,WALK,30
d5c41de9-f969-5a3a-a98b-a355fc36b0a4,FLY,120
d5c41de9-f969-5a3a-a98b-a355fc36b0a4,WALK,40
8373949f-5cb1-5479-ba9a-652851ba3ab9,WALK,30
20998135-fcaa-5d94-8d4b-1f95bdecb9c3,WALK,30
6dca46b9-6593-51c7-9bb3-08dbb296e7ca,FLY,60
6dca46b9-6593-51c7-9bb3-08dbb296e7ca,WALK,15
d0069fe4-1f7f-531e-969e-8e9f751cbb02,BURROW,50
d0069fe4-1f7f-531e-969e-8e9f751cbb02,WALK,50
8b4527f2-be0e-54a1-9a38-5c740f5be669,WALK,40
952200fa-a33d-5e9a-9270-d875660a6e4a,WALK,40
91ac15bc-bcfd-57a5-a6c9-e0a4593259ad,CLIMB,30
91ac15bc-bcfd-57a5-a6c9-e0a4593259ad,FLY,60
91ac15bc-bcfd-57a5-a6c9-e0a4593259ad,WALK,30
198505b8-d56a-5b8a-b550-4a85af512f4f,CLIMB,40
198505b8-d56a-5b8a-b550-4a85af512f4f,FLY,80
198505b8-d56a-5b8a-b550-4a85af512f4f,WALK,40
4f4517ac-a1f8-5b81-a64f-553d2b370d77,CLIMB,40
4f4517ac-a1f8-5b81-a64f-553d2b370d77,FLY,80
4f4517ac-a1f8-5b81-a64f-553d2b370d77,WALK,40
ebe3fc0e-b274-5701-bbeb-0eff8a046873,CLIMB,40
ebe3fc0e-b274-5701-bbeb-0eff8a046873,FLY,80
ebe3fc0e-b274-5701-bbeb-0eff8a046873,WALK,40
27b93787-51bc-5b70-930e-905c76c8a861,BURROW,30
27b93787-51bc-5b70-930e-905c76c8a861,WALK,40
49455e6c-0e05-58ae-b3d3-7e8136717b56,FLY,120
49455e6c-0e05-58ae-b3d3-7e8136717b56,WALK,20
0faa36a0-cd97-54ca-936b-233cb939221d,CLIMB,20
0faa36a0-cd97-54ca-936b-233cb939221d,WALK,10
81db1a38-c86f-5383-9ea3-925094ab6155,WALK,40
0de28e84-86cb-5d90-a0c8-2a51bfde1bf0,SWIM,40
0de28e84-86cb-5d90-a0c8-2a51bfde1bf0,WALK,30
255b5979-9d43-563c-804f-8340c1756bdf,CLIMB,30
255b5979-9d43-563c-804f-8340c1756bdf,WALK,30
46418783-34e1-56d9-9051-06a8cb946379,WALK,40
872c883b-3192-5833-8111-b9170e159574,WALK,30
55029c8d-41ca-5898-b5bc-694c22431b93,SWIM,40
55029c8d-41ca-5898-b5bc-694c22431b93,WALK,30
be513016-5033-51e9-a25d-d88133e41410,WALK,40
8797172f-e535-53b2-b92a-51c9f014bb9c,SWIM,20
8797172f-e535-53b2-b92a-51c9f014bb9c,WALK,30
e7044c07-d8e9-5da2-9307-aa80a82b2b84,WALK,30
22b5678b-8fa5-5a6d-a7ec-bbe215df3d46,FLY,60
22b5678b-8fa5-5a6d-a7ec-bbe215df3d46,WALK,30
ff19a367-ce85-57fd-87fa-8ce112039f79,FLY,80
ff19a367-ce85-57fd-87fa-8ce112039f79,WALK,40
572aabd0-686e-5187-b72d-e9db3add7d7f,FLY,80
572aabd0-686e-5187-b72d-e9db3add7d7f,WALK,40
61648b56-7b1e-50fb-9133-05264fd470c1,FLY,80
61648b56-7b1e-50fb-9133-05264fd470c1,WALK,40
b925d03e-b635-5ff4-9a3a-55714f3801c8,WALK,30
3894e974-6a37-5fe6-819f-34607281077b,WALK,60
d6690be2-fe5d-5181-b5a2-a70d2f078524,WALK,40
88e30d20-5c53-5362-ac06-23372004dcc2,FLY,150
88e30d20-5c53-5362-ac06-23372004dcc2,WALK,50
762c4171-6477-5706-b8ef-2d1882f9f0e7,FLY,50
762c4171-6477-5706-b8ef-2d1882f9f0e7,WALK,30
d9fa6de6-609b-500a-b12b-5d6facdc2db1,FLY,40
d9fa6de6-609b-500a-b12b-5d6facdc2db1,WALK,20
e9b8bfaa-6730-5da9-a123-2ddc61ee9887,FLY,60
e9b8bfaa-6730-5da9-a123-2ddc61ee9887,WALK,40
5df859a8-4247-5372-811b-304e3921ff11,FLY,60
5df859a8-4247-5372-811b-304e3921ff11,WALK,40
7b035506-c08d-5e3b-9953-a27493b96e96,WALK,40
dccc7c87-4681-5bac-9350-568e1c76e937,FLY,40
dccc7c87-4681-5bac-9350-568e1c76e937,WALK,10
d66a8a58-b0c8-5f08-9ba5-db64b48dbb42,CLIMB,30
d66a8a58-b0c8-5f08-9ba5-db64b48dbb42,WALK,30
92b71b91-ac6b-56d5-9de7-1eaff99c446c,FLY,40
92b71b91-ac6b-56d5-9de7-1eaff99c446c,WALK,10
a1bfe89a-4d20-5fcb-a3b4-bb3fee18ae2f,WALK,40
1e3d7463-9156-5de7-817a-663e0cbf79d2,WALK,30
2befbad5-fc44-5196-925e-4aef0bc84a75,FLY,25
2befbad5-fc44-5196-925e-4aef0bc84a75,SWIM,50
2befbad5-fc44-5196-925e-4aef0bc84a75,WALK,50
578daa8d-fc6b-5da1-a52f-fbc8b4d7ad22,FLY,60
578daa8d-fc6b-5da1-a52f-fbc8b4d7ad22,WALK,30
f01dc9ea-555e-51ff-a7f2-16d629f7d3e9,BURROW,40
f01dc9ea-555e-51ff-a7f2-16d629f7d3e9,CLIMB,60
f01dc9ea-555e-51ff-a7f2-16d629f7d3e9,WALK,60
2845034d-f87a-5f06-98f4-7f54ae895d41,WALK,30
3adcd839-4f14-5e6a-9ab4-62c8caf3d88f,WALK,30
3a69541d-4ed4-56ef-9073-e768c6bf7342,WALK,30
ae1563c8-0adc-544e-9f82-5da6cab34c17,WALK,30
b1e3b533-ce3e-576e-b98e-4cdebe94d7d8,WALK,20
631e533d-18b2-5a2f-8152-df17a92aea99,WALK,50
f022f9a7-af46-5251-9eac-b532ad6704b2,CLIMB,30
f022f9a7-af46-5251-9eac-b532ad6704b2,WALK,30
a628dc90-421d-5cd7-9394-f11ac9684481,WALK,30
3a4c6071-45ce-544b-821c-32fa7b1db427,CLIMB,40
3a4c6071-45ce-544b-821c-32fa7b1db427,WALK,40
069c23dc-d371-5360-9dcf-9567d7805c65,FLY,60
069c23dc-d371-5360-9dcf-9567d7805c65,WALK,40
f04ea9d0-7d55-593a-a41b-6fbb5299b577,WALK,30
190080e5-e870-55e0-ae7c-3badbf73ad9f,WALK,30
3840708e-43c7-5649-a63f-c2fc7a0494c8,SWIM,90
3840708e-43c7-5649-a63f-c2fc7a0494c8,WALK,30
f657ecb2-3549-5870-ba69-ba43eb1f9027,CLIMB,30
f657ecb2-3549-5870-ba69-ba43eb1f9027,WALK,30
d1c9c99f-7203-5a69-af2b-4eeb0ad7af06,WALK,30
cfa2ae81-694d-54b1-90f4-3f0ee7b7527c,CLIMB,30
cfa2ae81-694d-54b1-90f4-3f0ee7b7527c,WALK,30
115165f3-4b3a-5dc8-ac74-cca8c02719c9,WALK,30
4bad1953-be71-5018-bd30-ea4581d113bf,WALK,30
e50a506e-d3b7-5d24-926e-e81e7546358d,BURROW,15
e50a506e-d3b7-5d24-926e-e81e7546358d,FLY,60
e50a506e-d3b7-5d24-926e-e81e7546358d,SWIM,30
e50a506e-d3b7-5d24-926e-e81e7546358d,WALK,30
c5ae861c-ca16-5751-99f3-1cb1b5b4f951,BURROW,20
c5ae861c-ca16-5751-99f3-1cb1b5b4f951,FLY,80
c5ae861c-ca16-5751-99f3-1cb1b5b4f951,SWIM,40
c5ae861c-ca16-5751-99f3-1cb1b5b4f951,WALK,40
42038caa-5299-5640-82b9-c0d6785a5f3a,BURROW,30
42038caa-5299-5640-82b9-c0d6785a5f3a,FLY,80
42038caa-5299-5640-82b9-c0d6785a5f3a,SWIM,40
42038caa-5299-5640-82b9-c0d6785a5f3a,WALK,40
19675f2e-3466-545b-9347-ade58f3b61ff,BURROW,40
19675f2e-3466-545b-9347-ade58f3b61ff,FLY,80
19675f2e-3466-545b-9347-ade58f3b61ff,SWIM,40
19675f2e-3466-545b-9347-ade58f3b61ff,WALK,40
a3d10ca4-e168-5342-b4d0-29abb40fb585,WALK,30
a8a4704e-9528-54ea-8d2f-a56a6500efd9,FLY,50
a8a4704e-9528-54ea-8d2f-a56a6500efd9,WALK,5
3d4115f7-a6b5-52db-be98-72f701a51c56,WALK,50
63f5ecf2-41ea-5191-bc47-dd0ff4d10b69,WALK,50
2cfb606a-60ec-5937-8db4-7d404c2234dc,FLY,60
2cfb606a-60ec-5937-8db4-7d404c2234dc,WALK,5
437386d3-ad75-5add-b93c-95e08194955b,FLY,80
437386d3-ad75-5add-b93c-95e08194955b,WALK,30
940db73c-b87a-5957-b362-4dd008a8f48e,BURROW,20
940db73c-b87a-5957-b362-4dd008a8f48e,WALK,20
16a54f39-cfd0-537b-b00e-9f569df859f9,WALK,20
ff5d8236-515f-5ded-abaa-8977de7c767a,WALK,30
92704688-06ee-5568-8d8d-f96236d31913,WALK,60
18edc8a1-a7f7-5c04-a2f5-5d6ac7ff11d3,WALK,30
0f40b883-5a58-5794-b906-82035d172021,CLIMB,30
0f40b883-5a58-5794-b906-82035d172021,WALK,30
e22efba4-26f1-54a0-b7c4-4ff7bc0ab9ce,SWIM,80
e22efba4-26f1-54a0-b7c4-4ff7bc0ab9ce,WALK,20
4d838837-aedb-548e-9e93-b49886272f9a,CLIMB,30
4d838837-aedb-548e-9e93-b49886272f9a,WALK,30
3704d23d-4c5e-55dc-84eb-a74e032a47e3,BURROW,5
3704d23d-4c5e-55dc-84eb-a74e032a47e3,WALK,20
7e669169-90c6-5e3e-b505-9e4ff1e037bb,FLY,30
7e669169-90c6-5e3e-b505-9e4ff1e037bb,WALK,5
e8fa0610-fcd4-578b-a004-9b02f3e12e79,CLIMB,30
e8fa0610-fcd4-578b-a004-9b02f3e12e79,SWIM,30
e8fa0610-fcd4-578b-a004-9b02f3e12e79,WALK,30
fbf352de-cd2c-5bff-9e7d-2a8484f77e27,FLY,60
fbf352de-cd2c-5bff-9e7d-2a8484f77e27,WALK,10
dba98ca4-777a-5292-9627-6dc3d8329dfa,WALK,40
8ad6b35d-fff5-56c8-baca-948e73b089d6,CLIMB,30
8ad6b35d-fff5-56c8-baca-948e73b089d6,WALK,40
b6f94207-b056-56fd-9747-762bbe4f62d1,WALK,50
e183bc79-04bb-5372-9169-b047f0e7fcd6,CLIMB,40
e183bc79-04bb-5372-9169-b047f0e7fcd6,WALK,40
8ee1744b-2bf5-5117-9808-7ac72a68ca02,SWIM,30
8ee1744b-2bf5-5117-9808-7ac72a68ca02,WALK,30
4d370c01-4309-5e7d-a5d9-d51320c84a17,SWIM,20
4d370c01-4309-5e7d-a5d9-d51320c84a17,WALK,20
2b88b661-117c-51b2-8b74-279854c1b565,SWIM,30
2b88b661-117c-51b2-8b74-279854c1b565,WALK,20
027e374f-1431-505c-8ca2-061b30f0a547,WALK,50
581ffc25-bb48-5abb-8d11-a0fd283cdd51,WALK,50
15ef5b28-bc68-50f0-844f-48a1fa78e40b,WALK,40
bd286536-4c3c-53bc-bc3f-d62098bdc7c5,FLY,60
bd286536-4c3c-53bc-bc3f-d62098bdc7c5,WALK,10
77d8fc42-d344-5b9c-804d-aac44d28e38c,WALK,40
4d0cc8d8-ecf9-56dd-9ede-83defb697727,WALK,50
a3920a7b-d766-5442-b584-de6729fc059b,FLY,60
a3920a7b-d766-5442-b584-de6729fc059b,SWIM,30
a3920a7b-d766-5442-b584-de6729fc059b,WALK,30
7a085fe5-878b-56af-a2e9-3f0fb62efc2d,SWIM,20
7a085fe5-878b-56af-a2e9-3f0fb62efc2d,WALK,20
c3c4447d-d53b-54e0-849b-acea0f269941,CLIMB,40
c3c4447d-d53b-54e0-849b-acea0f269941,WALK,40
460f5a70-c348-5f39-92f1-37f1daea128f,BURROW,10
460f5a70-c348-5f39-92f1-37f1daea128f,WALK,30
f6e2ab23-a44c-5809-8a57-569bf87665ab,FLY,60
f6e2ab23-a44c-5809-8a57-569bf87665ab,WALK,10
e0b6604b-fd2e-54cd-bd8b-8a7238ef5e58,WALK,40
d06d792a-0b72-5500-97c2-7a2734774638,CLIMB,30
d06d792a-0b72-5500-97c2-7a2734774638,WALK,30
75955c5b-486d-587d-b3a3-c3093ac273bf,SWIM,30
75955c5b-486d-587d-b3a3-c3093ac273bf,WALK,30
d87be2e4-fb8e-5dd5-a4e7-76df0b0d9cad,SWIM,30
d87be2e4-fb8e-5dd5-a4e7-76df0b0d9cad,WALK,30
478baab9-87bd-546b-8fcf-ad8da7d9d1fd,SWIM,50
478baab9-87bd-546b-8fcf-ad8da7d9d1fd,WALK,30
913450cc-5e2c-5fb3-8705-5128e36f9efd,FLY,80
913450cc-5e2c-5fb3-8705-5128e36f9efd,WALK,10
2d5e9b1e-44d6-5725-bd4e-fb25c296e462,WALK,60
6564e3d3-b0c6-5412-b3d6-cf949797b340,CLIMB,30
6564e3d3-b0c6-5412-b3d6-cf949797b340,WALK,30
3aa55d3f-d417-5980-9403-85590374a7cd,SWIM,30
3aa55d3f-d417-5980-9403-85590374a7cd,WALK,30
6973e0ef-9840-5b46-8352-b6ce443262b8,CLIMB,30
6973e0ef-9840-5b46-8352-b6ce443262b8,WALK,40
aabb5741-b2ed-53fb-90c9-194eef10f36c,WALK,50
1058ea9a-cdae-5a42-9cd6-426cacacd53a,CLIMB,40
1058ea9a-cdae-5a42-9cd6-426cacacd53a,WALK,40
46ff34df-1bd3-5e91-a2bd-37960bea0a03,SWIM,60
46ff34df-1bd3-5e91-a2bd-37960bea0a03,WALK,10
475622ca-91c4-5069-99b6-59d4f6faae01,FLY,60
475622ca-91c4-5069-99b6-59d4f6faae01,WALK,5
24f1f770-8a07-548a-9483-3a4a57422c30,CLIMB,30
24f1f770-8a07-548a-9483-3a4a57422c30,WALK,30
4e913c2b-f884-5a7a-ba94-822c8cd7f92f,WALK,40
26091374-ee53-598e-ab79-2a30627828fd,SWIM,40
26091374-ee53-598e-ab79-2a30627828fd,WALK,5
b781341f-53df-5351-adce-594339b75a60,SWIM,60
b781341f-53df-5351-adce-594339b75a60,WALK,5
8c3e18e9-fa7a-596d-8eab-eaa84a7a46cc,CLIMB,30
8c3e18e9-fa7a-596d-8eab-eaa84a7a46cc,WALK,30
f45f554c-214e-58ac-8db3-7023bf6d0dba,SWIM,30
f45f554c-214e-58ac-8db3-7023bf6d0dba,WALK,30
611baf20-2499-5435-b163-35f131e23f34,SWIM,40
611baf20-2499-5435-b163-35f131e23f34,WALK,40
1a4f6c0f-9861-5eea-8341-245614a44a1d,FLY,60
1a4f6c0f-9861-5eea-8341-245614a44a1d,WALK,10
e948d696-8fc3-5c95-83a5-be3bda6d269f,FLY,50
e948d696-8fc3-5c95-83a5-be3bda6d269f,WALK,10
ea14d920-c245-5a0a-9c31-5d070a772f22,CLIMB,30
ea14d920-c245-5a0a-9c31-5d070a772f22,WALK,40
86f4e1dc-af44-5df4-af07-38e16b0d42e5,CLIMB,40
86f4e1dc-af44-5df4-af07-38e16b0d42e5,WALK,40
0995e01e-9ad2-5e88-91e1-4d1256c81e0d,CLIMB,30
0995e01e-9ad2-5e88-91e1-4d1256c81e0d,WALK,40
1d5fb367-861f-55a2-a0ee-17f5ee5601ab,FLY,60
1d5fb367-861f-55a2-a0ee-17f5ee5601ab,WALK,10
b094039b-a035-5218-9193-3313936b8be7,SWIM,30
b094039b-a035-5218-9193-3313936b8be7,WALK,30
905752d8-88ea-59fe-ac62-39fff35f001a,SWIM,40
905752d8-88ea-59fe-ac62-39fff35f001a,WALK,5
5aada601-7d74-5733-8653-303c5fc96510,WALK,50
7cd129fc-6030-5d4d-8759-74aa10517bce,WALK,40
65fde1c1-a4d6-5b21-b3f0-16725f2dd652,SWIM,60
65fde1c1-a4d6-5b21-b3f0-16725f2dd652,WALK,5
e9b826a1-4493-5478-8912-f83e238b3ae6,WALK,50
8cab57c1-6781-50af-a20b-ae3413d3e924,CLIMB,20
8cab57c1-6781-50af-a20b-ae3413d3e924,WALK,20
6d01b2f9-9ed2-5558-9bba-9a8b8dee6bcf,WALK,50
6f0d4325-784e-5e2f-bd7d-e3efc43aebb8,WALK,40
934e95a7-8cdd-5c98-80c4-5623992c89f2,WALK,40
d895b410-3c8d-5f9e-9b45-9bab36bc9df4,SWIM,30
d895b410-3c8d-5f9e-9b45-9bab36bc9df4,WALK,5
3f8711de-c48a-5113-86be-61a2583856a5,FLY,60
3f8711de-c48a-5113-86be-61a2583856a5,WALK,5
176f343f-7358-51f3-8a54-73b194b6f168,CLIMB,40
176f343f-7358-51f3-8a54-73b194b6f168,WALK,50
c80fb495-a4ab-524c-bc2a-475519780036,SWIM,40
c80fb495-a4ab-524c-bc2a-475519780036,WALK,5
2240fe73-1e5f-5b5a-8112-15617be27359,SWIM,40
2240fe73-1e5f-5b5a-8112-15617be27359,WALK,20
7b750e4f-bccc-5fed-9d8d-7043cd090cf7,SWIM,40
7b750e4f-bccc-5fed-9d8d-7043cd090cf7,WALK,40
3130cd14-8986-5456-8043-0704dd099eca,WALK,40
6edf1244-0ae3-5af0-8214-039bd1eefd77,FLY,60
6edf1244-0ae3-5af0-8214-039bd1eefd77,WALK,10
11d65c3a-8e54-5952-a6f2-eaff28758666,CLIMB,20
11d65c3a-8e54-5952-a6f2-eaff28758666,WALK,20
bc1b97fc-ee6e-5f56-9863-a8576a568f73,FLY,50
bc1b97fc-ee6e-5f56-9863-a8576a568f73,WALK,10
94f473e4-9727-5279-8e28-ebe6374c7b99,SWIM,30
94f473e4-9727-5279-8e28-ebe6374c7b99,WALK,5
3116d113-feaf-5d6f-8152-d505e34c75c2,WALK,40
8fc2a5bc-ab2a-53db-a7a3-d54a3082ac46,WALK,60
6df7e48c-594b-55b7-b782-126e1cd6fe9a,WALK,40
409b626c-a75e-5477-94b8-89e30104c5ca,WALK,10
5a27e7b0-f4c5-5273-b30c-99cf462c5123,SWIM,20
5a27e7b0-f4c5-5273-b30c-99cf462c5123,WALK,5
6c1110ac-9efe-5ff8-9315-65bc7c24604a,CLIMB,20
6c1110ac-9efe-5ff8-9315-65bc7c24604a,WALK,20
f23951e9-2ae5-5d59-a8b4-8645656eaf73,FLY,30
f23951e9-2ae5-5d59-a8b4-8645656eaf73,WALK,5
f97ba6a3-9c10-5b80-bc82-c1fb06994232,FLY,20
f97ba6a3-9c10-5b80-bc82-c1fb06994232,WALK,20
362e7590-8cfd-5e25-bb73-34828a95590c,SWIM,40
362e7590-8cfd-5e25-bb73-34828a95590c,WALK,5
ce08d39e-2494-5328-a263-7a6dc8e07f2c,CLIMB,30
ce08d39e-2494-5328-a263-7a6dc8e07f2c,WALK,30
6e849023-f3fc-53f6-8107-6a55a13fad07,FLY,50
6e849023-f3fc-53f6-8107-6a55a13fad07,WALK,10
1e267715-ad40-55b3-b727-2a0924acb21c,SWIM,30
1e267715-ad40-55b3-b727-2a0924acb21c,WALK,30
ecf3b3c2-b07f-5486-8d88-519737f4208e,WALK,40
f02fd4c3-44f5-5c10-b8e7-13c81ea54fd6,WALK,50
eebe064b-8aed-5057-a70d-49e7f7c9d6d6,WALK,50
5b5d0992-3c70-5aba-80cd-02726d16b5b5,SWIM,30
5b5d0992-3c70-5aba-80cd-02726d16b5b5,WALK,30
9e04b05d-88ba-586f-ac51-c0251d7ad6af,FLY,50
9e04b05d-88ba-586f-ac51-c0251d7ad6af,WALK,10
ece6832f-59fc-5097-b4e4-8be81a97246e,WALK,60
652faf9a-811c-5562-8d03-4bf487a694de,CLIMB,30
652faf9a-811c-5562-8d03-4bf487a694de,WALK,30
5bf3ee90-3414-50f4-a444-904ba1153aab,WALK,40
