id,created_at,updated_at,version,effect_id,target,mode,amount,dice_count,dice_faces,dice_bonus,dice_average,ability,damage_type,gate,duration_amount,duration_unit,removed_by,destroyed_at
a8e721c6-6110-5922-96bc-5f161a331a6b,2026-09-08T00:00:00,2026-09-08T00:00:00,0,fb42a379-ffe5-55e4-9f55-ae897797ee16,SAVING_THROW,AUTO_SUCCEED,NULL,NULL,NULL,NULL,NULL,NULL,NULL,"on a failed save, before the outcome is applied",NULL,NULL,NULL,NULL
6249218e-dad7-565a-bb87-0c92e64fd820,2026-09-08T00:00:00,2026-09-08T00:00:00,0,ef598311-dcb2-51d2-96e2-fb7cc4949663,SAVING_THROW,AUTO_SUCCEED,NULL,NULL,NULL,NULL,NULL,NULL,NULL,"on a failed save, before the outcome is applied",NULL,NULL,NULL,NULL
13dbba0d-1291-5df7-a23d-1204599645a5,2026-09-08T00:00:00,2026-09-08T00:00:00,0,b6e9b65c-8c45-5b6b-a4ec-ce493cdae0fc,SAVING_THROW,ADVANTAGE,NULL,NULL,NULL,NULL,NULL,NULL,NULL,NULL,NULL,NULL,NULL,NULL
e013e24b-e196-5764-90f5-9ce48543595e,2026-09-08T00:00:00,2026-09-08T00:00:00,0,594eeee2-9c3e-5d76-8b65-36770d77e46e,REACTION,DENY,NULL,NULL,NULL,NULL,NULL,NULL,NULL,NULL,NULL,NULL,NULL,NULL
8ff91d44-9f03-5663-b32e-3bc2850425a7,2026-09-08T00:00:00,2026-09-08T00:00:00,0,4afc3f76-c796-5a50-9790-e886d859e7e8,ARMOR_CLASS,BONUS,2,NULL,NULL,NULL,NULL,NULL,NULL,NULL,NULL,NULL,NULL,NULL
0b01810c-f8db-5c4b-92cc-706ccfe3d180,2026-09-08T00:00:00,2026-09-08T00:00:00,0,f3fa2dc2-00e2-5b91-8b0b-ad8440506f1b,SAVING_THROW,ADVANTAGE,NULL,NULL,NULL,NULL,NULL,NULL,NULL,NULL,NULL,NULL,NULL,NULL
132818c1-ab06-52f3-95ac-81db780d618e,2026-09-08T00:00:00,2026-09-08T00:00:00,0,424fcb56-e0ea-57a3-bb8e-4379b583cc8d,SAVING_THROW,ADVANTAGE,NULL,NULL,NULL,NULL,NULL,NULL,NULL,NULL,NULL,NULL,NULL,NULL
50e57271-7472-50be-b3c2-bee4c9dda820,2026-09-08T00:00:00,2026-09-08T00:00:00,0,cb832eb6-0a0f-5ff8-8bcd-ef9e0f1a55d7,ATTACK_ROLL,ADVANTAGE,NULL,NULL,NULL,NULL,NULL,NULL,NULL,NULL,NULL,NULL,NULL,NULL
29180ff9-e1cd-5b77-89f7-e54ddfce52e4,2026-09-08T00:00:00,2026-09-08T00:00:00,0,81055aa3-ae3e-591b-b63a-e7fe095194d8,SAVING_THROW,AUTO_SUCCEED,NULL,NULL,NULL,NULL,NULL,NULL,NULL,"on a failed save, before the outcome is applied",NULL,NULL,NULL,NULL
88c6e96a-4359-51c8-9966-7c416598509b,2026-09-08T00:00:00,2026-09-08T00:00:00,0,4079c9a6-eec5-5f57-9b74-13a36084d11b,SAVING_THROW,DISADVANTAGE,NULL,NULL,NULL,NULL,NULL,NULL,NULL,NULL,1,ROUND,NULL,NULL
cd1d0019-7fc7-5425-86a6-156d208ce988,2026-09-08T00:00:00,2026-09-08T00:00:00,0,dc4ae1c2-cf66-5a99-8160-85e91c0482c9,SAVING_THROW,AUTO_SUCCEED,NULL,NULL,NULL,NULL,NULL,NULL,NULL,"on a failed save, before the outcome is applied",NULL,NULL,NULL,NULL
38cb49cd-a1cd-506f-a143-97a5235b2990,2026-09-08T00:00:00,2026-09-08T00:00:00,0,ffea114a-ad2b-59a7-9318-f9605c865369,SAVING_THROW,DISADVANTAGE,NULL,NULL,NULL,NULL,NULL,NULL,NULL,NULL,1,ROUND,NULL,NULL
d3546abc-25e6-5d5f-bb11-434016aeda2a,2026-09-08T00:00:00,2026-09-08T00:00:00,0,d7f2760c-6c5f-565e-98b3-365eda23a002,ITEM_ATTACK_ROLL,BONUS,-1,NULL,NULL,NULL,NULL,NULL,NULL,NULL,NULL,NULL,Mending,-5
2933a012-5a75-5ba4-8ccc-8b797d943932,2026-09-08T00:00:00,2026-09-08T00:00:00,0,900da1a6-f173-5403-a2ef-c08711ab0cb4,ITEM_ARMOR_CLASS,BONUS,-1,NULL,NULL,NULL,NULL,NULL,NULL,NULL,NULL,NULL,Mending,10
a1d36909-3365-52cb-96ca-39a9477d35b4,2026-09-08T00:00:00,2026-09-08T00:00:00,0,900da1a6-f173-5403-a2ef-c08711ab0cb4,ITEM_ATTACK_ROLL,BONUS,-1,NULL,NULL,NULL,NULL,NULL,NULL,NULL,NULL,NULL,Mending,-5
2688ebdd-c7d6-5c3b-9461-ff7812f0633b,2026-09-08T00:00:00,2026-09-08T00:00:00,0,5cbc2036-19ae-5676-b7d1-6a505f4e420c,SAVING_THROW,AUTO_SUCCEED,NULL,NULL,NULL,NULL,NULL,NULL,NULL,"on a failed save, before the outcome is applied",NULL,NULL,NULL,NULL
395e1c85-fb85-510a-8d19-563a72aa8e0a,2026-09-08T00:00:00,2026-09-08T00:00:00,0,db7cdb61-8dd7-5069-9f35-6eda27f29b05,SAVING_THROW,AUTO_SUCCEED,NULL,NULL,NULL,NULL,NULL,NULL,NULL,"on a failed save, before the outcome is applied",NULL,NULL,NULL,NULL
f9bd07c3-0b42-5332-834a-d89bfb44bbb4,2026-09-08T00:00:00,2026-09-08T00:00:00,0,28dcc6e1-d793-5e3f-86c2-56f40ccf0e29,SAVING_THROW,ADVANTAGE,NULL,NULL,NULL,NULL,NULL,NULL,NULL,NULL,NULL,NULL,NULL,NULL
77d5ee49-8ad7-5087-b61c-88b355b0f293,2026-09-08T00:00:00,2026-09-08T00:00:00,0,cadb7999-b2de-58a2-8a1d-80867f9dea4b,SAVING_THROW,AUTO_SUCCEED,NULL,NULL,NULL,NULL,NULL,NULL,NULL,"on a failed save, before the outcome is applied",NULL,NULL,NULL,NULL
8956d824-ef60-5dc8-9806-c4314f82a7fa,2026-09-08T00:00:00,2026-09-08T00:00:00,0,7682231c-f71b-58b0-bc85-0ced4535429e,SPEED,HALVE,NULL,NULL,NULL,NULL,NULL,NULL,NULL,NULL,1,ROUND,NULL,NULL
cbe20877-2499-570f-bcfd-212487687d25,2026-09-08T00:00:00,2026-09-08T00:00:00,0,2fd3e297-5ec2-576f-bf53-7520b29c1ba5,SAVING_THROW,AUTO_SUCCEED,NULL,NULL,NULL,NULL,NULL,NULL,NULL,"on a failed save, before the outcome is applied",NULL,NULL,NULL,NULL
32f3caf2-3ccb-5811-a7ce-84d6f518d4e2,2026-09-08T00:00:00,2026-09-08T00:00:00,0,d3e14e8e-4984-59e0-8e02-14cce16ade6f,SPEED,HALVE,NULL,NULL,NULL,NULL,NULL,NULL,NULL,NULL,1,ROUND,NULL,NULL
f84ccfeb-3490-5f62-ad76-1e82ad7e73e0,2026-09-08T00:00:00,2026-09-08T00:00:00,0,a3a24730-9043-52d2-a88b-74cecd1e9a73,SAVING_THROW,AUTO_SUCCEED,NULL,NULL,NULL,NULL,NULL,NULL,NULL,"on a failed save, before the outcome is applied",NULL,NULL,NULL,NULL
96932411-9435-53da-ab89-60cb28d144c2,2026-09-08T00:00:00,2026-09-08T00:00:00,0,a8885f93-2f8d-51aa-b727-a18e2ebff60e,SAVING_THROW,AUTO_SUCCEED,NULL,NULL,NULL,NULL,NULL,NULL,NULL,"on a failed save, before the outcome is applied",NULL,NULL,NULL,NULL
33addeb8-bc79-508a-aee7-909a35113836,2026-09-08T00:00:00,2026-09-08T00:00:00,0,113c2539-3c1b-5330-80a2-2563607c4560,SAVING_THROW,ADVANTAGE,NULL,NULL,NULL,NULL,NULL,NULL,NULL,NULL,NULL,NULL,NULL,NULL
97db76fc-8a8d-5090-9113-0d067b878d23,2026-09-08T00:00:00,2026-09-08T00:00:00,0,48a7ce16-dde0-5ac0-b66b-b56ccd38aaa7,SAVING_THROW,ADVANTAGE,NULL,NULL,NULL,NULL,NULL,NULL,NULL,NULL,NULL,NULL,NULL,NULL
05c6ff41-50d0-54e8-b3fe-22f72a8668f8,2026-09-08T00:00:00,2026-09-08T00:00:00,0,32f08539-a992-5020-b54b-497ff5e62f0f,HIT_POINT_MAXIMUM,BONUS,NULL,NULL,NULL,NULL,NULL,NULL,NULL,by the damage taken,NULL,NULL,NULL,NULL
1cca8bbe-517e-5a55-b60a-bdf3d2c2a418,2026-09-08T00:00:00,2026-09-08T00:00:00,0,4b003a6d-099e-5a5c-8017-1ead6afdccad,ATTACK_ROLL,DISADVANTAGE,NULL,NULL,NULL,NULL,NULL,NULL,NULL,NULL,NULL,NULL,NULL,NULL
24d013ba-91e0-542a-917a-5de275fda38c,2026-09-08T00:00:00,2026-09-08T00:00:00,0,d59b2508-5141-5159-8c52-90fa9da73e3b,SPEED,HALVE,NULL,NULL,NULL,NULL,NULL,NULL,NULL,NULL,1,ROUND,NULL,NULL
78db38c3-de04-5a94-853e-947d45a38711,2026-09-08T00:00:00,2026-09-08T00:00:00,0,d59b2508-5141-5159-8c52-90fa9da73e3b,REACTION,DENY,NULL,NULL,NULL,NULL,NULL,NULL,NULL,NULL,1,ROUND,NULL,NULL
7771979e-15bb-5b89-9a7c-b6a0fb98f58b,2026-09-08T00:00:00,2026-09-08T00:00:00,0,20e1c806-ffc2-5f19-b7e2-c138b9002fcd,SPEED,HALVE,NULL,NULL,NULL,NULL,NULL,NULL,NULL,NULL,1,ROUND,NULL,NULL
72c754a3-dc09-5bae-aa03-463835891f85,2026-09-08T00:00:00,2026-09-08T00:00:00,0,20e1c806-ffc2-5f19-b7e2-c138b9002fcd,REACTION,DENY,NULL,NULL,NULL,NULL,NULL,NULL,NULL,NULL,1,ROUND,NULL,NULL
dbb52f41-782b-58e8-929c-6b6301df1179,2026-09-08T00:00:00,2026-09-08T00:00:00,0,82172895-760b-5d5f-b4d9-2a87a5b8e803,SAVING_THROW,AUTO_SUCCEED,NULL,NULL,NULL,NULL,NULL,NULL,NULL,"on a failed save, before the outcome is applied",NULL,NULL,NULL,NULL
266d218d-d8aa-5ab4-ace5-81a7e4c6ea0d,2026-09-08T00:00:00,2026-09-08T00:00:00,0,ca88ec34-aecb-582e-93f7-f4b309d7d831,SPEED,HALVE,NULL,NULL,NULL,NULL,NULL,NULL,NULL,NULL,1,ROUND,NULL,NULL
9464350f-70e0-536e-93c7-5822f54c1221,2026-09-08T00:00:00,2026-09-08T00:00:00,0,ca88ec34-aecb-582e-93f7-f4b309d7d831,REACTION,DENY,NULL,NULL,NULL,NULL,NULL,NULL,NULL,NULL,1,ROUND,NULL,NULL
0cf35eac-b6fb-5774-93b2-213ee620a1e3,2026-09-08T00:00:00,2026-09-08T00:00:00,0,9ef51168-d134-5b2d-bab1-d9bb7b42b152,SAVING_THROW,AUTO_SUCCEED,NULL,NULL,NULL,NULL,NULL,NULL,NULL,"on a failed save, before the outcome is applied",NULL,NULL,NULL,NULL
d05e573c-fe14-5538-88bf-e4c5c292d889,2026-09-08T00:00:00,2026-09-08T00:00:00,0,56ea884d-2088-50b4-9fd3-7b0c452f1df9,SPEED,HALVE,NULL,NULL,NULL,NULL,NULL,NULL,NULL,NULL,1,ROUND,NULL,NULL
ee8489d8-8ba1-5a27-a6f4-94e1f11592b6,2026-09-08T00:00:00,2026-09-08T00:00:00,0,56ea884d-2088-50b4-9fd3-7b0c452f1df9,REACTION,DENY,NULL,NULL,NULL,NULL,NULL,NULL,NULL,NULL,1,ROUND,NULL,NULL
3b0ce459-ba3b-54ee-8523-d239b73ebb82,2026-09-08T00:00:00,2026-09-08T00:00:00,0,e9a24f88-e090-5cf5-82e5-fe9d006dc406,ATTACK_ROLL,ADVANTAGE,NULL,NULL,NULL,NULL,NULL,NULL,NULL,NULL,NULL,NULL,NULL,NULL
1d0c9267-e95b-54e0-bef4-213bbe7b51f2,2026-09-08T00:00:00,2026-09-08T00:00:00,0,13396705-71e8-5278-b8de-15be22bffe34,HIT_POINT_MAXIMUM,BONUS,NULL,NULL,NULL,NULL,NULL,NULL,NULL,by the damage taken,NULL,NULL,NULL,NULL
2384c419-f886-5c5e-8578-91acb881049a,2026-09-08T00:00:00,2026-09-08T00:00:00,0,6b4e5602-7f23-55a8-a9df-6a1e7ac38e35,SAVING_THROW,ADVANTAGE,NULL,NULL,NULL,NULL,NULL,NULL,NULL,NULL,NULL,NULL,NULL,NULL
7da05693-6e7f-5196-b3ed-cc8a73b2bb8a,2026-09-08T00:00:00,2026-09-08T00:00:00,0,6bcc1fc8-2f1a-5a78-b2b7-9257815a917a,SAVING_THROW,ADVANTAGE,NULL,NULL,NULL,NULL,NULL,NULL,NULL,NULL,NULL,NULL,NULL,NULL
8be4770b-0736-52ba-8d6e-aa72791d1d4e,2026-09-08T00:00:00,2026-09-08T00:00:00,0,ea4c00c3-a1ce-513a-ba37-7a0d9590d5a4,REACTION,DENY,NULL,NULL,NULL,NULL,NULL,NULL,NULL,NULL,1,ROUND,NULL,NULL
ed9718ae-861e-5ca7-a369-a886bd250efc,2026-09-08T00:00:00,2026-09-08T00:00:00,0,4ae0271e-4e54-50cf-98d3-e08147848796,ATTACK_ROLL,DISADVANTAGE,NULL,NULL,NULL,NULL,NULL,NULL,NULL,NULL,NULL,NULL,NULL,NULL
8e73ce52-c887-502f-9acd-fe64eba98bf4,2026-09-08T00:00:00,2026-09-08T00:00:00,0,838e060d-c1ba-5b4f-ab11-16e72df79f79,SAVING_THROW,ADVANTAGE,NULL,NULL,NULL,NULL,NULL,NULL,NULL,NULL,NULL,NULL,NULL,NULL
0b308724-9368-5325-b424-3f27b968fdfc,2026-09-08T00:00:00,2026-09-08T00:00:00,0,075743a6-3c60-5669-a069-f671c359ba89,SAVING_THROW,ADVANTAGE,NULL,NULL,NULL,NULL,NULL,NULL,NULL,NULL,NULL,NULL,NULL,NULL
d3bc3997-08fe-51a8-a099-1a4eed19d540,2026-09-08T00:00:00,2026-09-08T00:00:00,0,07947d0e-2449-5d27-9dee-29cd46ce0e46,SAVING_THROW,ADVANTAGE,NULL,NULL,NULL,NULL,NULL,NULL,NULL,NULL,NULL,NULL,NULL,NULL
9dc87c8f-38ab-5cd1-ad95-1cd1d74ed9b5,2026-09-08T00:00:00,2026-09-08T00:00:00,0,d3b3f7bb-378c-579c-907e-55004a1a89fc,ARMOR_CLASS,BONUS,4,NULL,NULL,NULL,NULL,NULL,NULL,NULL,NULL,NULL,NULL,NULL
ae9da044-c242-5d50-bc26-68b38923152c,2026-09-08T00:00:00,2026-09-08T00:00:00,0,86c526f4-4004-5c55-85cb-4d89fd549402,ATTACK_ROLL,DISADVANTAGE,NULL,NULL,NULL,NULL,NULL,NULL,NULL,NULL,NULL,NULL,NULL,NULL
41469cd2-c317-510e-9245-df1ae173bacf,2026-09-08T00:00:00,2026-09-08T00:00:00,0,d5f9335b-4796-5892-9abc-cea80a6b2014,ATTACK_ROLL,DISADVANTAGE,NULL,NULL,NULL,NULL,NULL,NULL,NULL,NULL,NULL,NULL,NULL,NULL
4d3649c0-9cfa-53aa-86b1-2581ba8b7a5e,2026-09-08T00:00:00,2026-09-08T00:00:00,0,18ce2d43-fedd-5273-a73c-1a08f210747b,ATTACK_ROLL,DISADVANTAGE,NULL,NULL,NULL,NULL,NULL,NULL,NULL,NULL,1,ROUND,NULL,NULL
af09fa45-d2c5-543d-b512-b6108ea66a91,2026-09-08T00:00:00,2026-09-08T00:00:00,0,bdbe5303-931f-5c84-a9cc-6beab2a83dab,SAVING_THROW,ADVANTAGE,NULL,NULL,NULL,NULL,NULL,NULL,NULL,NULL,NULL,NULL,NULL,NULL
288013c1-ea4a-558b-8d29-8c05c6e05561,2026-09-08T00:00:00,2026-09-08T00:00:00,0,15ac6579-c7ab-5d75-ad48-81ecc5675de5,ATTACK_ROLL,ADVANTAGE,NULL,NULL,NULL,NULL,NULL,NULL,NULL,NULL,NULL,NULL,NULL,NULL
6219ccd8-2d0f-5662-bf6f-61c23e93ce1c,2026-09-08T00:00:00,2026-09-08T00:00:00,0,1943f7ec-0bf8-5e3e-a44c-dd50ab729b10,SAVING_THROW,DISADVANTAGE,NULL,NULL,NULL,NULL,NULL,NULL,NULL,NULL,NULL,NULL,NULL,NULL
27762b43-9ea2-5e2d-8fe7-d7cf0f67e772,2026-09-08T00:00:00,2026-09-08T00:00:00,0,6112e52a-9ebd-5c39-b48f-eca8702dd4c4,SAVING_THROW,ADVANTAGE,NULL,NULL,NULL,NULL,NULL,NULL,NULL,NULL,NULL,NULL,NULL,NULL
156df18c-67fa-5783-aad0-ccef1a90edd1,2026-09-08T00:00:00,2026-09-08T00:00:00,0,e86cb73d-e1d8-565b-9d6a-a5682759f0ff,ARMOR_CLASS,BONUS,3,NULL,NULL,NULL,NULL,NULL,NULL,NULL,NULL,NULL,NULL,NULL
9de6c666-0c58-5b18-9534-85e6fd5ca656,2026-09-08T00:00:00,2026-09-08T00:00:00,0,f9660b8c-3cf5-525e-97cd-44172514182d,D20_TEST,DISADVANTAGE,NULL,NULL,NULL,NULL,NULL,STRENGTH,NULL,NULL,NULL,NULL,NULL,NULL
a10bb84f-a47f-5874-991c-08ffc468aa0c,2026-09-08T00:00:00,2026-09-08T00:00:00,0,f9660b8c-3cf5-525e-97cd-44172514182d,DAMAGE_ROLL,BONUS,-2,1,4,NULL,2,NULL,NULL,NULL,NULL,NULL,NULL,NULL
3304b4a0-7b48-5724-b8b2-18fae75d2dfd,2026-09-08T00:00:00,2026-09-08T00:00:00,0,137142bb-9508-5b09-bb45-4bc3f1b9ef59,D20_TEST,DISADVANTAGE,NULL,NULL,NULL,NULL,NULL,STRENGTH,NULL,NULL,NULL,NULL,NULL,NULL
fb696902-8ea2-5445-981a-f8179c74dfdd,2026-09-08T00:00:00,2026-09-08T00:00:00,0,137142bb-9508-5b09-bb45-4bc3f1b9ef59,DAMAGE_ROLL,BONUS,-3,1,6,NULL,3,NULL,NULL,NULL,NULL,NULL,NULL,NULL
404deb88-419d-5cc7-b7e4-1dcb3f256c2b,2026-09-08T00:00:00,2026-09-08T00:00:00,0,4b4bc72f-cd91-5ca8-ab7b-9101552616d1,SAVING_THROW,AUTO_SUCCEED,NULL,NULL,NULL,NULL,NULL,NULL,NULL,"on a failed save, before the outcome is applied",NULL,NULL,NULL,NULL
d65082ce-084d-5847-a228-46fd6b5ee67f,2026-09-08T00:00:00,2026-09-08T00:00:00,0,b4839124-03e5-528a-b6a8-bf4e870581dc,D20_TEST,DISADVANTAGE,NULL,NULL,NULL,NULL,NULL,STRENGTH,NULL,NULL,NULL,NULL,NULL,NULL
fe90b931-73be-5a5a-a165-daf9a5ee1f4b,2026-09-08T00:00:00,2026-09-08T00:00:00,0,b4839124-03e5-528a-b6a8-bf4e870581dc,DAMAGE_ROLL,BONUS,-3,1,6,NULL,3,NULL,NULL,NULL,NULL,NULL,NULL,NULL
9c1d4bf8-e984-5cab-b929-2344862b9f99,2026-09-08T00:00:00,2026-09-08T00:00:00,0,0bb6eed4-103b-568b-99a6-d05b06b88531,SAVING_THROW,AUTO_SUCCEED,NULL,NULL,NULL,NULL,NULL,NULL,NULL,"on a failed save, before the outcome is applied",NULL,NULL,NULL,NULL
b362fb55-fa28-592b-97a0-2e45942948fb,2026-09-08T00:00:00,2026-09-08T00:00:00,0,2673357c-116e-5c7b-a2d8-8b3d37d5b9a5,D20_TEST,DISADVANTAGE,NULL,NULL,NULL,NULL,NULL,STRENGTH,NULL,NULL,NULL,NULL,NULL,NULL
e55d8dd4-1034-5c02-beb2-e835f44e4a80,2026-09-08T00:00:00,2026-09-08T00:00:00,0,2673357c-116e-5c7b-a2d8-8b3d37d5b9a5,DAMAGE_ROLL,BONUS,-5,1,10,NULL,5,NULL,NULL,NULL,NULL,NULL,NULL,NULL
d6cd3cdd-2b1c-551f-8cd3-57b9ec192c81,2026-09-08T00:00:00,2026-09-08T00:00:00,0,50cd8b30-adc1-56fc-95f4-04cba3879615,ITEM_ATTACK_ROLL,BONUS,-1,NULL,NULL,NULL,NULL,NULL,NULL,NULL,NULL,NULL,Mending,-5
6ab142b1-ad95-58c3-8de8-40ca03a10492,2026-09-08T00:00:00,2026-09-08T00:00:00,0,071bc69f-6f1d-5e4b-9b9c-53af5d32dfa5,ITEM_ARMOR_CLASS,BONUS,-1,NULL,NULL,NULL,NULL,NULL,NULL,NULL,NULL,NULL,Mending,10
665c3441-6155-5deb-8382-b5b6ebba665f,2026-09-08T00:00:00,2026-09-08T00:00:00,0,071bc69f-6f1d-5e4b-9b9c-53af5d32dfa5,ITEM_ATTACK_ROLL,BONUS,-1,NULL,NULL,NULL,NULL,NULL,NULL,NULL,NULL,NULL,Mending,-5
0ea35425-d70c-54db-a4e3-8660d49321f0,2026-09-08T00:00:00,2026-09-08T00:00:00,0,bba4647d-f3e3-5712-9884-f9f272d93864,SAVING_THROW,AUTO_SUCCEED,NULL,NULL,NULL,NULL,NULL,NULL,NULL,"on a failed save, before the outcome is applied",NULL,NULL,NULL,NULL
af368366-778e-5118-85d6-fa039d0c6818,2026-09-08T00:00:00,2026-09-08T00:00:00,0,819aea3e-52cd-5fa4-9fcf-f63ce083b75f,SAVING_THROW,AUTO_SUCCEED,NULL,NULL,NULL,NULL,NULL,NULL,NULL,"on a failed save, before the outcome is applied",NULL,NULL,NULL,NULL
e7e04890-3f94-523b-9475-55abf39d998f,2026-09-08T00:00:00,2026-09-08T00:00:00,0,5da86559-7a8a-561f-aa67-c5cb15772094,ATTACK_ROLL,ADVANTAGE,NULL,NULL,NULL,NULL,NULL,NULL,NULL,NULL,NULL,NULL,NULL,NULL
f0ea8ac7-3955-5643-8fa0-73c999a63537,2026-09-08T00:00:00,2026-09-08T00:00:00,0,6e07d0c8-462c-5f79-8e6d-e39617b0c53c,SAVING_THROW,ADVANTAGE,NULL,NULL,NULL,NULL,NULL,NULL,NULL,NULL,NULL,NULL,NULL,NULL
7f87c71c-7d0f-56c8-b8c7-e3e0bff3e1d8,2026-09-08T00:00:00,2026-09-08T00:00:00,0,608093a9-9df4-5c51-ba1f-2d4271b9801b,ATTACK_ROLL,ADVANTAGE,NULL,NULL,NULL,NULL,NULL,NULL,NULL,NULL,NULL,NULL,NULL,NULL
4a8b0171-00b8-5a02-8b0a-190380ff049d,2026-09-08T00:00:00,2026-09-08T00:00:00,0,02b4ed24-a382-57d0-ac2b-6a1529d80584,ATTACK_ROLL,ADVANTAGE,NULL,NULL,NULL,NULL,NULL,NULL,NULL,NULL,NULL,NULL,NULL,NULL
6be9fae8-cae9-507c-b089-bd10dbe242d4,2026-09-08T00:00:00,2026-09-08T00:00:00,0,b0e27fa3-756c-50a2-a0ef-92625f557612,SAVING_THROW,ADVANTAGE,NULL,NULL,NULL,NULL,NULL,NULL,NULL,NULL,NULL,NULL,NULL,NULL
94670df8-f993-5e04-a3be-9a1914ffb646,2026-09-08T00:00:00,2026-09-08T00:00:00,0,76c20649-19b9-54aa-8420-2729a3172e0e,SAVING_THROW,ADVANTAGE,NULL,NULL,NULL,NULL,NULL,NULL,NULL,NULL,NULL,NULL,NULL,NULL
b8ae0fe3-ccc6-5b19-910d-1f9eb7b2b45e,2026-09-08T00:00:00,2026-09-08T00:00:00,0,c082147b-4b17-5345-b594-46512049afed,SAVING_THROW,ADVANTAGE,NULL,NULL,NULL,NULL,NULL,NULL,NULL,NULL,NULL,NULL,NULL,NULL
8fafe730-4dd1-57ed-a58d-1b99afe21ce7,2026-09-08T00:00:00,2026-09-08T00:00:00,0,cca5177d-4ba5-5094-914b-9f71436841b2,SAVING_THROW,ADVANTAGE,NULL,NULL,NULL,NULL,NULL,NULL,NULL,NULL,NULL,NULL,NULL,NULL
b6f6f0b5-c936-5843-ac00-c0786411a277,2026-09-08T00:00:00,2026-09-08T00:00:00,0,17fad1da-ade9-55a4-9627-b00068b561f2,ARMOR_CLASS,BONUS,2,NULL,NULL,NULL,NULL,NULL,NULL,NULL,NULL,NULL,NULL,NULL
9615590b-ba45-5571-a6c7-1f914366a7d5,2026-09-08T00:00:00,2026-09-08T00:00:00,0,f641d1d0-3a65-5ddb-92d9-a11e4f4f749c,ATTACK_ROLL,ADVANTAGE,NULL,NULL,NULL,NULL,NULL,NULL,NULL,NULL,NULL,NULL,NULL,NULL
a857cff2-04d7-596b-a7e1-f90446049583,2026-09-08T00:00:00,2026-09-08T00:00:00,0,f0a22aba-8955-5770-b77d-543fbbe36742,ATTACK_ROLL,DISADVANTAGE,NULL,NULL,NULL,NULL,NULL,NULL,NULL,NULL,NULL,NULL,NULL,NULL
ca3dbce0-5c0d-551b-a0e8-cf0dd50800f6,2026-09-08T00:00:00,2026-09-08T00:00:00,0,c23688f3-58f2-5c23-99a4-774add79ed66,SAVING_THROW,AUTO_SUCCEED,NULL,NULL,NULL,NULL,NULL,NULL,NULL,"on a failed save, before the outcome is applied",NULL,NULL,NULL,NULL
3b71f5e1-aaa7-5797-b77e-c2b470336a0e,2026-09-08T00:00:00,2026-09-08T00:00:00,0,9376cde7-f7fe-56b3-92b7-27a4e2453234,SAVING_THROW,AUTO_SUCCEED,NULL,NULL,NULL,NULL,NULL,NULL,NULL,"on a failed save, before the outcome is applied",NULL,NULL,NULL,NULL
09b0026d-65c0-505b-9f6c-dae8faa7da57,2026-09-08T00:00:00,2026-09-08T00:00:00,0,7fb25b60-1a66-55f1-97f2-104364e43392,SAVING_THROW,ADVANTAGE,NULL,NULL,NULL,NULL,NULL,NULL,NULL,NULL,NULL,NULL,NULL,NULL
8e9b55dd-f37f-5371-a7ac-dde110251525,2026-09-08T00:00:00,2026-09-08T00:00:00,0,ffc0286f-6d2d-5440-86eb-48552cb8771b,SAVING_THROW,ADVANTAGE,NULL,NULL,NULL,NULL,NULL,NULL,NULL,NULL,NULL,NULL,NULL,NULL
7359ba1e-1822-57e6-a458-c62fd04efacc,2026-09-08T00:00:00,2026-09-08T00:00:00,0,badf2a3b-5f1f-570c-92a7-79156e438cde,ARMOR_CLASS,BONUS,5,NULL,NULL,NULL,NULL,NULL,NULL,NULL,NULL,NULL,NULL,NULL
cef67a81-3bfa-51da-aa67-d5ffe866e2eb,2026-09-08T00:00:00,2026-09-08T00:00:00,0,e451f11a-8eb9-5f7c-ad29-f9f24fc565a4,HIT_POINT_MAXIMUM,BONUS,NULL,NULL,NULL,NULL,NULL,NULL,NULL,by the damage taken,NULL,NULL,NULL,NULL
0186bb34-bc51-5d46-85d7-012dbdf62669,2026-09-08T00:00:00,2026-09-08T00:00:00,0,0de54970-6c8c-5662-b09a-1c793df57471,SAVING_THROW,AUTO_SUCCEED,NULL,NULL,NULL,NULL,NULL,NULL,NULL,"on a failed save, before the outcome is applied",NULL,NULL,NULL,NULL
00921778-42a0-5d57-bb1e-aede7296fa0e,2026-09-08T00:00:00,2026-09-08T00:00:00,0,f1fc1dfd-e2ee-5002-b860-ae91f03b7c53,SAVING_THROW,ADVANTAGE,NULL,NULL,NULL,NULL,NULL,NULL,NULL,NULL,NULL,NULL,NULL,NULL
fff8a2e5-ed04-50cd-bbce-672cecb612cd,2026-09-08T00:00:00,2026-09-08T00:00:00,0,0a8459ab-219a-58b0-bd17-bb5037af98a5,HIT_POINT_MAXIMUM,BONUS,NULL,NULL,NULL,NULL,NULL,NULL,NULL,by the damage taken,NULL,NULL,NULL,NULL
e52f1ae2-87ae-5be5-b332-12677c9db7e9,2026-09-08T00:00:00,2026-09-08T00:00:00,0,f52b76e3-fafd-5a1b-8dc7-9468dcaa51c0,ARMOR_CLASS,BONUS,2,NULL,NULL,NULL,NULL,NULL,NULL,NULL,NULL,NULL,NULL,NULL
7b2600f5-8dd1-5e08-907a-e14638824bf0,2026-09-08T00:00:00,2026-09-08T00:00:00,0,0f15f08e-9167-5729-aa61-c9c9f699eead,SAVING_THROW,ADVANTAGE,NULL,NULL,NULL,NULL,NULL,NULL,NULL,NULL,NULL,NULL,NULL,NULL
521abe5b-6386-5edd-87fb-7c4e57479e5f,2026-09-08T00:00:00,2026-09-08T00:00:00,0,e0750b5c-14bd-573b-a7a4-2e0facf74c80,SAVING_THROW,ADVANTAGE,NULL,NULL,NULL,NULL,NULL,NULL,NULL,NULL,NULL,NULL,NULL,NULL
cb5965ad-45ea-50c4-9021-f18fcdbf04e6,2026-09-08T00:00:00,2026-09-08T00:00:00,0,3808c81d-a27d-547d-8249-9d7b3d10c64b,HIT_POINT_MAXIMUM,BONUS,NULL,NULL,NULL,NULL,NULL,NULL,NULL,by the damage taken,NULL,NULL,NULL,NULL
23e456d4-7698-53fa-8927-c4860be7cf5e,2026-09-08T00:00:00,2026-09-08T00:00:00,0,5364b3ab-735b-53a0-9424-6c53c414386e,ARMOR_CLASS,BONUS,2,NULL,NULL,NULL,NULL,NULL,NULL,NULL,NULL,NULL,NULL,NULL
b5efc33f-1f3b-595c-8c53-c3e008e80ad0,2026-09-08T00:00:00,2026-09-08T00:00:00,0,58274904-446f-5a90-91f9-8a37a86e3f48,HIT_POINT_MAXIMUM,BONUS,NULL,NULL,NULL,NULL,NULL,NULL,NULL,by the damage taken,NULL,NULL,NULL,NULL
532438ce-0e1b-5fc9-9c79-e18bef8767f3,2026-09-08T00:00:00,2026-09-08T00:00:00,0,625e0a31-1282-5f26-bd04-b6673d1ede6c,ATTACK_ROLL,ADVANTAGE,NULL,NULL,NULL,NULL,NULL,NULL,NULL,NULL,NULL,NULL,NULL,NULL
704dbe9f-2370-5ab7-9698-b607096bb875,2026-09-08T00:00:00,2026-09-08T00:00:00,0,b39518ff-3be5-5e53-89b8-ebfbd16e8aa5,ARMOR_CLASS,BONUS,3,NULL,NULL,NULL,NULL,NULL,NULL,NULL,NULL,NULL,NULL,NULL
c079d67f-1ffb-5d09-9e32-35cc2b207d39,2026-09-08T00:00:00,2026-09-08T00:00:00,0,80119ecf-d55f-5f4b-ac76-64dd7abedab5,SAVING_THROW,AUTO_SUCCEED,NULL,NULL,NULL,NULL,NULL,NULL,NULL,"on a failed save, before the outcome is applied",NULL,NULL,NULL,NULL
a6fdcaf5-d094-54cd-963c-cd490bad094d,2026-09-08T00:00:00,2026-09-08T00:00:00,0,46507597-9eb0-56e5-8b38-abc9eb284cd1,SAVING_THROW,ADVANTAGE,NULL,NULL,NULL,NULL,NULL,NULL,NULL,NULL,NULL,NULL,NULL,NULL
ea7ca607-1007-5b55-8a0f-360d982e6bf6,2026-09-08T00:00:00,2026-09-08T00:00:00,0,d9acc10b-4187-5b13-bdaf-216923333de1,SAVING_THROW,ADVANTAGE,NULL,NULL,NULL,NULL,NULL,NULL,NULL,NULL,NULL,NULL,NULL,NULL
af6b5114-d75a-534d-a75c-f6b509081092,2026-09-08T00:00:00,2026-09-08T00:00:00,0,eab8c989-f7e4-5c25-9eee-c7afa1dbe0cc,SAVING_THROW,ADVANTAGE,NULL,NULL,NULL,NULL,NULL,NULL,NULL,NULL,NULL,NULL,NULL,NULL
5978c818-0df0-5753-a1aa-37a628eb14fa,2026-09-08T00:00:00,2026-09-08T00:00:00,0,b3a37a10-89cb-59e7-8163-6c1bf11c18a5,SAVING_THROW,ADVANTAGE,NULL,NULL,NULL,NULL,NULL,NULL,NULL,NULL,NULL,NULL,NULL,NULL
dc33afee-b80c-5694-bea5-196ec51fa5e6,2026-09-08T00:00:00,2026-09-08T00:00:00,0,ec728efb-6990-555f-8d46-06a8bb2758bf,SAVING_THROW,AUTO_SUCCEED,NULL,NULL,NULL,NULL,NULL,NULL,NULL,against spells and other magical effects,NULL,NULL,NULL,NULL
76e71755-43cf-5f5b-af61-3f557bdb7817,2026-09-08T00:00:00,2026-09-08T00:00:00,0,8d375147-4ae2-5178-80fd-93bd7c50270b,SAVING_THROW,AUTO_SUCCEED,NULL,NULL,NULL,NULL,NULL,NULL,NULL,"on a failed save, before the outcome is applied",NULL,NULL,NULL,NULL
1c8d1a39-138d-527a-b124-75d01c8dca43,2026-09-08T00:00:00,2026-09-08T00:00:00,0,6088822c-69b8-50d6-8957-fffdc7df57c5,SAVING_THROW,AUTO_SUCCEED,NULL,NULL,NULL,NULL,NULL,NULL,NULL,"on a failed save, before the outcome is applied",NULL,NULL,NULL,NULL
f71c8868-b390-5fc2-8645-c5698efd1ddb,2026-09-08T00:00:00,2026-09-08T00:00:00,0,383cee4c-eb1a-521e-8097-485c9eb1a175,ITEM_ARMOR_CLASS,BONUS,-1,NULL,NULL,NULL,NULL,NULL,NULL,NULL,NULL,NULL,Mending,10
760abba5-d95f-5671-9d5c-c60451f15c3c,2026-09-08T00:00:00,2026-09-08T00:00:00,0,383cee4c-eb1a-521e-8097-485c9eb1a175,ITEM_ATTACK_ROLL,BONUS,-1,NULL,NULL,NULL,NULL,NULL,NULL,NULL,NULL,NULL,Mending,-5
0c11066c-30e7-5b34-9538-b0ef708faed6,2026-09-08T00:00:00,2026-09-08T00:00:00,0,c1c6a570-ed6b-5933-9529-9d9b6d338d06,ATTACK_ROLL,ADVANTAGE,NULL,NULL,NULL,NULL,NULL,NULL,NULL,NULL,NULL,NULL,NULL,NULL
d46fd96f-2d35-515e-909a-85d6fed46733,2026-09-08T00:00:00,2026-09-08T00:00:00,0,7ae38a26-0b40-5a2d-ad2e-490ce636238a,SAVING_THROW,ADVANTAGE,NULL,NULL,NULL,NULL,NULL,NULL,NULL,NULL,NULL,NULL,NULL,NULL
92669205-263d-587c-91de-eb2d041e4d62,2026-09-08T00:00:00,2026-09-08T00:00:00,0,ed8ed90e-889d-5868-9160-9560d7a55ea6,D20_TEST,DISADVANTAGE,NULL,NULL,NULL,NULL,NULL,NULL,NULL,NULL,NULL,NULL,NULL,NULL
0f6c46f5-080a-5b68-bd92-381568d1030c,2026-09-08T00:00:00,2026-09-08T00:00:00,0,9a5bded9-b2bc-5a70-b4d4-5030785b3253,ARMOR_CLASS,BONUS,5,NULL,NULL,NULL,NULL,NULL,NULL,NULL,NULL,NULL,NULL,NULL
4df0ea46-9cdb-5449-b872-5d1385251b75,2026-09-08T00:00:00,2026-09-08T00:00:00,0,38d92cf5-c713-5fe7-929d-089ba1d5f689,SAVING_THROW,AUTO_SUCCEED,NULL,NULL,NULL,NULL,NULL,NULL,NULL,"on a failed save, before the outcome is applied",NULL,NULL,NULL,NULL
67614d21-4367-5028-b829-be608017bbe8,2026-09-08T00:00:00,2026-09-08T00:00:00,0,49a9b4d3-ffba-513f-ad9d-2b3de4f47999,SAVING_THROW,AUTO_SUCCEED,NULL,NULL,NULL,NULL,NULL,NULL,NULL,"on a failed save, before the outcome is applied",NULL,NULL,NULL,NULL
05243de4-95af-54b7-9046-bfe8b9198900,2026-09-08T00:00:00,2026-09-08T00:00:00,0,10fe6d4e-16eb-508d-8f2e-5a6f7987be5d,SAVING_THROW,AUTO_SUCCEED,NULL,NULL,NULL,NULL,NULL,NULL,NULL,"on a failed save, before the outcome is applied",NULL,NULL,NULL,NULL
f657f0c3-ee0d-5e57-8a9f-0890e5d0e29d,2026-09-08T00:00:00,2026-09-08T00:00:00,0,f9f46339-8e1c-563f-9898-5febd07c8bb6,SAVING_THROW,ADVANTAGE,NULL,NULL,NULL,NULL,NULL,NULL,NULL,NULL,NULL,NULL,NULL,NULL
00a8d91f-3d2d-579d-8575-80a90da09619,2026-09-08T00:00:00,2026-09-08T00:00:00,0,31d46b36-d257-566a-ab7f-cd6d81915bf0,ATTACK_ROLL,DISADVANTAGE,NULL,NULL,NULL,NULL,NULL,NULL,NULL,NULL,NULL,NULL,NULL,NULL
68b8ce3c-0c1d-5710-8491-c8a5e7af5d6b,2026-09-08T00:00:00,2026-09-08T00:00:00,0,0bf23b6f-3457-5bbc-9084-872db24f4793,HIT_POINT_MAXIMUM,BONUS,NULL,NULL,NULL,NULL,NULL,NULL,NULL,by the damage taken,NULL,NULL,NULL,NULL
8f8d1847-e5a2-5fba-9358-00f6a1a15a6c,2026-09-08T00:00:00,2026-09-08T00:00:00,0,1edcaf46-1b95-5e4c-8b87-61cb3d84710f,SAVING_THROW,ADVANTAGE,NULL,NULL,NULL,NULL,NULL,NULL,NULL,NULL,NULL,NULL,NULL,NULL
1fcd0b8e-8aa9-56c5-8ac4-c034e0e2556e,2026-09-08T00:00:00,2026-09-08T00:00:00,0,fb6e4533-4ef1-51bc-8b91-027e13a0cd8c,D20_TEST,BONUS,2,NULL,NULL,NULL,NULL,NULL,NULL,NULL,NULL,NULL,NULL,NULL
ff38b12c-2ff2-5f7c-ba11-ca4f059a0041,2026-09-08T00:00:00,2026-09-08T00:00:00,0,4e28ac04-d66a-59aa-a9c5-6b02b7ca6554,SAVING_THROW,AUTO_SUCCEED,NULL,NULL,NULL,NULL,NULL,NULL,NULL,"on a failed save, before the outcome is applied",NULL,NULL,NULL,NULL
e9817619-d4f6-50e8-b4ca-1d3e6e596499,2026-09-08T00:00:00,2026-09-08T00:00:00,0,5fd97813-0f63-5fea-9a0f-d0b2e7a56272,SAVING_THROW,AUTO_SUCCEED,NULL,NULL,NULL,NULL,NULL,NULL,NULL,"on a failed save, before the outcome is applied",NULL,NULL,NULL,NULL
16cb3976-f7c4-5c96-b79f-d856106e94f3,2026-09-08T00:00:00,2026-09-08T00:00:00,0,4a9cd45a-d118-5e35-aba7-da6d9c6765c1,SAVING_THROW,ADVANTAGE,NULL,NULL,NULL,NULL,NULL,NULL,NULL,NULL,NULL,NULL,NULL,NULL
ccdaf41a-0124-594e-8c4a-a10c840baf6e,2026-09-08T00:00:00,2026-09-08T00:00:00,0,4937ff3b-c9ea-58fe-a70a-b31d38ce8b7d,HIT_POINT_MAXIMUM,BONUS,NULL,NULL,NULL,NULL,NULL,NULL,NULL,by the damage taken,NULL,NULL,NULL,NULL
19f1ccf5-a01c-5dc1-9f77-6996fdd9d858,2026-09-08T00:00:00,2026-09-08T00:00:00,0,0dfd966e-cbc4-5d02-bc18-fa1d80266cfb,SAVING_THROW,AUTO_SUCCEED,NULL,NULL,NULL,NULL,NULL,NULL,NULL,"on a failed save, before the outcome is applied",NULL,NULL,NULL,NULL
6abd9e71-3efd-5ff0-add8-a88f61fa6456,2026-09-08T00:00:00,2026-09-08T00:00:00,0,e48eae2e-fe9d-5318-b42d-e77e8e60c658,SAVING_THROW,ADVANTAGE,NULL,NULL,NULL,NULL,NULL,NULL,NULL,NULL,NULL,NULL,NULL,NULL
2e7870a1-cbe1-5c06-a20f-2625a2af1967,2026-09-08T00:00:00,2026-09-08T00:00:00,0,84c55209-0141-5382-b0d2-961bf264b617,ATTACK_ROLL,ADVANTAGE,NULL,NULL,NULL,NULL,NULL,NULL,NULL,NULL,NULL,NULL,NULL,NULL
dada2a63-bdd1-5e51-b39c-6ecca1edb09a,2026-09-08T00:00:00,2026-09-08T00:00:00,0,3725f16d-7efa-5333-8bfe-20037a13dff2,ATTACK_ROLL,ADVANTAGE,NULL,NULL,NULL,NULL,NULL,NULL,NULL,NULL,NULL,NULL,NULL,NULL
47154786-bc97-54af-8e54-e28c856cf587,2026-09-08T00:00:00,2026-09-08T00:00:00,0,7f781fb9-ab43-554d-a911-2f47c7e6e604,SAVING_THROW,AUTO_SUCCEED,NULL,NULL,NULL,NULL,NULL,NULL,NULL,"on a failed save, before the outcome is applied",NULL,NULL,NULL,NULL
fc077a35-90fc-5b52-83d0-6b1ce005d2e7,2026-09-08T00:00:00,2026-09-08T00:00:00,0,85a8f515-527a-5d2b-ad5a-2fa54c4a6d4d,SAVING_THROW,ADVANTAGE,NULL,NULL,NULL,NULL,NULL,NULL,NULL,NULL,NULL,NULL,NULL,NULL
88dcb2df-0df8-5712-bd75-dac4064a0247,2026-09-08T00:00:00,2026-09-08T00:00:00,0,767012f8-f161-536e-8fc3-cd4af61145e0,ATTACK_ROLL,DISADVANTAGE,NULL,NULL,NULL,NULL,NULL,NULL,NULL,NULL,NULL,NULL,NULL,NULL
1c94c9ba-749a-5ff4-8a98-e536578addd4,2026-09-08T00:00:00,2026-09-08T00:00:00,0,399df2af-0792-547a-9c22-69ab5425217d,HIT_POINT_MAXIMUM,BONUS,NULL,NULL,NULL,NULL,NULL,NULL,NULL,by the damage taken,NULL,NULL,NULL,NULL
f5e6445d-a07a-512e-9e41-0d3a70ec6955,2026-09-08T00:00:00,2026-09-08T00:00:00,0,4f1c7378-8608-55ce-9887-082a13be4cda,SAVING_THROW,AUTO_SUCCEED,NULL,NULL,NULL,NULL,NULL,NULL,NULL,"on a failed save, before the outcome is applied",NULL,NULL,NULL,NULL
24374e2f-7053-5b9b-bd9b-6c005d453adf,2026-09-08T00:00:00,2026-09-08T00:00:00,0,7d310f40-0123-5ced-9699-3e321fceeef6,ATTACK_ROLL,DISADVANTAGE,NULL,NULL,NULL,NULL,NULL,NULL,NULL,NULL,NULL,NULL,NULL,NULL
e6c08a2d-3995-51ac-bf88-7f2dd61ec100,2026-09-08T00:00:00,2026-09-08T00:00:00,0,d00f1f5d-d78b-5a74-a3cf-5bf81f016a0b,HIT_POINT_MAXIMUM,BONUS,NULL,NULL,NULL,NULL,NULL,NULL,NULL,by the damage taken,NULL,NULL,NULL,NULL
d09ca392-b0a2-50ca-930b-4639e8701b1e,2026-09-08T00:00:00,2026-09-08T00:00:00,0,ee95e41e-a49d-564a-bc2a-a83ee443607e,SAVING_THROW,ADVANTAGE,NULL,NULL,NULL,NULL,NULL,NULL,NULL,NULL,NULL,NULL,NULL,NULL
178fc3e4-afaa-5b9c-b857-eb3cb47d122c,2026-09-08T00:00:00,2026-09-08T00:00:00,0,70d224a4-bb1c-5f13-a5c8-1657225ccc63,ATTACK_ROLL,ADVANTAGE,NULL,NULL,NULL,NULL,NULL,NULL,NULL,NULL,NULL,NULL,NULL,NULL
42941115-12f4-58eb-9b3b-c09c2d42ec75,2026-09-08T00:00:00,2026-09-08T00:00:00,0,7b33c39d-0cbf-5150-9370-c9399ace11d1,ARMOR_CLASS,BONUS,2,NULL,NULL,NULL,NULL,NULL,NULL,NULL,NULL,NULL,NULL,NULL
0eae8465-490f-55c3-a7ed-3b42d092abb7,2026-09-08T00:00:00,2026-09-08T00:00:00,0,f875a9cd-eecc-586d-bf3b-3441cd219ff3,ATTACK_ROLL,ADVANTAGE,NULL,NULL,NULL,NULL,NULL,NULL,NULL,NULL,NULL,NULL,NULL,NULL
9f7db1ad-c9fb-563f-b00a-e399377da188,2026-09-08T00:00:00,2026-09-08T00:00:00,0,90a3e981-7e90-5d81-88f0-34710de8e509,SAVING_THROW,AUTO_SUCCEED,NULL,NULL,NULL,NULL,NULL,NULL,NULL,"on a failed save, before the outcome is applied",NULL,NULL,NULL,NULL
9f032944-50af-51fd-acbf-d36f4c9fbd1d,2026-09-08T00:00:00,2026-09-08T00:00:00,0,faca2c7c-f486-55dc-bb54-a036decbeb57,SAVING_THROW,AUTO_SUCCEED,NULL,NULL,NULL,NULL,NULL,NULL,NULL,"on a failed save, before the outcome is applied",NULL,NULL,NULL,NULL
dffbe4ba-fdd9-5b4b-9ffb-c6c943a0de87,2026-09-08T00:00:00,2026-09-08T00:00:00,0,319b98dd-d796-58a4-a13c-4513c2c4002b,ATTACK_ROLL,DISADVANTAGE,NULL,NULL,NULL,NULL,NULL,NULL,NULL,NULL,NULL,NULL,NULL,NULL
f1ad43a1-24af-5e56-9f77-da57e4125f81,2026-09-08T00:00:00,2026-09-08T00:00:00,0,b9d3cbab-de46-58a9-8913-7b81ecff406a,HIT_POINT_MAXIMUM,BONUS,NULL,NULL,NULL,NULL,NULL,NULL,NULL,by the damage taken,NULL,NULL,NULL,NULL
1b087555-2260-5b93-b9c5-88cc054931b5,2026-09-08T00:00:00,2026-09-08T00:00:00,0,e66db6fa-565e-55dd-bd93-f3a260c845b7,ATTACK_ROLL,ADVANTAGE,NULL,NULL,NULL,NULL,NULL,NULL,NULL,NULL,NULL,NULL,NULL,NULL
6cd83a8f-8499-52b5-a115-654411de108d,2026-09-08T00:00:00,2026-09-08T00:00:00,0,b398dff1-0ce6-5688-b4cc-000f1e4f9d4e,ATTACK_ROLL,DISADVANTAGE,NULL,NULL,NULL,NULL,NULL,NULL,NULL,NULL,NULL,NULL,NULL,NULL
bd33f25d-04f7-597f-80bf-a03344d09657,2026-09-08T00:00:00,2026-09-08T00:00:00,0,c240d346-4d8d-59d4-af97-e246677c3f4a,HIT_POINT_MAXIMUM,BONUS,NULL,NULL,NULL,NULL,NULL,NULL,NULL,by the damage taken,NULL,NULL,NULL,NULL
466e4859-dc9d-5f84-96d6-c06c16c428fa,2026-09-08T00:00:00,2026-09-08T00:00:00,0,2b3650cd-d151-5636-a500-9a6d0008bd87,ATTACK_ROLL,ADVANTAGE,NULL,NULL,NULL,NULL,NULL,NULL,NULL,NULL,NULL,NULL,NULL,NULL
98438117-cd24-579f-8af3-3d4b621bec33,2026-09-08T00:00:00,2026-09-08T00:00:00,0,4c0a08ca-5d93-5d7b-b11f-6ddb265aef03,ATTACK_ROLL,ADVANTAGE,NULL,NULL,NULL,NULL,NULL,NULL,NULL,NULL,NULL,NULL,NULL,NULL
b987ab15-1d91-5506-ac01-caa1e142a054,2026-09-08T00:00:00,2026-09-08T00:00:00,0,021e15d1-3321-55cd-b203-1f2a9640d740,ATTACK_ROLL,ADVANTAGE,NULL,NULL,NULL,NULL,NULL,NULL,NULL,NULL,NULL,NULL,NULL,NULL
9a285802-0946-5538-8d6b-94406ea5f40e,2026-09-08T00:00:00,2026-09-08T00:00:00,0,fcb34996-de1a-52d9-a27b-74fe8c389324,ATTACK_ROLL,ADVANTAGE,NULL,NULL,NULL,NULL,NULL,NULL,NULL,NULL,NULL,NULL,NULL,NULL
e2a65917-38ca-5c74-aae8-61287c0c41d2,2026-09-08T00:00:00,2026-09-08T00:00:00,0,92989136-082f-5ce7-b846-6d99d373d729,ATTACK_ROLL,ADVANTAGE,NULL,NULL,NULL,NULL,NULL,NULL,NULL,NULL,NULL,NULL,NULL,NULL
9967635d-fdcf-557e-96be-7f68cf6ad76b,2026-09-08T00:00:00,2026-09-08T00:00:00,0,c0a090bd-17a7-5d72-a1da-06489933bc6b,ATTACK_ROLL,ADVANTAGE,NULL,NULL,NULL,NULL,NULL,NULL,NULL,NULL,NULL,NULL,NULL,NULL
8753fa13-9412-5f28-923b-f15101d1482a,2026-09-08T00:00:00,2026-09-08T00:00:00,0,2ceaa5b9-74cf-54e4-8da5-7de53304abd4,ATTACK_ROLL,ADVANTAGE,NULL,NULL,NULL,NULL,NULL,NULL,NULL,NULL,NULL,NULL,NULL,NULL
b0ab2393-7312-59fb-a8ed-51554b593b55,2026-09-08T00:00:00,2026-09-08T00:00:00,0,612733d6-4770-5a77-860f-6beeeade1ca2,ATTACK_ROLL,ADVANTAGE,NULL,NULL,NULL,NULL,NULL,NULL,NULL,NULL,NULL,NULL,NULL,NULL
6ce8e70b-bcdf-5b23-8f8d-eda9ac41af15,2026-09-08T00:00:00,2026-09-08T00:00:00,0,842f691b-c598-5ec9-bbe8-374373105047,ATTACK_ROLL,ADVANTAGE,NULL,NULL,NULL,NULL,NULL,NULL,NULL,NULL,NULL,NULL,NULL,NULL
937718c2-bed4-5622-b3ae-22dc5b70f4bc,2026-09-08T00:00:00,2026-09-08T00:00:00,0,f640f3be-5d02-57a1-b68f-bfb06b1e6794,ATTACK_ROLL,ADVANTAGE,NULL,NULL,NULL,NULL,NULL,NULL,NULL,NULL,NULL,NULL,NULL,NULL
d5172353-f908-59ea-add5-72fb215ac466,2026-09-08T00:00:00,2026-09-08T00:00:00,0,9cf95748-2c32-5451-be6c-f4780d15f537,ATTACK_ROLL,DISADVANTAGE,NULL,NULL,NULL,NULL,NULL,NULL,NULL,NULL,NULL,NULL,NULL,NULL
7d8ca108-b728-5583-b768-a99448f7d078,2026-09-08T00:00:00,2026-09-08T00:00:00,0,82c61d91-5da2-5c9d-8890-e42051598c1a,ATTACK_ROLL,ADVANTAGE,NULL,NULL,NULL,NULL,NULL,NULL,NULL,NULL,NULL,NULL,NULL,NULL
4eadcc3f-ec3c-529d-9fa4-ac2b7cf8240c,2026-09-08T00:00:00,2026-09-08T00:00:00,0,beb668d6-2dd1-557d-8d46-f21ddd2a9154,ATTACK_ROLL,ADVANTAGE,NULL,NULL,NULL,NULL,NULL,NULL,NULL,NULL,NULL,NULL,NULL,NULL
