id,created_at,updated_at,version,size,creature_type,creature_subtype,alignment,armor_class,initiative_bonus,hp_average,hp_dice_count,hp_dice_faces,hp_dice_bonus,can_hover,score_strength,score_dexterity,score_constitution,score_intelligence,score_wisdom,score_charisma,passive_perception,languages,telepathy_feet,challenge_rating,experience_points,proficiency_bonus,legendary_action_uses,spellcasting_ability,spell_save_dc,spell_attack_bonus
3a97722b-d731-5b16-8d48-45517a5a853b,2026-09-08T00:00:00,2026-09-08T00:00:00,0,LARGE,ABERRATION,NULL,LAWFUL_EVIL,17,7,150,20,10,40,false,21,9,15,18,15,18,20,Deep Speech; telepathy 120 ft.,120,10.0,5900,4,3,NULL,NULL,NULL
02d56165-918f-5708-89af-3df7569c4f7f,2026-09-08T00:00:00,2026-09-08T00:00:00,0,LARGE,ELEMENTAL,NULL,NEUTRAL,15,5,90,12,10,24,true,14,20,14,6,10,6,10,Primordial (Auran),NULL,5.0,1800,3,NULL,NULL,NULL,NULL
49a0bd4b-a9f9-50b2-9bc3-629df64418ea,2026-09-08T00:00:00,2026-09-08T00:00:00,0,MEDIUM,CONSTRUCT,NULL,UNALIGNED,18,2,33,6,8,6,false,14,11,13,1,3,1,6,None,NULL,1.0,200,2,NULL,NULL,NULL,NULL
00be073f-399c-53ec-b755-86bd872fab90,2026-09-08T00:00:00,2026-09-08T00:00:00,0,SMALL,CONSTRUCT,NULL,UNALIGNED,17,4,14,4,6,NULL,true,12,15,11,1,5,1,7,None,NULL,0.25,50,2,NULL,NULL,NULL,NULL
a088256d-750f-5976-a8d0-29afc20ed1ae,2026-09-08T00:00:00,2026-09-08T00:00:00,0,LARGE,CONSTRUCT,NULL,UNALIGNED,12,4,27,5,10,NULL,false,17,14,10,1,3,1,6,None,NULL,2.0,450,2,NULL,NULL,NULL,NULL
a3c0f2aa-e536-5f85-b152-49e28effcd22,2026-09-08T00:00:00,2026-09-08T00:00:00,0,LARGE,MONSTROSITY,NULL,UNALIGNED,14,0,45,6,10,12,false,17,11,14,1,13,6,11,None,NULL,2.0,450,2,NULL,NULL,NULL,NULL
b9f0f10b-2ba9-5c77-97f0-f5ef4820930b,2026-09-08T00:00:00,2026-09-08T00:00:00,0,MEDIUM,HUMANOID,NULL,NEUTRAL,16,10,97,15,8,30,false,11,18,14,16,11,10,16,"Common, Thieves' Cant",NULL,8.0,3900,3,NULL,NULL,NULL,NULL
ead25cde-1a8d-5b07-8653-b98adfa2622c,2026-09-08T00:00:00,2026-09-08T00:00:00,0,SMALL,PLANT,NULL,NEUTRAL,9,-1,10,3,6,NULL,false,3,8,11,10,10,6,10,Common plus one other language,NULL,0.0,10,2,NULL,NULL,NULL,NULL
584358af-5ad8-5f80-9d4c-7d4782a3c9ef,2026-09-08T00:00:00,2026-09-08T00:00:00,0,HUGE,PLANT,NULL,NEUTRAL,13,-2,59,7,12,14,false,19,6,15,10,10,7,10,Common plus one other language,NULL,2.0,450,2,NULL,NULL,NULL,NULL
30bb8dc4-bfa7-5a91-b0b7-3bf6eeabe7e3,2026-09-08T00:00:00,2026-09-08T00:00:00,0,LARGE,MONSTROSITY,NULL,UNALIGNED,11,1,19,3,10,3,false,14,12,12,2,10,5,10,None,NULL,0.25,50,2,NULL,NULL,NULL,NULL
2723c0a7-abe7-5dab-bf94-e15c6d618c94,2026-09-08T00:00:00,2026-09-08T00:00:00,0,MEDIUM,ELEMENTAL,NULL,LAWFUL_NEUTRAL,17,1,39,6,8,12,false,17,12,15,12,13,10,11,Primordial (Ignan),NULL,2.0,450,2,NULL,NULL,NULL,NULL
dc1e420c-2ae8-50f4-8632-36e3594b028c,2026-09-08T00:00:00,2026-09-08T00:00:00,0,HUGE,FIEND,Demon,CHAOTIC_EVIL,19,14,287,23,12,138,false,26,15,22,20,16,22,19,Abyssal; telepathy 120 ft.,120,19.0,22000,6,NULL,NULL,NULL,NULL
65fca663-1259-5ad7-b71b-4268a89c1de8,2026-09-08T00:00:00,2026-09-08T00:00:00,0,MEDIUM,HUMANOID,NULL,NEUTRAL,12,1,11,2,8,2,false,11,12,12,10,10,10,10,"Common, Thieves' Cant",NULL,0.125,25,2,NULL,NULL,NULL,NULL
2048dc5f-85e3-5c28-8fd2-92fbd80710ea,2026-09-08T00:00:00,2026-09-08T00:00:00,0,MEDIUM,HUMANOID,NULL,NEUTRAL,15,3,52,8,8,16,false,15,16,14,14,11,14,10,"Common, Thieves' Cant",NULL,2.0,450,2,NULL,NULL,NULL,NULL
9c07ced8-070d-550e-95b8-e88ef5c281a2,2026-09-08T00:00:00,2026-09-08T00:00:00,0,MEDIUM,FIEND,Devil,LAWFUL_EVIL,15,3,110,13,8,52,false,16,17,18,12,14,14,18,Infernal; telepathy 120 ft.,120,5.0,1800,3,NULL,NULL,NULL,NULL
e50d02ac-c53c-5c91-afc5-2fc73ebbaa43,2026-09-08T00:00:00,2026-09-08T00:00:00,0,MEDIUM,MONSTROSITY,NULL,UNALIGNED,15,-1,52,8,8,16,false,16,8,15,2,8,7,9,None,NULL,3.0,700,2,NULL,NULL,NULL,NULL
fd78f130-1479-58d2-be72-d39c70317061,2026-09-08T00:00:00,2026-09-08T00:00:00,0,MEDIUM,FIEND,Devil,LAWFUL_EVIL,13,2,58,9,8,18,false,16,15,15,9,11,14,10,Infernal; telepathy 120 ft.,120,3.0,700,2,NULL,NULL,NULL,NULL
5c8dc5ce-2b6d-55b9-86d3-bf6d728aba72,2026-09-08T00:00:00,2026-09-08T00:00:00,0,HUGE,MONSTROSITY,NULL,NEUTRAL_EVIL,17,3,168,16,12,64,false,23,16,18,7,14,12,16,Draconic,NULL,11.0,7200,4,NULL,NULL,NULL,NULL
92238e35-a2f2-5362-8349-b6235f1b7942,2026-09-08T00:00:00,2026-09-08T00:00:00,0,MEDIUM,HUMANOID,NULL,NEUTRAL,13,1,67,9,8,27,false,16,12,17,9,11,9,10,Common,NULL,2.0,450,2,NULL,NULL,NULL,NULL
eb2ea78b-f92d-5b9e-ac8b-44a45da749ef,2026-09-08T00:00:00,2026-09-08T00:00:00,0,MEDIUM,DRAGON,Chromatic,CHAOTIC_EVIL,17,4,33,6,8,6,false,15,14,13,10,11,13,14,Draconic,NULL,2.0,450,2,NULL,NULL,NULL,NULL
f9283f1b-1e59-5722-9f4b-5eec409900ff,2026-09-08T00:00:00,2026-09-08T00:00:00,0,LARGE,DRAGON,Chromatic,CHAOTIC_EVIL,18,5,127,15,10,45,false,19,14,17,12,11,15,16,"Common, Draconic",NULL,7.0,2900,3,NULL,NULL,NULL,NULL
4c42bba9-e53c-5166-88aa-f2bcae6099c3,2026-09-08T00:00:00,2026-09-08T00:00:00,0,HUGE,DRAGON,Chromatic,CHAOTIC_EVIL,19,12,195,17,12,85,false,23,14,21,14,13,19,21,"Common, Draconic",NULL,14.0,11500,5,3,CHARISMA,17,9
d105defc-70be-5c46-bb92-261210cb9017,2026-09-08T00:00:00,2026-09-08T00:00:00,0,GARGANTUAN,DRAGON,Chromatic,CHAOTIC_EVIL,22,16,367,21,20,147,false,27,14,25,16,15,22,26,"Common, Draconic",NULL,21.0,33000,7,3,CHARISMA,21,13
fee468d5-1dea-5c29-ae19-29f2c0a7eea2,2026-09-08T00:00:00,2026-09-08T00:00:00,0,LARGE,OOZE,NULL,UNALIGNED,7,-3,68,8,10,24,false,16,5,16,1,6,1,8,None,NULL,4.0,1100,2,NULL,NULL,NULL,NULL
e5f4102e-d8b6-511b-88a6-722798cd9699,2026-09-08T00:00:00,2026-09-08T00:00:00,0,MEDIUM,FEY,NULL,LAWFUL_GOOD,13,3,22,4,8,4,false,12,17,12,10,13,11,15,Blink Dog; understands Elvish and Sylvan but can't speak them,NULL,0.25,50,2,NULL,NULL,NULL,NULL
3252b304-f866-565f-8589-bc91ad630818,2026-09-08T00:00:00,2026-09-08T00:00:00,0,MEDIUM,DRAGON,Chromatic,LAWFUL_EVIL,17,2,65,10,8,20,false,17,10,15,12,11,15,14,Draconic,NULL,3.0,700,2,NULL,NULL,NULL,NULL
28ca8680-d046-521a-8cfe-e08f36ec9784,2026-09-08T00:00:00,2026-09-08T00:00:00,0,LARGE,DRAGON,Chromatic,LAWFUL_EVIL,18,4,152,16,10,64,false,21,10,19,14,13,17,19,"Common, Draconic",NULL,9.0,5000,4,NULL,NULL,NULL,NULL
ad6bc2d8-cb47-56c1-9f95-b6a4d49e3fd9,2026-09-08T00:00:00,2026-09-08T00:00:00,0,HUGE,DRAGON,Chromatic,LAWFUL_EVIL,19,10,212,17,12,102,false,25,10,23,16,15,20,22,"Common, Draconic",NULL,16.0,15000,5,3,CHARISMA,18,NULL
175e7fb4-0b2d-58d0-9509-0e38d5cc1b76,2026-09-08T00:00:00,2026-09-08T00:00:00,0,GARGANTUAN,DRAGON,Chromatic,LAWFUL_EVIL,22,14,481,26,20,208,false,29,10,27,18,17,25,27,"Common, Draconic",NULL,23.0,50000,7,3,CHARISMA,22,NULL
0e85d74b-3cc9-528e-8346-0c50e2fa890a,2026-09-08T00:00:00,2026-09-08T00:00:00,0,LARGE,FIEND,Devil,LAWFUL_EVIL,16,7,161,17,10,68,false,18,16,18,13,14,16,12,Infernal; telepathy 120 ft.,120,9.0,5000,4,NULL,NULL,NULL,NULL
53eecd33-b723-5698-aad8-be4f5769dfff,2026-09-08T00:00:00,2026-09-08T00:00:00,0,MEDIUM,DRAGON,Metallic,CHAOTIC_GOOD,15,2,22,4,8,4,false,15,10,13,10,11,13,14,Draconic,NULL,1.0,200,2,NULL,NULL,NULL,NULL
4861d128-a31a-5af4-a8cf-186ba15cdbe7,2026-09-08T00:00:00,2026-09-08T00:00:00,0,LARGE,DRAGON,Metallic,CHAOTIC_GOOD,17,3,110,13,10,39,false,19,10,17,12,11,15,16,"Common, Draconic",NULL,6.0,2300,3,NULL,NULL,NULL,NULL
0a0ac3d8-b993-56f8-bacc-4fd12b3ebd82,2026-09-08T00:00:00,2026-09-08T00:00:00,0,HUGE,DRAGON,Metallic,CHAOTIC_GOOD,18,10,172,15,12,75,false,23,10,21,14,13,17,21,"Common, Draconic",NULL,13.0,10000,5,3,CHARISMA,16,NULL
a79b4f29-217a-560d-b531-c4e3a1e90688,2026-09-08T00:00:00,2026-09-08T00:00:00,0,GARGANTUAN,DRAGON,Metallic,CHAOTIC_GOOD,20,12,332,19,20,133,false,27,10,25,16,15,22,24,"Common, Draconic",NULL,20.0,25000,6,3,CHARISMA,20,NULL
1810cc58-9406-5d1c-b03a-45846d94f7d6,2026-09-08T00:00:00,2026-09-08T00:00:00,0,MEDIUM,DRAGON,Metallic,LAWFUL_GOOD,15,2,39,6,8,12,false,17,10,15,12,11,15,14,Draconic,NULL,2.0,450,2,NULL,NULL,NULL,NULL
f8a6fde2-0db9-5a03-9908-cafbe72ef9bf,2026-09-08T00:00:00,2026-09-08T00:00:00,0,LARGE,DRAGON,Metallic,LAWFUL_GOOD,17,3,142,15,10,60,false,21,10,19,14,13,17,17,"Common, Draconic",NULL,8.0,3900,3,NULL,NULL,NULL,NULL
4a686859-4851-5d47-b3ea-d5303adfac70,2026-09-08T00:00:00,2026-09-08T00:00:00,0,HUGE,DRAGON,Metallic,LAWFUL_GOOD,18,10,212,17,12,102,false,25,10,23,16,15,20,22,"Common, Draconic",NULL,15.0,13000,5,3,CHARISMA,17,10
feb2e64e-a0be-5b77-b650-900315f7fbb2,2026-09-08T00:00:00,2026-09-08T00:00:00,0,GARGANTUAN,DRAGON,Metallic,LAWFUL_GOOD,22,14,444,24,20,192,false,29,10,27,18,17,25,27,"Common, Draconic",NULL,22.0,41000,7,3,CHARISMA,22,14
707a2111-17f9-5510-8d72-0638f947ccb1,2026-09-08T00:00:00,2026-09-08T00:00:00,0,MEDIUM,FEY,Goblinoid,CHAOTIC_EVIL,15,2,65,10,8,20,false,17,14,14,11,12,11,11,"Common, Goblin",NULL,3.0,700,2,NULL,NULL,NULL,NULL
1f4940b4-7f8a-52de-8c9f-ca62bb7a26bb,2026-09-08T00:00:00,2026-09-08T00:00:00,0,MEDIUM,FEY,Goblinoid,CHAOTIC_EVIL,14,2,33,6,8,6,false,15,14,13,8,11,9,10,"Common, Goblin",NULL,1.0,200,2,NULL,NULL,NULL,NULL
61a8a166-336a-5981-9e69-b22289abc5f6,2026-09-08T00:00:00,2026-09-08T00:00:00,0,LARGE,MONSTROSITY,NULL,UNALIGNED,17,0,94,9,10,45,false,19,11,21,2,10,5,16,None,NULL,5.0,1800,3,NULL,NULL,NULL,NULL
0068719a-5a5d-5df4-a8e5-55b712c71e7f,2026-09-08T00:00:00,2026-09-08T00:00:00,0,LARGE,FEY,NULL,NEUTRAL_GOOD,16,2,45,6,10,12,false,18,14,14,9,13,11,13,"Elvish, Sylvan",NULL,2.0,450,2,NULL,NULL,NULL,NULL
9d0f45d2-353c-55d6-b25a-ecf41a13a35e,2026-09-08T00:00:00,2026-09-08T00:00:00,0,MEDIUM,FIEND,Devil,LAWFUL_EVIL,15,5,85,10,8,40,false,18,15,18,11,12,14,11,Infernal; telepathy 120 ft.,120,8.0,3900,3,NULL,NULL,NULL,NULL
b7798ab4-ff0f-597c-8f42-24ff5148156d,2026-09-08T00:00:00,2026-09-08T00:00:00,0,LARGE,MONSTROSITY,NULL,CHAOTIC_EVIL,14,0,114,12,10,48,false,19,11,19,3,14,10,18,Understands Draconic but can't speak,NULL,6.0,2300,3,NULL,NULL,NULL,NULL
f8687241-5230-57e7-8cc5-96a1769ed7eb,2026-09-08T00:00:00,2026-09-08T00:00:00,0,LARGE,ABERRATION,NULL,CHAOTIC_EVIL,16,0,76,9,10,27,false,19,10,16,5,11,5,14,Understands Deep Speech but can't speak,NULL,4.0,1100,2,NULL,NULL,NULL,NULL
30ddc18c-251c-5334-99e2-7b0e692d8a05,2026-09-08T00:00:00,2026-09-08T00:00:00,0,LARGE,CONSTRUCT,NULL,UNALIGNED,14,3,123,13,10,52,false,20,9,18,3,8,1,9,Common plus one other language,NULL,9.0,5000,4,NULL,NULL,NULL,NULL
be712961-00e4-5fdc-b3d9-7ce4b3ef3839,2026-09-08T00:00:00,2026-09-08T00:00:00,0,LARGE,ABERRATION,NULL,CHAOTIC_NEUTRAL,14,5,91,14,10,14,false,17,15,12,13,14,7,12,"Deep Speech, Undercommon",NULL,8.0,3900,3,NULL,NULL,NULL,NULL
28133e24-4663-51d1-9e69-22efd9a246dd,2026-09-08T00:00:00,2026-09-08T00:00:00,0,HUGE,GIANT,NULL,NEUTRAL,14,4,200,16,12,96,true,27,10,22,12,16,16,21,"Common, Giant",NULL,9.0,5000,4,NULL,CHARISMA,15,NULL
b9eea488-d320-5cfa-b843-701d38590264,2026-09-08T00:00:00,2026-09-08T00:00:00,0,SMALL,MONSTROSITY,NULL,UNALIGNED,11,1,22,5,6,5,false,6,12,12,2,13,5,11,None,NULL,0.5,100,2,NULL,NULL,NULL,NULL
a8fc19ef-5730-5d26-b461-c590dfdbc3b9,2026-09-08T00:00:00,2026-09-08T00:00:00,0,MEDIUM,HUMANOID,NULL,NEUTRAL,10,0,4,1,8,NULL,false,10,10,10,10,10,10,10,Common,NULL,0.0,10,2,NULL,NULL,NULL,NULL
ce0387c8-3d13-50bf-a216-5174851b483d,2026-09-08T00:00:00,2026-09-08T00:00:00,0,MEDIUM,DRAGON,Metallic,CHAOTIC_GOOD,16,3,22,4,8,4,false,15,12,13,14,11,13,14,Draconic,NULL,1.0,200,2,NULL,NULL,NULL,NULL
20d99010-e378-59c5-a9ca-52eb9fbd070c,2026-09-08T00:00:00,2026-09-08T00:00:00,0,LARGE,DRAGON,Metallic,CHAOTIC_GOOD,17,4,119,14,10,42,false,19,12,17,16,13,15,17,"Common, Draconic",NULL,7.0,2900,3,NULL,NULL,NULL,NULL
df40b7e6-7047-5eb9-ab7e-f8ce1c1280d5,2026-09-08T00:00:00,2026-09-08T00:00:00,0,HUGE,DRAGON,Metallic,CHAOTIC_GOOD,18,11,184,16,12,80,false,23,12,21,18,15,18,22,"Common, Draconic",NULL,14.0,11500,5,3,CHARISMA,17,NULL
33da4341-6b62-5233-9c0f-f355e2738ccc,2026-09-08T00:00:00,2026-09-08T00:00:00,0,GARGANTUAN,DRAGON,Metallic,CHAOTIC_GOOD,21,15,367,21,20,147,false,27,12,25,20,17,22,27,"Common, Draconic",NULL,21.0,33000,7,3,CHARISMA,21,NULL
75aaf7d9-8097-5f09-8c47-db10961f69cb,2026-09-08T00:00:00,2026-09-08T00:00:00,0,MEDIUM,CELESTIAL,NULL,LAWFUL_GOOD,19,5,60,8,8,24,false,16,20,17,18,20,18,15,All; telepathy 120 ft.,120,4.0,1100,2,NULL,WISDOM,15,NULL
68a5204b-c403-538a-9ad4-12ac83ff69dc,2026-09-08T00:00:00,2026-09-08T00:00:00,0,MEDIUM,UNDEAD,Swarm of Tiny Undead,NEUTRAL_EVIL,12,2,49,11,8,NULL,false,14,14,11,5,10,4,10,Understands Common but can't speak,NULL,3.0,700,2,NULL,NULL,NULL,NULL
cf402a02-a4aa-50e5-a064-ab051149082f,2026-09-08T00:00:00,2026-09-08T00:00:00,0,MEDIUM,HUMANOID,NULL,NEUTRAL,12,1,9,2,8,NULL,false,11,12,10,10,11,10,10,Common,NULL,0.125,25,2,NULL,NULL,NULL,NULL
e4ab2238-e788-5fae-b26d-32aa80151e67,2026-09-08T00:00:00,2026-09-08T00:00:00,0,MEDIUM,HUMANOID,NULL,NEUTRAL,13,2,44,8,8,8,false,11,14,12,10,14,13,12,Common,NULL,2.0,450,2,NULL,WISDOM,12,4
369d4ec5-4a3f-5850-a40f-54c4f4ae4b59,2026-09-08T00:00:00,2026-09-08T00:00:00,0,SMALL,ABERRATION,NULL,UNALIGNED,11,3,22,5,6,5,false,16,12,13,2,10,5,10,None,NULL,0.5,100,2,NULL,NULL,NULL,NULL
6f8f63ea-0142-585a-a7fe-0f86dfcf594f,2026-09-08T00:00:00,2026-09-08T00:00:00,0,MEDIUM,MONSTROSITY,NULL,NEUTRAL_EVIL,12,2,39,6,8,12,false,15,14,14,3,13,6,15,None,NULL,1.0,200,2,NULL,NULL,NULL,NULL
38042d14-b41a-58d3-a5c3-ad7aec83e56d,2026-09-08T00:00:00,2026-09-08T00:00:00,0,MEDIUM,CELESTIAL,Angel,LAWFUL_GOOD,17,4,229,27,8,108,true,18,18,18,17,20,20,19,All; telepathy 120 ft.,120,10.0,5900,4,NULL,CHARISMA,17,NULL
17cd2716-817e-5095-96fe-3eb45434cd63,2026-09-08T00:00:00,2026-09-08T00:00:00,0,LARGE,ELEMENTAL,Genie,NEUTRAL,17,2,218,19,10,114,true,21,15,22,15,16,20,13,Primordial (Auran),NULL,11.0,7200,4,NULL,CHARISMA,17,NULL
f72245b9-387c-5cf6-bbe0-f1ac86a358c4,2026-09-08T00:00:00,2026-09-08T00:00:00,0,MEDIUM,MONSTROSITY,NULL,NEUTRAL,14,4,52,8,8,16,false,11,18,14,11,12,14,11,Common plus three other languages,NULL,3.0,700,2,NULL,CHARISMA,12,NULL
d7092d19-28a7-5f39-9e71-464623ce89c9,2026-09-08T00:00:00,2026-09-08T00:00:00,0,GARGANTUAN,DRAGON,NULL,NEUTRAL,20,6,356,23,20,115,false,25,10,20,10,12,12,11,"Draconic, Primordial (Aquan)",NULL,17.0,18000,6,NULL,NULL,NULL,NULL
6133215b-a31d-562d-9316-35324f562d6c,2026-09-08T00:00:00,2026-09-08T00:00:00,0,SMALL,FIEND,Demon,CHAOTIC_EVIL,11,0,18,4,6,4,false,12,11,12,5,8,3,9,Abyssal; telepathy 60 ft. (works only with creatures that understand Abyssal),60,0.25,50,2,NULL,NULL,NULL,NULL
53c43655-552b-5980-baf2-1249e3456a99,2026-09-08T00:00:00,2026-09-08T00:00:00,0,LARGE,MONSTROSITY,NULL,CHAOTIC_EVIL,19,4,123,13,10,52,false,16,19,18,13,16,12,16,"Elvish, Undercommon",NULL,6.0,2300,3,NULL,WISDOM,14,NULL
1bd5702c-3e46-5ef7-9c2f-74770fb8ef7d,2026-09-08T00:00:00,2026-09-08T00:00:00,0,MEDIUM,HUMANOID,Druid,NEUTRAL,13,1,44,8,8,8,false,10,12,13,12,16,11,15,"Common, Druidic, Sylvan",NULL,2.0,450,2,NULL,WISDOM,13,NULL
033c4445-4e17-58f3-be70-b82e6bf147f7,2026-09-08T00:00:00,2026-09-08T00:00:00,0,MEDIUM,FEY,NULL,NEUTRAL,16,1,22,5,8,NULL,false,10,12,11,14,15,18,14,"Elvish, Sylvan",NULL,1.0,200,2,NULL,CHARISMA,14,NULL
3d4b70a2-00a8-50b4-b5d1-809fc757b318,2026-09-08T00:00:00,2026-09-08T00:00:00,0,LARGE,ELEMENTAL,NULL,NEUTRAL,17,-1,147,14,10,70,false,20,8,20,5,10,5,10,Primordial (Terran),NULL,5.0,1800,3,NULL,NULL,NULL,NULL
0df6b8f7-5890-5cc2-9795-0ce79262cb6c,2026-09-08T00:00:00,2026-09-08T00:00:00,0,LARGE,ELEMENTAL,Genie,NEUTRAL,17,1,212,17,10,119,true,22,12,24,16,15,19,12,Primordial (Ignan),NULL,11.0,7200,4,NULL,CHARISMA,16,NULL
bc11534a-39f1-5691-bb6b-3885b920c84b,2026-09-08T00:00:00,2026-09-08T00:00:00,0,MEDIUM,FIEND,Devil,LAWFUL_EVIL,18,7,178,21,8,84,false,18,16,18,14,14,18,16,Infernal; telepathy 120 ft.,120,12.0,8400,4,NULL,NULL,NULL,NULL
69acc152-e877-5d92-af3a-4d2d14804d64,2026-09-08T00:00:00,2026-09-08T00:00:00,0,MEDIUM,MONSTROSITY,NULL,NEUTRAL_EVIL,13,2,44,8,8,8,false,14,15,13,7,12,8,13,None,NULL,2.0,450,2,NULL,NULL,NULL,NULL
c87f1d42-e66b-50e8-9625-1741041c8a93,2026-09-08T00:00:00,2026-09-08T00:00:00,0,LARGE,GIANT,NULL,CHAOTIC_EVIL,12,-1,85,10,10,30,false,21,8,17,6,10,8,14,Giant,NULL,4.0,1100,2,NULL,NULL,NULL,NULL
36997c98-bf66-58b2-9d69-422d70eff96b,2026-09-08T00:00:00,2026-09-08T00:00:00,0,LARGE,ELEMENTAL,NULL,NEUTRAL,13,3,93,11,10,33,false,10,17,16,6,10,7,10,Primordial (Ignan),NULL,5.0,1800,3,NULL,NULL,NULL,NULL
0e4104f9-de6d-5c28-9fca-22bf44b73ed6,2026-09-08T00:00:00,2026-09-08T00:00:00,0,HUGE,GIANT,NULL,LAWFUL_EVIL,18,3,162,13,12,78,false,25,9,23,10,14,13,16,Giant,NULL,9.0,5000,4,NULL,NULL,NULL,NULL
b50869dc-e3a1-57fd-8419-cd10dd1b1885,2026-09-08T00:00:00,2026-09-08T00:00:00,0,MEDIUM,CONSTRUCT,NULL,NEUTRAL,9,-1,127,15,8,60,false,19,9,18,6,10,5,10,Understands Common plus one other language but can't speak,NULL,5.0,1800,3,NULL,NULL,NULL,NULL
b9adfac7-a098-5858-8481-6ad99f16eb26,2026-09-08T00:00:00,2026-09-08T00:00:00,0,HUGE,GIANT,NULL,NEUTRAL_EVIL,15,2,149,13,12,65,false,23,9,21,9,10,12,13,Giant,NULL,8.0,3900,3,NULL,NULL,NULL,NULL
cc618aa0-1ee7-5853-a26e-000fb122fda3,2026-09-08T00:00:00,2026-09-08T00:00:00,0,MEDIUM,PLANT,NULL,UNALIGNED,5,-5,13,3,8,NULL,false,1,1,10,1,3,1,6,None,NULL,0.0,0,2,NULL,NULL,NULL,NULL
ef11c0ec-388a-5fcb-8cb4-f3cff6d5dd10,2026-09-08T00:00:00,2026-09-08T00:00:00,0,MEDIUM,PLANT,NULL,UNALIGNED,5,-5,18,4,8,NULL,false,3,1,10,1,3,1,6,None,NULL,0.25,50,2,NULL,NULL,NULL,NULL
209a0db5-c38a-556f-b56a-7f274bb42e4d,2026-09-08T00:00:00,2026-09-08T00:00:00,0,MEDIUM,ELEMENTAL,NULL,CHAOTIC_EVIL,15,2,67,9,8,27,false,15,11,16,6,11,7,10,Primordial (Terran),NULL,2.0,450,2,NULL,NULL,NULL,NULL
2a1ca355-abde-537a-af0c-c79e04265666,2026-09-08T00:00:00,2026-09-08T00:00:00,0,LARGE,OOZE,NULL,UNALIGNED,6,-4,63,6,10,30,false,14,3,20,1,6,1,8,None,NULL,2.0,450,2,NULL,NULL,NULL,NULL
6f9b0cfe-9018-5cb8-849f-e0e4ff493900,2026-09-08T00:00:00,2026-09-08T00:00:00,0,MEDIUM,UNDEAD,NULL,CHAOTIC_EVIL,13,3,36,8,8,NULL,false,16,17,10,11,10,8,10,Common,NULL,2.0,450,2,NULL,NULL,NULL,NULL
2ec7306c-1c74-51a7-940b-8cc4da983b97,2026-09-08T00:00:00,2026-09-08T00:00:00,0,MEDIUM,UNDEAD,NULL,NEUTRAL,11,1,45,10,8,NULL,true,7,13,10,10,12,17,11,Common plus one other language,NULL,4.0,1100,2,NULL,NULL,NULL,NULL
6a74b6e8-457f-5655-9c95-72d4822f7ee7,2026-09-08T00:00:00,2026-09-08T00:00:00,0,MEDIUM,UNDEAD,NULL,CHAOTIC_EVIL,12,2,22,5,8,NULL,false,13,15,10,7,10,6,10,Common,NULL,1.0,200,2,NULL,NULL,NULL,NULL
a4d9c15d-4ab6-5721-ad72-c042f590e25e,2026-09-08T00:00:00,2026-09-08T00:00:00,0,MEDIUM,ABERRATION,NULL,CHAOTIC_NEUTRAL,9,-1,52,7,8,21,false,10,8,16,3,10,6,10,None,NULL,2.0,450,2,NULL,NULL,NULL,NULL
dc04d0e1-24ee-5712-b18c-b83dc8f5ad4a,2026-09-08T00:00:00,2026-09-08T00:00:00,0,LARGE,FIEND,Demon,CHAOTIC_EVIL,17,6,189,18,10,90,false,20,15,21,19,17,16,17,Abyssal; telepathy 120 ft.,120,9.0,5000,4,NULL,INTELLIGENCE,16,NULL
d8f72762-af3b-5b03-9c37-a4ddc79f2e1b,2026-09-08T00:00:00,2026-09-08T00:00:00,0,MEDIUM,HUMANOID,NULL,NEUTRAL,16,5,112,15,8,45,false,18,15,16,10,12,15,11,Common,NULL,5.0,1800,3,NULL,NULL,NULL,NULL
fc3aef8b-2b9b-50fb-98e4-3e5221400b1e,2026-09-08T00:00:00,2026-09-08T00:00:00,0,MEDIUM,FIEND,NULL,CHAOTIC_EVIL,15,1,27,6,8,NULL,false,14,12,11,6,10,7,10,Gnoll,NULL,0.5,100,2,NULL,NULL,NULL,NULL
ad77e9cf-c420-5b55-bafe-46c51fba0ade,2026-09-08T00:00:00,2026-09-08T00:00:00,0,SMALL,FEY,Goblinoid,CHAOTIC_NEUTRAL,12,2,7,2,6,NULL,false,8,15,10,10,8,8,9,"Common, Goblin",NULL,0.125,25,2,NULL,NULL,NULL,NULL
08b6d58f-a525-5063-9bdb-72618a737b11,2026-09-08T00:00:00,2026-09-08T00:00:00,0,SMALL,FEY,Goblinoid,CHAOTIC_NEUTRAL,15,2,10,3,6,NULL,false,8,15,10,10,8,8,9,"Common, Goblin",NULL,0.25,50,2,NULL,NULL,NULL,NULL
e8108f5d-5141-5121-89ec-692f9fe7328d,2026-09-08T00:00:00,2026-09-08T00:00:00,0,SMALL,FEY,Goblinoid,CHAOTIC_NEUTRAL,17,2,21,6,6,NULL,false,10,15,10,10,8,10,9,"Common, Goblin",NULL,1.0,200,2,NULL,NULL,NULL,NULL
5041345d-a209-5470-a65c-30ca8c8b0e01,2026-09-08T00:00:00,2026-09-08T00:00:00,0,MEDIUM,DRAGON,Metallic,LAWFUL_GOOD,17,4,60,8,8,24,false,19,14,17,14,11,16,14,Draconic,NULL,3.0,NULL,2,NULL,NULL,NULL,NULL
cd5a1706-a5eb-5f93-9a27-d0e675cf4d3f,2026-09-08T00:00:00,2026-09-08T00:00:00,0,LARGE,DRAGON,Metallic,LAWFUL_GOOD,18,6,178,17,10,85,false,23,14,21,16,13,20,19,"Common, Draconic",NULL,10.0,5900,4,NULL,NULL,NULL,NULL
f30a06ec-741b-5822-ae9b-15d64671ed04,2026-09-08T00:00:00,2026-09-08T00:00:00,0,HUGE,DRAGON,Metallic,LAWFUL_GOOD,19,14,243,18,12,126,false,27,14,25,16,15,24,24,"Common, Draconic",NULL,17.0,18000,6,3,CHARISMA,21,13
48df82ed-f959-54b8-b03a-24dc248ba79b,2026-09-08T00:00:00,2026-09-08T00:00:00,0,GARGANTUAN,DRAGON,Metallic,LAWFUL_GOOD,22,16,546,28,20,252,false,30,14,29,18,17,28,27,"Common, Draconic",NULL,24.0,62000,7,3,CHARISMA,24,16
be5a1ceb-5d3f-5258-9e1b-073feb18b8be,2026-09-08T00:00:00,2026-09-08T00:00:00,0,LARGE,CONSTRUCT,NULL,UNALIGNED,19,0,114,12,10,48,false,20,11,18,2,12,7,17,None,NULL,5.0,1800,3,NULL,NULL,NULL,NULL
6f87e0ae-d0fb-5f06-9dff-9b3a09154664,2026-09-08T00:00:00,2026-09-08T00:00:00,0,MEDIUM,OOZE,NULL,UNALIGNED,9,-2,22,3,8,9,false,12,6,16,1,6,2,8,None,NULL,0.5,100,2,NULL,NULL,NULL,NULL
0e52bb7c-96d5-58f9-b469-b45eab8c3c3d,2026-09-08T00:00:00,2026-09-08T00:00:00,0,MEDIUM,DRAGON,Chromatic,LAWFUL_EVIL,17,3,38,7,8,7,false,15,12,13,14,11,13,14,Draconic,NULL,2.0,450,2,NULL,NULL,NULL,NULL
6b603949-759d-5c72-b310-074d45747013,2026-09-08T00:00:00,2026-09-08T00:00:00,0,LARGE,DRAGON,Chromatic,LAWFUL_EVIL,18,4,136,16,10,48,false,19,12,17,16,13,15,17,"Common, Draconic",NULL,8.0,3900,3,NULL,NULL,NULL,NULL
352006ea-b852-59c0-b79c-6dda624688c4,2026-09-08T00:00:00,2026-09-08T00:00:00,0,HUGE,DRAGON,Chromatic,LAWFUL_EVIL,19,11,207,18,12,90,false,23,12,21,18,15,18,22,"Common, Draconic",NULL,15.0,13000,5,3,CHARISMA,17,NULL
e02f30d6-9c3f-5ee7-9937-b2df7044344c,2026-09-08T00:00:00,2026-09-08T00:00:00,0,GARGANTUAN,DRAGON,Chromatic,LAWFUL_EVIL,21,15,402,23,20,161,false,27,12,25,20,17,22,27,"Common, Draconic",NULL,22.0,41000,7,3,CHARISMA,21,NULL
edb83e46-b4f5-56ed-8a8b-aebec29863c2,2026-09-08T00:00:00,2026-09-08T00:00:00,0,MEDIUM,FEY,NULL,NEUTRAL_EVIL,17,1,82,11,8,33,false,18,12,16,13,14,14,14,"Common, Elvish, Sylvan",NULL,3.0,700,2,NULL,INTELLIGENCE,11,NULL
3a7ab06f-a094-5767-b2d0-61f1dceed4c1,2026-09-08T00:00:00,2026-09-08T00:00:00,0,MEDIUM,ABERRATION,NULL,UNALIGNED,14,2,54,12,8,NULL,false,14,14,11,3,14,5,12,None,NULL,2.0,450,2,NULL,NULL,NULL,NULL
549be1bb-de18-58a1-898c-0b112ef15332,2026-09-08T00:00:00,2026-09-08T00:00:00,0,LARGE,MONSTROSITY,NULL,UNALIGNED,12,2,59,7,10,21,false,18,15,16,2,13,8,15,None,NULL,2.0,450,2,NULL,NULL,NULL,NULL
da6bee9d-ded1-5cfa-8348-a21043f6adf9,2026-09-08T00:00:00,2026-09-08T00:00:00,0,MEDIUM,ABERRATION,NULL,NEUTRAL_EVIL,11,1,11,2,8,2,false,16,12,12,9,8,6,13,None,NULL,0.25,50,2,NULL,NULL,NULL,NULL
5741bdc0-01af-5fdf-938b-d977ca6f514d,2026-09-08T00:00:00,2026-09-08T00:00:00,0,LARGE,CELESTIAL,NULL,LAWFUL_GOOD,18,4,136,16,10,48,false,19,18,16,16,19,18,14,"Celestial, Common",NULL,10.0,5900,4,NULL,WISDOM,16,NULL
c442a044-2660-5ae1-bb76-7941919b88aa,2026-09-08T00:00:00,2026-09-08T00:00:00,0,MEDIUM,HUMANOID,NULL,NEUTRAL,16,1,11,2,8,2,false,13,12,12,10,11,10,12,Common,NULL,0.125,25,2,NULL,NULL,NULL,NULL
33eb289c-e2fe-5c3c-ab3f-1d86c92f00e5,2026-09-08T00:00:00,2026-09-08T00:00:00,0,MEDIUM,HUMANOID,NULL,NEUTRAL,18,4,75,10,8,30,false,18,14,16,12,14,13,14,Common,NULL,4.0,1100,2,NULL,NULL,NULL,NULL
cab786f8-266c-5d51-87eb-518eb632d617,2026-09-08T00:00:00,2026-09-08T00:00:00,0,MEDIUM,DRAGON,NULL,NEUTRAL,18,5,105,14,8,42,false,19,14,16,10,15,14,15,"Common, Draconic",NULL,5.0,1800,3,NULL,NULL,NULL,NULL
a699a7c7-0c6e-5b4e-8b02-cb0af0975ef1,2026-09-08T00:00:00,2026-09-08T00:00:00,0,MEDIUM,MONSTROSITY,NULL,CHAOTIC_EVIL,11,1,38,7,8,7,false,12,13,12,7,10,13,10,Common,NULL,1.0,200,2,NULL,NULL,NULL,NULL
0ec3a98e-0d40-5fba-933c-a05c59487953,2026-09-08T00:00:00,2026-09-08T00:00:00,0,MEDIUM,FIEND,NULL,LAWFUL_EVIL,15,1,58,9,8,18,false,17,12,14,6,13,6,15,Understands Infernal but can't speak,NULL,3.0,700,2,NULL,NULL,NULL,NULL
f0daad33-3bad-5c96-9515-fbe749874b41,2026-09-08T00:00:00,2026-09-08T00:00:00,0,LARGE,FIEND,Demon,CHAOTIC_EVIL,18,6,157,15,10,75,false,19,17,20,5,12,13,11,Abyssal; telepathy 120 ft.,120,8.0,3900,3,NULL,NULL,NULL,NULL
0c5b8963-efc7-5c4c-9622-da0d0ea3607a,2026-09-08T00:00:00,2026-09-08T00:00:00,0,HUGE,GIANT,NULL,CHAOTIC_EVIL,13,2,105,10,12,40,false,21,8,19,5,9,6,12,Giant,NULL,5.0,1800,3,NULL,NULL,NULL,NULL
fc25baba-85df-506b-959e-dbc35112a9bb,2026-09-08T00:00:00,2026-09-08T00:00:00,0,LARGE,MONSTROSITY,NULL,UNALIGNED,11,1,26,4,10,4,false,17,13,13,2,12,8,15,None,NULL,1.0,200,2,NULL,NULL,NULL,NULL
45d59fb4-87ea-5101-88e4-8749239b5fc1,2026-09-08T00:00:00,2026-09-08T00:00:00,0,MEDIUM,FEY,Goblinoid,LAWFUL_EVIL,18,3,11,2,8,2,false,13,12,12,10,10,9,10,"Common, Goblin",NULL,0.5,100,2,NULL,NULL,NULL,NULL
bdbf6f10-fb16-5ce7-99cd-f74fdec699f3,2026-09-08T00:00:00,2026-09-08T00:00:00,0,MEDIUM,FEY,Goblinoid,LAWFUL_EVIL,17,4,58,9,8,18,false,15,14,14,12,10,13,10,"Common, Goblin",NULL,3.0,700,2,NULL,NULL,NULL,NULL
9f10001a-1443-5480-9792-f59d6ab56cc8,2026-09-08T00:00:00,2026-09-08T00:00:00,0,TINY,CONSTRUCT,NULL,NEUTRAL,13,2,4,1,4,2,false,4,15,14,10,10,7,10,Understands Common plus one other language but can't speak,NULL,0.0,10,2,NULL,NULL,NULL,NULL
7e11286d-f7aa-5d3b-9ad1-2da41f2f5c14,2026-09-08T00:00:00,2026-09-08T00:00:00,0,LARGE,FIEND,Devil,LAWFUL_EVIL,18,7,199,19,10,95,false,22,17,21,12,16,18,13,Infernal; telepathy 120 ft.,120,11.0,7200,4,NULL,NULL,NULL,NULL
6663817c-edf8-552e-8ede-f0d77e4d658a,2026-09-08T00:00:00,2026-09-08T00:00:00,0,HUGE,MONSTROSITY,NULL,UNALIGNED,15,4,184,16,12,80,false,20,12,20,2,10,7,16,None,NULL,8.0,3900,3,NULL,NULL,NULL,NULL
639dc600-5a69-58a8-ba9a-f9a49f36ae95,2026-09-08T00:00:00,2026-09-08T00:00:00,0,LARGE,FIEND,Devil,LAWFUL_EVIL,18,7,228,24,10,96,false,21,14,18,18,15,18,17,Infernal; telepathy 120 ft.,120,14.0,11500,5,NULL,INTELLIGENCE,17,NULL
eac7706e-b667-5ac5-ae31-b3bf3e5c9bac,2026-09-08T00:00:00,2026-09-08T00:00:00,0,TINY,FIEND,Devil,LAWFUL_EVIL,13,3,21,6,4,6,false,6,17,13,11,12,14,11,"Common, Infernal",NULL,1.0,200,2,NULL,NULL,NULL,NULL
3367bac2-faa5-5174-9acd-237dd9d9fbbf,2026-09-08T00:00:00,2026-09-08T00:00:00,0,MEDIUM,FIEND,NULL,NEUTRAL_EVIL,15,3,66,12,8,12,false,8,17,13,15,12,20,15,"Abyssal, Common, Infernal; telepathy 60 ft.",60,4.0,1100,2,NULL,CHARISMA,15,NULL
baafa8c2-3531-5793-a8d3-2c02e302903a,2026-09-08T00:00:00,2026-09-08T00:00:00,0,LARGE,ELEMENTAL,NULL,NEUTRAL,14,7,97,13,10,26,true,16,19,14,10,15,11,18,"Common, Primordial (Auran)",NULL,6.0,2300,3,NULL,NULL,NULL,NULL
6353a56e-4d51-5e4e-9815-7a47498e7ad7,2026-09-08T00:00:00,2026-09-08T00:00:00,0,LARGE,CONSTRUCT,NULL,UNALIGNED,20,9,252,24,10,120,false,24,9,20,3,11,1,10,Understands Common plus two other languages but can't speak,NULL,16.0,15000,5,NULL,NULL,NULL,NULL
4e972e38-7089-56be-b409-0cba74ef0537,2026-09-08T00:00:00,2026-09-08T00:00:00,0,MEDIUM,HUMANOID,NULL,NEUTRAL,18,0,52,8,8,16,false,16,11,14,11,11,15,10,Common plus one other language,NULL,3.0,700,2,NULL,NULL,NULL,NULL
e5e42c51-2f6c-5283-ab41-83068f4a3436,2026-09-08T00:00:00,2026-09-08T00:00:00,0,SMALL,DRAGON,NULL,NEUTRAL,14,2,7,3,6,-3,false,7,15,9,8,7,8,8,"Common, Draconic",NULL,0.125,25,2,NULL,NULL,NULL,NULL
cfcdd6a4-3b89-53a6-9557-d06ca21a1946,2026-09-08T00:00:00,2026-09-08T00:00:00,0,GARGANTUAN,MONSTROSITY,Titan,CHAOTIC_EVIL,18,14,481,26,20,208,false,30,11,26,22,18,20,21,"Understands Abyssal, Celestial, Infernal, and Primordial but can't speak; telepathy 120 ft.",120,23.0,50000,7,3,NULL,NULL,NULL
51deafbd-8649-5be8-bf4c-ea9984eb00f9,2026-09-08T00:00:00,2026-09-08T00:00:00,0,LARGE,FIEND,NULL,CHAOTIC_EVIL,13,1,97,13,10,26,false,16,13,15,14,15,16,12,"Abyssal, Common",NULL,4.0,1100,2,NULL,CHARISMA,13,NULL
ca4ebfe1-7875-527f-8849-3aed5c7f1257,2026-09-08T00:00:00,2026-09-08T00:00:00,0,MEDIUM,FIEND,Devil,LAWFUL_EVIL,9,-3,9,2,8,NULL,false,10,5,11,1,11,3,10,Understands Infernal but can't speak,NULL,0.0,10,2,NULL,NULL,NULL,NULL
874246f2-ba2f-5948-add9-e11c8fa60fd9,2026-09-08T00:00:00,2026-09-08T00:00:00,0,MEDIUM,UNDEAD,Wizard,NEUTRAL_EVIL,20,17,315,42,8,126,false,11,16,16,21,14,16,19,All,NULL,21.0,33000,7,3,INTELLIGENCE,20,NULL
e9358f36-6ff4-5a72-bd5e-923bc130177c,2026-09-08T00:00:00,2026-09-08T00:00:00,0,MEDIUM,HUMANOID,Wizard,NEUTRAL,15,2,81,18,8,NULL,false,9,14,11,17,12,11,14,Common plus three other languages,NULL,6.0,2300,3,NULL,INTELLIGENCE,14,NULL
252f9ded-9b49-5d4d-bda3-d1141e1b97f4,2026-09-08T00:00:00,2026-09-08T00:00:00,0,MEDIUM,HUMANOID,Wizard,NEUTRAL,17,7,170,31,8,31,false,10,14,12,20,15,16,16,Common plus five other languages,NULL,12.0,8000,4,NULL,INTELLIGENCE,17,NULL
ff734998-0aad-5bc3-b979-d62e50842e2c,2026-09-08T00:00:00,2026-09-08T00:00:00,0,SMALL,ELEMENTAL,NULL,CHAOTIC_NEUTRAL,14,2,13,3,6,3,false,7,15,12,8,11,10,10,Primordial (Ignan),NULL,0.5,100,2,NULL,NULL,NULL,NULL
2d12f026-9bcb-5cf9-8959-1f5d7d4dfac0,2026-09-08T00:00:00,2026-09-08T00:00:00,0,LARGE,MONSTROSITY,NULL,LAWFUL_EVIL,14,3,68,8,10,24,false,17,16,17,7,12,8,11,Common,NULL,3.0,700,2,NULL,NULL,NULL,NULL
cac1f74d-45d4-5314-abde-f8386a57304b,2026-09-08T00:00:00,2026-09-08T00:00:00,0,LARGE,FIEND,Demon,CHAOTIC_EVIL,16,10,220,21,10,105,false,18,20,20,18,16,20,18,Abyssal; telepathy 120 ft.,120,16.0,15000,5,NULL,NULL,NULL,NULL
4d26569e-6acf-582e-a1b0-d097e477ed7e,2026-09-08T00:00:00,2026-09-08T00:00:00,0,MEDIUM,MONSTROSITY,NULL,LAWFUL_EVIL,15,6,127,17,8,51,false,10,17,16,12,13,15,14,Common plus one other language,NULL,6.0,2300,3,NULL,NULL,NULL,NULL
63c2085a-f8fb-56a6-bd7a-7ec20b5e0b5d,2026-09-08T00:00:00,2026-09-08T00:00:00,0,SMALL,ELEMENTAL,NULL,NEUTRAL_EVIL,12,2,17,5,6,NULL,false,5,14,10,9,11,10,12,"Primordial (Auran, Terran)",NULL,0.5,100,2,NULL,CHARISMA,10,NULL
089d2b7c-87b1-5a9e-8561-0997f2e8dadb,2026-09-08T00:00:00,2026-09-08T00:00:00,0,SMALL,ELEMENTAL,NULL,NEUTRAL_EVIL,11,1,21,6,6,NULL,false,7,13,10,9,11,12,12,"Primordial (Aquan, Auran)",NULL,0.5,100,2,NULL,NULL,NULL,NULL
126bfcc3-bb22-5b98-9d99-805dc5254c26,2026-09-08T00:00:00,2026-09-08T00:00:00,0,SMALL,ELEMENTAL,NULL,NEUTRAL_EVIL,11,1,18,4,6,4,false,8,12,12,7,10,10,10,"Primordial (Ignan, Terran)",NULL,0.5,100,2,NULL,NULL,NULL,NULL
96eca42e-4260-5e69-b338-c26f8d3774a9,2026-09-08T00:00:00,2026-09-08T00:00:00,0,SMALL,ELEMENTAL,NULL,NEUTRAL_EVIL,10,0,17,5,6,NULL,false,5,11,10,11,10,12,10,"Primordial (Aquan, Ignan)",NULL,0.25,50,2,NULL,NULL,NULL,NULL
b80c26a9-8c68-5c94-b64f-dece51fba485,2026-09-08T00:00:00,2026-09-08T00:00:00,0,MEDIUM,ELEMENTAL,NULL,NEUTRAL,11,1,11,2,8,2,false,10,13,12,11,14,12,12,"Common, Primordial (Aquan)",NULL,0.125,25,2,NULL,NULL,NULL,NULL
50655a6b-f693-555d-afa2-b56c6339cb42,2026-09-08T00:00:00,2026-09-08T00:00:00,0,LARGE,MONSTROSITY,NULL,CHAOTIC_EVIL,13,2,45,6,10,12,false,18,15,15,8,10,9,10,"Abyssal, Primordial (Aquan)",NULL,2.0,450,2,NULL,NULL,NULL,NULL
34afcb0b-0b82-56bb-b819-1efb6a800708,2026-09-08T00:00:00,2026-09-08T00:00:00,0,MEDIUM,MONSTROSITY,NULL,NEUTRAL,12,3,58,9,8,18,false,17,12,15,5,13,8,11,None,NULL,2.0,450,2,NULL,NULL,NULL,NULL
7b9fad12-53c1-5a08-85aa-df75b4b2e3f6,2026-09-08T00:00:00,2026-09-08T00:00:00,0,LARGE,MONSTROSITY,NULL,CHAOTIC_EVIL,14,0,85,10,10,30,false,18,11,16,6,16,9,17,Abyssal,NULL,3.0,700,2,NULL,NULL,NULL,NULL
ef32e688-948a-50df-8734-56c6e5720391,2026-09-08T00:00:00,2026-09-08T00:00:00,0,MEDIUM,UNDEAD,NULL,LAWFUL_EVIL,11,-1,58,9,8,18,false,16,8,15,6,12,12,11,Common plus two other languages,NULL,3.0,700,2,NULL,NULL,NULL,NULL
74ea9d70-a5a1-5c65-8527-7e786bb6045e,2026-09-08T00:00:00,2026-09-08T00:00:00,0,MEDIUM,UNDEAD,Cleric,LAWFUL_EVIL,17,10,187,25,8,75,false,18,10,17,11,19,16,19,Common plus three other languages,NULL,15.0,13000,5,3,WISDOM,17,9
c165fa51-3abd-5b4d-a097-059ffbf588f4,2026-09-08T00:00:00,2026-09-08T00:00:00,0,LARGE,FIEND,Demon,CHAOTIC_EVIL,18,5,184,16,10,96,false,21,10,22,19,12,15,11,Abyssal; telepathy 120 ft.,120,13.0,10000,5,NULL,NULL,NULL,NULL
65484791-9b43-5d65-be3b-cbf65b4be9c5,2026-09-08T00:00:00,2026-09-08T00:00:00,0,MEDIUM,FIEND,NULL,NEUTRAL_EVIL,17,5,112,15,8,45,false,18,15,16,16,14,16,15,"Abyssal, Common, Infernal, Primordial",NULL,5.0,1800,3,NULL,INTELLIGENCE,14,NULL
40c86b28-ff23-54d9-9533-80b34fb57638,2026-09-08T00:00:00,2026-09-08T00:00:00,0,LARGE,FIEND,NULL,NEUTRAL_EVIL,13,2,68,8,10,24,true,18,15,16,10,13,15,11,"Understands Abyssal, Common, and Infernal but can't speak",NULL,3.0,700,2,NULL,NULL,NULL,NULL
5d5a5edf-cbf2-5478-954e-06f2f58313f3,2026-09-08T00:00:00,2026-09-08T00:00:00,0,MEDIUM,HUMANOID,NULL,NEUTRAL,15,1,9,2,8,NULL,false,11,12,11,12,14,16,12,Common plus two other languages,NULL,0.125,25,2,NULL,NULL,NULL,NULL
9dd8d1ff-7594-518e-9d12-2b93012eaa10,2026-09-08T00:00:00,2026-09-08T00:00:00,0,LARGE,OOZE,NULL,UNALIGNED,8,-2,52,7,10,14,false,15,6,14,2,6,1,8,None,NULL,2.0,450,2,NULL,NULL,NULL,NULL
78c08956-5857-51c0-acfc-26dd812a1909,2026-09-08T00:00:00,2026-09-08T00:00:00,0,LARGE,GIANT,NULL,CHAOTIC_EVIL,11,-1,68,8,10,24,false,19,8,16,5,7,7,8,"Common, Giant",NULL,2.0,450,2,NULL,NULL,NULL,NULL
50b05fc2-5b24-59c4-92c4-6151e86f42ed,2026-09-08T00:00:00,2026-09-08T00:00:00,0,LARGE,FIEND,NULL,LAWFUL_EVIL,17,0,119,14,10,42,true,19,11,16,14,12,15,14,"Common, Giant",NULL,7.0,2900,3,NULL,CHARISMA,13,NULL
40a2a2bb-0e31-5d7f-a389-5b795ba869a8,2026-09-08T00:00:00,2026-09-08T00:00:00,0,LARGE,ABERRATION,NULL,NEUTRAL,14,0,104,11,10,44,false,16,11,19,6,13,6,11,Otyugh; telepathy 120 ft. (doesn't allow the receiving creature to respond telepathically),120,5.0,1800,3,NULL,NULL,NULL,NULL
d54766b1-f3fe-52d9-8957-55829cd140cc,2026-09-08T00:00:00,2026-09-08T00:00:00,0,LARGE,MONSTROSITY,NULL,UNALIGNED,13,1,59,7,10,21,false,20,12,17,3,12,7,15,None,NULL,3.0,700,2,NULL,NULL,NULL,NULL
61137728-1031-5ab2-961d-cd09da5d24b0,2026-09-08T00:00:00,2026-09-08T00:00:00,0,LARGE,CELESTIAL,NULL,CHAOTIC_GOOD,12,2,59,7,10,21,false,18,15,16,10,15,13,16,"Understands Celestial, Common, Elvish, and Sylvan but can't speak",NULL,2.0,450,2,NULL,NULL,NULL,NULL
344e7a03-e20a-5e8f-9d0b-fd14273b2f97,2026-09-08T00:00:00,2026-09-08T00:00:00,0,LARGE,MONSTROSITY,NULL,UNALIGNED,14,3,45,7,10,7,false,15,16,12,6,10,6,10,None,NULL,3.0,700,2,NULL,NULL,NULL,NULL
5a7ebffa-d46d-5348-97b6-74810cf440ab,2026-09-08T00:00:00,2026-09-08T00:00:00,0,MEDIUM,HUMANOID,NULL,NEUTRAL,14,5,33,6,8,6,false,10,16,12,8,12,14,11,Common plus one other language,NULL,1.0,200,2,NULL,NULL,NULL,NULL
5fad0893-2721-5e54-87ac-c74595a5a8e1,2026-09-08T00:00:00,2026-09-08T00:00:00,0,MEDIUM,HUMANOID,NULL,NEUTRAL,17,7,84,13,8,26,false,10,18,14,10,14,17,15,Common plus one other language,NULL,6.0,2300,3,NULL,NULL,NULL,NULL
1f6780e2-633d-523c-9ae4-6f74c4ca04bc,2026-09-08T00:00:00,2026-09-08T00:00:00,0,LARGE,FIEND,Devil,LAWFUL_EVIL,21,14,337,27,10,189,false,26,14,24,22,18,24,20,Infernal; telepathy 120 ft.,120,20.0,25000,6,NULL,CHARISMA,21,NULL
d5c41de9-f969-5a3a-a98b-a355fc36b0a4,2026-09-08T00:00:00,2026-09-08T00:00:00,0,LARGE,CELESTIAL,Angel,LAWFUL_GOOD,19,10,262,21,10,147,true,24,20,24,19,22,25,21,All; telepathy 120 ft.,120,16.0,15000,5,NULL,NULL,NULL,NULL
8373949f-5cb1-5479-ba9a-652851ba3ab9,2026-09-08T00:00:00,2026-09-08T00:00:00,0,MEDIUM,HUMANOID,Cleric,NEUTRAL,13,0,11,2,8,2,false,14,10,12,10,14,11,12,Common,NULL,0.25,50,2,NULL,NULL,NULL,NULL
20998135-fcaa-5d94-8d4b-1f95bdecb9c3,2026-09-08T00:00:00,2026-09-08T00:00:00,0,MEDIUM,HUMANOID,Cleric,NEUTRAL,13,0,38,7,8,7,false,16,10,12,13,16,13,15,Common plus one other language,NULL,2.0,450,2,NULL,WISDOM,13,NULL
6dca46b9-6593-51c7-9bb3-08dbb296e7ca,2026-09-08T00:00:00,2026-09-08T00:00:00,0,TINY,DRAGON,NULL,NEUTRAL_GOOD,14,2,10,3,4,3,false,6,15,13,10,12,10,15,Understands Common and Draconic but can't speak,NULL,0.25,50,2,NULL,NULL,NULL,NULL
d0069fe4-1f7f-531e-969e-8e9f751cbb02,2026-09-08T00:00:00,2026-09-08T00:00:00,0,GARGANTUAN,MONSTROSITY,NULL,UNALIGNED,18,3,247,15,20,90,false,28,7,22,1,8,4,9,None,NULL,15.0,13000,5,NULL,NULL,NULL,NULL
8b4527f2-be0e-54a1-9a38-5c740f5be669,2026-09-08T00:00:00,2026-09-08T00:00:00,0,TINY,FIEND,Demon,CHAOTIC_EVIL,13,3,25,10,4,NULL,false,5,17,10,7,10,10,10,"Abyssal, Common",NULL,1.0,200,2,NULL,NULL,NULL,NULL
952200fa-a33d-5e9a-9270-d875660a6e4a,2026-09-08T00:00:00,2026-09-08T00:00:00,0,MEDIUM,FIEND,NULL,LAWFUL_EVIL,17,8,221,26,8,104,false,14,17,18,13,16,20,18,"Common, Infernal",NULL,13.0,10000,5,NULL,CHARISMA,18,NULL
91ac15bc-bcfd-57a5-a6c9-e0a4593259ad,2026-09-08T00:00:00,2026-09-08T00:00:00,0,MEDIUM,DRAGON,Chromatic,CHAOTIC_EVIL,17,2,75,10,8,30,false,19,10,17,12,11,15,14,Draconic,NULL,4.0,1100,2,NULL,NULL,NULL,NULL
198505b8-d56a-5b8a-b550-4a85af512f4f,2026-09-08T00:00:00,2026-09-08T00:00:00,0,LARGE,DRAGON,Chromatic,CHAOTIC_EVIL,18,4,178,17,10,85,false,23,10,21,14,11,19,18,"Common, Draconic",NULL,10.0,5900,4,NULL,NULL,NULL,NULL
4f4517ac-a1f8-5b81-a64f-553d2b370d77,2026-09-08T00:00:00,2026-09-08T00:00:00,0,HUGE,DRAGON,Chromatic,CHAOTIC_EVIL,19,12,256,19,12,133,false,27,10,25,16,13,23,23,"Common, Draconic",NULL,17.0,18000,6,3,CHARISMA,20,12
ebe3fc0e-b274-5701-bbeb-0eff8a046873,2026-09-08T00:00:00,2026-09-08T00:00:00,0,GARGANTUAN,DRAGON,Chromatic,CHAOTIC_EVIL,22,14,507,26,20,234,false,30,10,29,18,15,27,26,"Common, Draconic",NULL,24.0,62000,7,3,CHARISMA,23,15
27b93787-51bc-5b70-930e-905c76c8a861,2026-09-08T00:00:00,2026-09-08T00:00:00,0,HUGE,MONSTROSITY,NULL,UNALIGNED,17,5,195,17,12,85,false,24,13,21,4,10,5,10,None,NULL,11.0,7200,4,NULL,NULL,NULL,NULL
49455e6c-0e05-58ae-b3d3-7e8136717b56,2026-09-08T00:00:00,2026-09-08T00:00:00,0,GARGANTUAN,MONSTROSITY,NULL,UNALIGNED,15,8,248,16,20,80,false,28,10,20,3,10,9,18,None,NULL,11.0,7200,4,NULL,NULL,NULL,NULL
0faa36a0-cd97-54ca-936b-233cb939221d,2026-09-08T00:00:00,2026-09-08T00:00:00,0,LARGE,ABERRATION,NULL,NEUTRAL_EVIL,20,5,93,11,10,33,false,18,8,17,7,16,6,16,None,NULL,5.0,1800,3,NULL,NULL,NULL,NULL
81db1a38-c86f-5383-9ea3-925094ab6155,2026-09-08T00:00:00,2026-09-08T00:00:00,0,MEDIUM,MONSTROSITY,NULL,UNALIGNED,14,1,33,6,8,6,false,13,12,13,2,13,6,11,None,NULL,0.5,100,2,NULL,NULL,NULL,NULL
0de28e84-86cb-5d90-a0c8-2a51bfde1bf0,2026-09-08T00:00:00,2026-09-08T00:00:00,0,MEDIUM,FIEND,NULL,LAWFUL_EVIL,12,0,22,4,8,4,false,13,11,12,12,13,9,15,Sahuagin,NULL,0.5,100,2,NULL,NULL,NULL,NULL
255b5979-9d43-563c-804f-8340c1756bdf,2026-09-08T00:00:00,2026-09-08T00:00:00,0,LARGE,ELEMENTAL,NULL,NEUTRAL_EVIL,15,2,90,12,10,24,false,18,14,15,11,10,12,10,Primordial (Ignan),NULL,5.0,1800,3,NULL,NULL,NULL,NULL
46418783-34e1-56d9-9051-06a8cb946379,2026-09-08T00:00:00,2026-09-08T00:00:00,0,MEDIUM,FEY,NULL,CHAOTIC_NEUTRAL,13,3,31,7,8,NULL,false,12,16,11,12,10,14,12,"Common, Elvish, Sylvan",NULL,0.5,100,2,NULL,NULL,NULL,NULL
872c883b-3192-5833-8111-b9170e159574,2026-09-08T00:00:00,2026-09-08T00:00:00,0,MEDIUM,HUMANOID,NULL,NEUTRAL,13,2,16,3,8,3,false,11,14,12,11,13,11,15,Common plus one other language,NULL,0.5,100,2,NULL,NULL,NULL,NULL
55029c8d-41ca-5898-b5bc-694c22431b93,2026-09-08T00:00:00,2026-09-08T00:00:00,0,MEDIUM,FEY,NULL,CHAOTIC_EVIL,14,1,52,7,8,21,false,16,13,16,12,12,13,11,"Common, Giant, Primordial (Aquan)",NULL,2.0,450,2,NULL,INTELLIGENCE,11,NULL
be513016-5033-51e9-a25d-d88133e41410,2026-09-08T00:00:00,2026-09-08T00:00:00,0,MEDIUM,UNDEAD,NULL,CHAOTIC_EVIL,12,2,27,5,8,5,false,6,14,13,6,10,8,10,None,NULL,0.5,100,2,NULL,NULL,NULL,NULL
8797172f-e535-53b2-b92a-51c9f014bb9c,2026-09-08T00:00:00,2026-09-08T00:00:00,0,LARGE,PLANT,NULL,UNALIGNED,15,-1,110,13,10,39,false,18,8,16,5,10,5,10,None,NULL,5.0,1800,3,NULL,NULL,NULL,NULL
e7044c07-d8e9-5da2-9307-aa80a82b2b84,2026-09-08T00:00:00,2026-09-08T00:00:00,0,LARGE,CONSTRUCT,NULL,UNALIGNED,17,-1,142,15,10,60,false,18,8,18,7,10,3,10,Understands commands given in any language but can't speak,NULL,7.0,2900,3,NULL,NULL,NULL,NULL
22b5678b-8fa5-5a6d-a7ec-bbe215df3d46,2026-09-08T00:00:00,2026-09-08T00:00:00,0,MEDIUM,DRAGON,Metallic,LAWFUL_GOOD,17,2,45,6,8,18,false,19,10,17,12,11,15,14,Draconic,NULL,2.0,NULL,2,NULL,NULL,NULL,NULL
ff19a367-ce85-57fd-87fa-8ce112039f79,2026-09-08T00:00:00,2026-09-08T00:00:00,0,LARGE,DRAGON,Metallic,LAWFUL_GOOD,18,4,168,16,10,80,false,23,10,21,14,11,19,18,"Common, Draconic",NULL,9.0,5000,4,NULL,NULL,NULL,NULL
572aabd0-686e-5187-b72d-e9db3add7d7f,2026-09-08T00:00:00,2026-09-08T00:00:00,0,HUGE,DRAGON,Metallic,LAWFUL_GOOD,19,10,216,16,12,112,false,27,10,25,16,13,22,21,"Common, Draconic",NULL,16.0,15000,5,3,CHARISMA,19,11
61648b56-7b1e-50fb-9133-05264fd470c1,2026-09-08T00:00:00,2026-09-08T00:00:00,0,GARGANTUAN,DRAGON,Metallic,LAWFUL_GOOD,22,14,468,24,20,216,false,30,10,29,18,15,26,26,"Common, Draconic",NULL,23.0,50000,7,3,CHARISMA,23,15
b925d03e-b635-5ff4-9a3a-55714f3801c8,2026-09-08T00:00:00,2026-09-08T00:00:00,0,MEDIUM,UNDEAD,NULL,LAWFUL_EVIL,14,3,13,2,8,4,false,10,16,15,6,8,5,9,Understands Common plus one other language but can't speak,NULL,0.25,50,2,NULL,NULL,NULL,NULL
3894e974-6a37-5fe6-819f-34607281077b,2026-09-08T00:00:00,2026-09-08T00:00:00,0,LARGE,UNDEAD,NULL,LAWFUL_EVIL,13,1,22,3,10,6,false,18,12,15,2,8,5,9,None,NULL,0.5,100,2,NULL,NULL,NULL,NULL
d6690be2-fe5d-5181-b5a2-a70d2f078524,2026-09-08T00:00:00,2026-09-08T00:00:00,0,LARGE,UNDEAD,NULL,LAWFUL_EVIL,12,0,45,6,10,12,false,18,11,15,6,8,5,9,Understands Abyssal but can't speak,NULL,2.0,450,2,NULL,NULL,NULL,NULL
88e30d20-5c53-5362-ac06-23372004dcc2,2026-09-08T00:00:00,2026-09-08T00:00:00,0,LARGE,CELESTIAL,Angel,LAWFUL_GOOD,21,20,297,22,10,176,true,26,22,26,25,25,30,24,All; telepathy 120 ft.,120,21.0,33000,7,3,CHARISMA,25,NULL
762c4171-6477-5706-b8ef-2d1882f9f0e7,2026-09-08T00:00:00,2026-09-08T00:00:00,0,MEDIUM,UNDEAD,NULL,CHAOTIC_EVIL,12,2,22,5,8,NULL,true,1,14,11,10,10,11,10,Understands Common plus one other language but can't speak,NULL,1.0,200,2,NULL,NULL,NULL,NULL
d9fa6de6-609b-500a-b12b-5d6facdc2db1,2026-09-08T00:00:00,2026-09-08T00:00:00,0,TINY,CELESTIAL,NULL,LAWFUL_GOOD,13,3,24,7,4,7,false,6,17,13,15,12,11,11,"Celestial, Common",NULL,1.0,200,2,NULL,NULL,NULL,NULL
e9b8bfaa-6730-5da9-a123-2ddc61ee9887,2026-09-08T00:00:00,2026-09-08T00:00:00,0,LARGE,CELESTIAL,NULL,LAWFUL_NEUTRAL,17,10,170,20,10,60,false,18,15,16,18,18,18,18,"Celestial, Common",NULL,11.0,7200,4,3,INTELLIGENCE,16,NULL
5df859a8-4247-5372-811b-304e3921ff11,2026-09-08T00:00:00,2026-09-08T00:00:00,0,LARGE,CELESTIAL,NULL,LAWFUL_NEUTRAL,17,12,199,19,10,95,false,22,10,20,16,23,18,22,"Celestial, Common",NULL,17.0,18000,6,3,WISDOM,20,NULL
7b035506-c08d-5e3b-9953-a27493b96e96,2026-09-08T00:00:00,2026-09-08T00:00:00,0,LARGE,FIEND,NULL,CHAOTIC_EVIL,17,3,135,18,10,36,false,18,17,14,16,15,16,12,"Abyssal, Common",NULL,8.0,3900,3,NULL,INTELLIGENCE,14,NULL
dccc7c87-4681-5bac-9350-568e1c76e937,2026-09-08T00:00:00,2026-09-08T00:00:00,0,TINY,FEY,NULL,NEUTRAL_GOOD,15,4,10,4,4,NULL,false,3,18,10,14,13,11,13,"Common, Elvish, Sylvan",NULL,0.25,50,2,NULL,NULL,NULL,NULL
d66a8a58-b0c8-5f08-9ba5-db64b48dbb42,2026-09-08T00:00:00,2026-09-08T00:00:00,0,MEDIUM,HUMANOID,NULL,NEUTRAL,12,4,27,6,8,NULL,false,10,15,10,12,14,16,16,Common plus one other language,NULL,1.0,200,2,NULL,NULL,NULL,NULL
92b71b91-ac6b-56d5-9de7-1eaff99c446c,2026-09-08T00:00:00,2026-09-08T00:00:00,0,TINY,MONSTROSITY,NULL,UNALIGNED,13,3,5,2,4,NULL,false,4,16,11,2,8,6,9,None,NULL,0.125,25,2,NULL,NULL,NULL,NULL
a1bfe89a-4d20-5fcb-a3b4-bb3fee18ae2f,2026-09-08T00:00:00,2026-09-08T00:00:00,0,HUGE,GIANT,NULL,NEUTRAL,17,5,126,11,12,55,false,23,15,20,10,12,9,14,Giant,NULL,7.0,2900,3,NULL,NULL,NULL,NULL
1e3d7463-9156-5de7-817a-663e0cbf79d2,2026-09-08T00:00:00,2026-09-08T00:00:00,0,LARGE,CONSTRUCT,NULL,UNALIGNED,18,3,220,21,10,105,false,22,9,20,3,11,1,10,Understands Common plus two other languages but can't speak,NULL,10.0,5900,4,NULL,CONSTITUTION,17,NULL
2befbad5-fc44-5196-925e-4aef0bc84a75,2026-09-08T00:00:00,2026-09-08T00:00:00,0,HUGE,GIANT,NULL,CHAOTIC_GOOD,16,7,230,20,12,100,true,29,14,20,16,20,18,20,"Common, Giant",NULL,13.0,10000,5,NULL,WISDOM,18,NULL
578daa8d-fc6b-5da1-a52f-fbc8b4d7ad22,2026-09-08T00:00:00,2026-09-08T00:00:00,0,MEDIUM,FIEND,NULL,NEUTRAL_EVIL,15,3,71,13,8,13,false,8,17,13,15,12,20,15,"Abyssal, Common, Infernal; telepathy 60 ft.",60,4.0,1100,2,NULL,CHARISMA,15,NULL
f01dc9ea-555e-51ff-a7f2-16d629f7d3e9,2026-09-08T00:00:00,2026-09-08T00:00:00,0,GARGANTUAN,MONSTROSITY,Titan,UNALIGNED,25,18,697,34,20,340,false,30,11,30,3,11,11,19,None,NULL,30.0,155000,9,3,NULL,NULL,NULL
2845034d-f87a-5f06-98f4-7f54ae895d41,2026-09-08T00:00:00,2026-09-08T00:00:00,0,MEDIUM,HUMANOID,NULL,NEUTRAL,12,1,32,5,8,10,false,15,12,14,10,10,11,10,Common,NULL,0.5,100,2,NULL,NULL,NULL,NULL
3adcd839-4f14-5e6a-9ab4-62c8caf3d88f,2026-09-08T00:00:00,2026-09-08T00:00:00,0,MEDIUM,HUMANOID,NULL,NEUTRAL,16,2,82,11,8,33,false,17,14,16,11,10,11,10,Common plus one other language,NULL,4.0,1100,2,NULL,NULL,NULL,NULL
3a69541d-4ed4-56ef-9073-e768c6bf7342,2026-09-08T00:00:00,2026-09-08T00:00:00,0,HUGE,PLANT,NULL,CHAOTIC_GOOD,16,3,138,12,12,60,false,23,8,21,12,16,12,13,"Common, Druidic, Elvish, Sylvan",NULL,9.0,5000,4,NULL,NULL,NULL,NULL
ae1563c8-0adc-544e-9f82-5da6cab34c17,2026-09-08T00:00:00,2026-09-08T00:00:00,0,LARGE,GIANT,NULL,CHAOTIC_EVIL,15,1,94,9,10,45,false,18,13,20,7,9,7,15,Giant,NULL,5.0,1800,3,NULL,NULL,NULL,NULL
b1e3b533-ce3e-576e-b98e-4cdebe94d7d8,2026-09-08T00:00:00,2026-09-08T00:00:00,0,SMALL,GIANT,NULL,CHAOTIC_EVIL,13,1,14,4,6,NULL,false,18,12,10,1,9,1,9,None,NULL,0.5,100,2,NULL,NULL,NULL,NULL
631e533d-18b2-5a2f-8152-df17a92aea99,2026-09-08T00:00:00,2026-09-08T00:00:00,0,LARGE,CELESTIAL,NULL,LAWFUL_GOOD,12,8,97,13,10,26,false,18,14,15,11,17,16,13,"Celestial, Elvish, Sylvan; telepathy 120 ft.",120,5.0,1800,3,3,CHARISMA,14,NULL
f022f9a7-af46-5251-9eac-b532ad6704b2,2026-09-08T00:00:00,2026-09-08T00:00:00,0,MEDIUM,HUMANOID,NULL,NEUTRAL_EVIL,15,5,65,10,8,20,false,17,16,15,10,10,14,14,Common plus one other language,NULL,3.0,700,2,NULL,NULL,NULL,NULL
a628dc90-421d-5cd7-9394-f11ac9684481,2026-09-08T00:00:00,2026-09-08T00:00:00,0,MEDIUM,UNDEAD,NULL,NEUTRAL_EVIL,16,3,90,12,8,36,false,16,16,16,11,10,12,13,Common plus one other language,NULL,5.0,1800,3,NULL,NULL,NULL,NULL
3a4c6071-45ce-544b-821c-32fa7b1db427,2026-09-08T00:00:00,2026-09-08T00:00:00,0,MEDIUM,UNDEAD,NULL,LAWFUL_EVIL,16,14,195,23,8,92,false,18,18,18,17,15,18,17,Common plus two other languages,NULL,13.0,10000,5,3,CHARISMA,17,NULL
069c23dc-d371-5360-9dcf-9567d7805c65,2026-09-08T00:00:00,2026-09-08T00:00:00,0,LARGE,FIEND,Demon,CHAOTIC_EVIL,15,2,152,16,10,64,false,17,15,18,8,13,8,11,Abyssal; telepathy 120 ft.,120,6.0,2300,3,NULL,NULL,NULL,NULL
f04ea9d0-7d55-593a-a41b-6fbb5299b577,2026-09-08T00:00:00,2026-09-08T00:00:00,0,MEDIUM,HUMANOID,NULL,NEUTRAL,13,0,9,2,8,NULL,false,13,11,11,8,11,8,10,Common,NULL,0.125,25,2,NULL,NULL,NULL,NULL
190080e5-e870-55e0-ae7c-3badbf73ad9f,2026-09-08T00:00:00,2026-09-08T00:00:00,0,MEDIUM,HUMANOID,NULL,NEUTRAL,17,3,65,10,8,20,false,16,13,14,10,11,10,12,Common plus one other language,NULL,3.0,700,2,NULL,NULL,NULL,NULL
3840708e-43c7-5649-a63f-c2fc7a0494c8,2026-09-08T00:00:00,2026-09-08T00:00:00,0,LARGE,ELEMENTAL,NULL,NEUTRAL,14,2,114,12,10,48,false,18,14,18,5,10,8,10,Primordial (Aquan),NULL,5.0,1800,3,NULL,NULL,NULL,NULL
f657ecb2-3549-5870-ba69-ba43eb1f9027,2026-09-08T00:00:00,2026-09-08T00:00:00,0,MEDIUM,MONSTROSITY,Lycanthrope,NEUTRAL_GOOD,15,3,135,18,8,54,false,19,10,17,11,12,12,17,Common (can't speak in bear form),NULL,5.0,1800,3,NULL,NULL,NULL,NULL
d1c9c99f-7203-5a69-af2b-4eeb0ad7af06,2026-09-08T00:00:00,2026-09-08T00:00:00,0,MEDIUM,MONSTROSITY,Lycanthrope,NEUTRAL_EVIL,15,2,97,15,8,30,false,17,10,15,10,11,8,12,Common (can't speak in boar form),NULL,4.0,1100,2,NULL,NULL,NULL,NULL
cfa2ae81-694d-54b1-90f4-3f0ee7b7527c,2026-09-08T00:00:00,2026-09-08T00:00:00,0,MEDIUM,MONSTROSITY,Lycanthrope,LAWFUL_EVIL,13,3,60,11,8,11,false,10,16,12,11,10,8,14,Common (can't speak in rat form),NULL,2.0,450,2,NULL,NULL,NULL,NULL
115165f3-4b3a-5dc8-ac74-cca8c02719c9,2026-09-08T00:00:00,2026-09-08T00:00:00,0,MEDIUM,MONSTROSITY,Lycanthrope,NEUTRAL,12,2,120,16,8,48,false,17,15,16,10,13,11,15,Common (can't speak in tiger form),NULL,4.0,1100,2,NULL,NULL,NULL,NULL
4bad1953-be71-5018-bd30-ea4581d113bf,2026-09-08T00:00:00,2026-09-08T00:00:00,0,MEDIUM,MONSTROSITY,Lycanthrope,CHAOTIC_EVIL,15,4,71,11,8,22,false,16,14,14,10,11,10,14,Common (can't speak in wolf form),NULL,3.0,700,2,NULL,NULL,NULL,NULL
e50a506e-d3b7-5d24-926e-e81e7546358d,2026-09-08T00:00:00,2026-09-08T00:00:00,0,MEDIUM,DRAGON,Chromatic,CHAOTIC_EVIL,16,2,32,5,8,10,false,14,10,14,5,10,11,14,Draconic,NULL,2.0,NULL,2,NULL,NULL,NULL,NULL
c5ae861c-ca16-5751-99f3-1cb1b5b4f951,2026-09-08T00:00:00,2026-09-08T00:00:00,0,LARGE,DRAGON,Chromatic,CHAOTIC_EVIL,17,3,123,13,10,52,false,18,10,18,6,11,12,16,"Common, Draconic",NULL,6.0,NULL,3,NULL,NULL,NULL,NULL
42038caa-5299-5640-82b9-c0d6785a5f3a,2026-09-08T00:00:00,2026-09-08T00:00:00,0,HUGE,DRAGON,Chromatic,CHAOTIC_EVIL,18,10,200,16,12,96,false,22,10,22,8,12,12,21,"Common, Draconic",NULL,13.0,10000,5,3,CHARISMA,14,NULL
19675f2e-3466-545b-9347-ade58f3b61ff,2026-09-08T00:00:00,2026-09-08T00:00:00,0,GARGANTUAN,DRAGON,Chromatic,CHAOTIC_EVIL,20,12,333,18,20,144,false,26,10,26,10,13,18,23,"Common, Draconic",NULL,20.0,25000,6,3,CHARISMA,18,NULL
a3d10ca4-e168-5342-b4d0-29abb40fb585,2026-09-08T00:00:00,2026-09-08T00:00:00,0,MEDIUM,UNDEAD,NULL,NEUTRAL_EVIL,14,4,82,11,8,33,false,15,14,16,10,13,15,13,Common plus one other language,NULL,3.0,700,2,NULL,NULL,NULL,NULL
a8a4704e-9528-54ea-8d2f-a56a6500efd9,2026-09-08T00:00:00,2026-09-08T00:00:00,0,TINY,UNDEAD,NULL,CHAOTIC_EVIL,19,9,27,11,4,NULL,true,1,28,10,13,14,11,12,Common plus one other language,NULL,2.0,450,2,NULL,NULL,NULL,NULL
3d4115f7-a6b5-52db-be98-72f701a51c56,2026-09-08T00:00:00,2026-09-08T00:00:00,0,LARGE,MONSTROSITY,NULL,NEUTRAL_EVIL,13,1,75,10,10,20,false,18,13,14,7,12,8,15,"Common, Giant",NULL,3.0,700,2,NULL,NULL,NULL,NULL
63f5ecf2-41ea-5191-bc47-dd0ff4d10b69,2026-09-08T00:00:00,2026-09-08T00:00:00,0,LARGE,FEY,NULL,NEUTRAL_EVIL,13,1,26,4,10,4,false,16,13,13,7,11,8,14,"Goblin, Worg",NULL,0.5,100,2,NULL,NULL,NULL,NULL
2cfb606a-60ec-5937-8db4-7d404c2234dc,2026-09-08T00:00:00,2026-09-08T00:00:00,0,MEDIUM,UNDEAD,NULL,NEUTRAL_EVIL,13,3,67,9,8,27,true,6,16,16,12,14,15,12,Common plus two other languages,NULL,5.0,1800,3,NULL,NULL,NULL,NULL
437386d3-ad75-5add-b93c-95e08194955b,2026-09-08T00:00:00,2026-09-08T00:00:00,0,LARGE,DRAGON,NULL,UNALIGNED,14,0,127,15,10,45,false,19,10,16,5,12,6,14,None,NULL,6.0,2300,3,NULL,NULL,NULL,NULL
940db73c-b87a-5957-b362-4dd008a8f48e,2026-09-08T00:00:00,2026-09-08T00:00:00,0,MEDIUM,ELEMENTAL,NULL,NEUTRAL,19,0,84,8,8,48,false,17,10,22,11,10,11,16,Primordial (Terran),NULL,5.0,1800,3,NULL,NULL,NULL,NULL
16a54f39-cfd0-537b-b00e-9f569df859f9,2026-09-08T00:00:00,2026-09-08T00:00:00,0,MEDIUM,UNDEAD,NULL,NEUTRAL_EVIL,8,-2,15,2,8,6,false,13,6,16,3,6,5,8,Understands Common plus one other language but can't speak,NULL,0.25,50,2,NULL,NULL,NULL,NULL
ff5d8236-515f-5ded-abaa-8977de7c767a,2026-09-08T00:00:00,2026-09-08T00:00:00,0,LARGE,UNDEAD,NULL,NEUTRAL_EVIL,8,-2,85,9,10,36,false,19,6,18,3,6,5,8,Understands Common and Giant but can't speak,NULL,2.0,450,2,NULL,NULL,NULL,NULL
92704688-06ee-5568-8d8d-f96236d31913,2026-09-08T00:00:00,2026-09-08T00:00:00,0,LARGE,BEAST,Dinosaur,UNALIGNED,13,1,51,6,10,18,false,19,13,17,2,12,5,15,None,NULL,2.0,450,2,NULL,NULL,NULL,NULL
18edc8a1-a7f7-5c04-a2f5-5d6ac7ff11d3,2026-09-08T00:00:00,2026-09-08T00:00:00,0,HUGE,BEAST,Dinosaur,UNALIGNED,15,0,68,8,12,16,false,19,11,15,2,12,5,11,None,NULL,3.0,700,2,NULL,NULL,NULL,NULL
0f40b883-5a58-5794-b906-82035d172021,2026-09-08T00:00:00,2026-09-08T00:00:00,0,MEDIUM,BEAST,NULL,UNALIGNED,12,2,19,3,8,6,false,16,14,14,6,12,7,13,None,NULL,0.5,100,2,NULL,NULL,NULL,NULL
e22efba4-26f1-54a0-b7c4-4ff7bc0ab9ce,2026-09-08T00:00:00,2026-09-08T00:00:00,0,HUGE,BEAST,Dinosaur,UNALIGNED,17,3,90,12,12,12,false,18,16,13,4,14,6,12,None,NULL,4.0,1100,2,NULL,NULL,NULL,NULL
4d838837-aedb-548e-9e93-b49886272f9a,2026-09-08T00:00:00,2026-09-08T00:00:00,0,SMALL,BEAST,NULL,UNALIGNED,12,2,3,1,6,NULL,false,8,14,11,4,12,6,11,None,NULL,0.0,10,2,NULL,NULL,NULL,NULL
3704d23d-4c5e-55dc-84eb-a74e032a47e3,2026-09-08T00:00:00,2026-09-08T00:00:00,0,TINY,BEAST,NULL,UNALIGNED,11,0,5,1,4,3,false,10,11,16,2,12,5,13,None,NULL,0.0,10,2,NULL,NULL,NULL,NULL
7e669169-90c6-5e3e-b505-9e4ff1e037bb,2026-09-08T00:00:00,2026-09-08T00:00:00,0,TINY,BEAST,NULL,UNALIGNED,12,2,1,1,4,-1,false,2,15,8,2,12,4,11,None,NULL,0.0,10,2,NULL,NULL,NULL,NULL
e8fa0610-fcd4-578b-a004-9b02f3e12e79,2026-09-08T00:00:00,2026-09-08T00:00:00,0,MEDIUM,BEAST,NULL,UNALIGNED,11,1,19,3,8,6,false,15,12,14,2,12,7,15,None,NULL,0.5,100,2,NULL,NULL,NULL,NULL
fbf352de-cd2c-5bff-9e7d-2a8484f77e27,2026-09-08T00:00:00,2026-09-08T00:00:00,0,SMALL,BEAST,NULL,UNALIGNED,12,2,7,2,6,NULL,false,6,14,10,3,14,5,16,None,NULL,0.125,25,2,NULL,NULL,NULL,NULL
dba98ca4-777a-5292-9627-6dc3d8329dfa,2026-09-08T00:00:00,2026-09-08T00:00:00,0,MEDIUM,BEAST,NULL,UNALIGNED,11,0,13,2,8,4,false,13,11,14,2,9,5,9,None,NULL,0.25,50,2,NULL,NULL,NULL,NULL
8ad6b35d-fff5-56c8-baca-948e73b089d6,2026-09-08T00:00:00,2026-09-08T00:00:00,0,LARGE,BEAST,NULL,UNALIGNED,11,1,22,3,10,6,false,17,12,15,2,13,7,13,None,NULL,1.0,200,2,NULL,NULL,NULL,NULL
b6f94207-b056-56fd-9747-762bbe4f62d1,2026-09-08T00:00:00,2026-09-08T00:00:00,0,LARGE,BEAST,NULL,UNALIGNED,10,-1,17,2,10,6,false,15,8,17,2,11,5,10,None,NULL,0.125,25,2,NULL,NULL,NULL,NULL
e183bc79-04bb-5372-9169-b047f0e7fcd6,2026-09-08T00:00:00,2026-09-08T00:00:00,0,TINY,BEAST,NULL,UNALIGNED,12,2,2,1,4,NULL,false,3,15,10,3,12,7,13,None,NULL,0.0,10,2,NULL,NULL,NULL,NULL
8ee1744b-2bf5-5117-9808-7ac72a68ca02,2026-09-08T00:00:00,2026-09-08T00:00:00,0,LARGE,BEAST,NULL,UNALIGNED,13,2,13,2,10,2,false,15,14,12,1,10,3,12,None,NULL,0.25,50,2,NULL,NULL,NULL,NULL
4d370c01-4309-5e7d-a5d9-d51320c84a17,2026-09-08T00:00:00,2026-09-08T00:00:00,0,TINY,BEAST,NULL,UNALIGNED,11,0,3,1,4,1,false,6,11,12,1,8,2,9,None,NULL,0.0,10,2,NULL,NULL,NULL,NULL
2b88b661-117c-51b2-8b74-279854c1b565,2026-09-08T00:00:00,2026-09-08T00:00:00,0,LARGE,BEAST,NULL,UNALIGNED,12,0,13,2,10,2,false,15,10,13,2,10,5,10,None,NULL,0.5,100,2,NULL,NULL,NULL,NULL
027e374f-1431-505c-8ca2-061b30f0a547,2026-09-08T00:00:00,2026-09-08T00:00:00,0,MEDIUM,BEAST,NULL,UNALIGNED,13,3,4,1,8,NULL,false,11,16,11,2,14,5,14,None,NULL,0.0,10,2,NULL,NULL,NULL,NULL
581ffc25-bb48-5abb-8d11-a0fd283cdd51,2026-09-08T00:00:00,2026-09-08T00:00:00,0,LARGE,BEAST,NULL,UNALIGNED,14,2,22,3,10,6,false,17,15,15,3,12,7,15,None,NULL,1.0,200,2,NULL,NULL,NULL,NULL
15ef5b28-bc68-50f0-844f-48a1fa78e40b,2026-09-08T00:00:00,2026-09-08T00:00:00,0,LARGE,BEAST,NULL,UNALIGNED,10,0,15,2,10,4,false,18,10,15,2,11,7,10,None,NULL,0.25,50,2,NULL,NULL,NULL,NULL
bd286536-4c3c-53bc-bc3f-d62098bdc7c5,2026-09-08T00:00:00,2026-09-08T00:00:00,0,SMALL,BEAST,NULL,UNALIGNED,12,2,4,1,6,1,false,6,15,12,2,14,7,16,None,NULL,0.0,10,2,NULL,NULL,NULL,NULL
77d8fc42-d344-5b9c-804d-aac44d28e38c,2026-09-08T00:00:00,2026-09-08T00:00:00,0,HUGE,BEAST,NULL,UNALIGNED,12,-1,76,8,12,24,false,22,9,17,3,11,6,10,None,NULL,4.0,1100,2,NULL,NULL,NULL,NULL
4d0cc8d8-ecf9-56dd-9ede-83defb697727,2026-09-08T00:00:00,2026-09-08T00:00:00,0,LARGE,BEAST,NULL,UNALIGNED,10,0,11,2,10,NULL,false,16,10,11,2,10,6,12,None,NULL,0.25,50,2,NULL,NULL,NULL,NULL
a3920a7b-d766-5442-b584-de6729fc059b,2026-09-08T00:00:00,2026-09-08T00:00:00,0,TINY,MONSTROSITY,NULL,UNALIGNED,14,2,5,2,4,NULL,false,4,15,11,2,12,5,11,None,NULL,0.125,25,2,NULL,NULL,NULL,NULL
7a085fe5-878b-56af-a2e9-3f0fb62efc2d,2026-09-08T00:00:00,2026-09-08T00:00:00,0,TINY,BEAST,NULL,UNALIGNED,11,1,1,1,4,-1,false,1,13,8,1,8,3,11,None,NULL,0.0,10,2,NULL,NULL,NULL,NULL
c3c4447d-d53b-54e0-849b-acea0f269941,2026-09-08T00:00:00,2026-09-08T00:00:00,0,HUGE,BEAST,NULL,UNALIGNED,12,5,168,16,12,64,false,23,14,18,5,12,7,14,None,NULL,7.0,2900,3,NULL,NULL,NULL,NULL
460f5a70-c348-5f39-92f1-37f1daea128f,2026-09-08T00:00:00,2026-09-08T00:00:00,0,MEDIUM,BEAST,NULL,UNALIGNED,13,0,15,2,8,6,false,13,10,17,2,12,5,13,None,NULL,0.25,50,2,NULL,NULL,NULL,NULL
f6e2ab23-a44c-5809-8a57-569bf87665ab,2026-09-08T00:00:00,2026-09-08T00:00:00,0,LARGE,BEAST,NULL,UNALIGNED,13,3,22,4,10,NULL,false,15,16,11,2,12,6,11,None,NULL,0.25,50,2,NULL,NULL,NULL,NULL
e0b6604b-fd2e-54cd-bd8b-8a7238ef5e58,2026-09-08T00:00:00,2026-09-08T00:00:00,0,LARGE,BEAST,NULL,UNALIGNED,13,0,42,5,10,15,false,17,10,16,2,7,5,8,None,NULL,2.0,450,2,NULL,NULL,NULL,NULL
d06d792a-0b72-5500-97c2-7a2734774638,2026-09-08T00:00:00,2026-09-08T00:00:00,0,SMALL,BEAST,NULL,UNALIGNED,14,2,9,2,6,2,false,5,14,12,1,7,3,8,None,NULL,0.25,50,2,NULL,NULL,NULL,NULL
75955c5b-486d-587d-b3a3-c3093ac273bf,2026-09-08T00:00:00,2026-09-08T00:00:00,0,HUGE,BEAST,NULL,UNALIGNED,12,2,60,8,12,8,false,19,14,12,1,10,3,12,None,NULL,2.0,450,2,NULL,NULL,NULL,NULL
d87be2e4-fb8e-5dd5-a4e7-76df0b0d9cad,2026-09-08T00:00:00,2026-09-08T00:00:00,0,MEDIUM,BEAST,NULL,UNALIGNED,15,1,13,3,8,NULL,false,13,13,11,1,9,3,9,None,NULL,0.125,25,2,NULL,NULL,NULL,NULL
478baab9-87bd-546b-8fcf-ad8da7d9d1fd,2026-09-08T00:00:00,2026-09-08T00:00:00,0,HUGE,BEAST,NULL,UNALIGNED,14,-1,85,9,12,27,false,21,9,17,2,10,7,10,None,NULL,5.0,1800,3,NULL,NULL,NULL,NULL
913450cc-5e2c-5fb3-8705-5128e36f9efd,2026-09-08T00:00:00,2026-09-08T00:00:00,0,LARGE,CELESTIAL,NULL,NEUTRAL_GOOD,13,3,26,4,10,4,false,16,17,13,8,14,10,16,Celestial; understands Common and Primordial (Auran) but can't speak them,NULL,1.0,200,2,NULL,NULL,NULL,NULL
2d5e9b1e-44d6-5725-bd4e-fb25c296e462,2026-09-08T00:00:00,2026-09-08T00:00:00,0,HUGE,CELESTIAL,NULL,NEUTRAL_GOOD,14,6,42,5,12,10,false,19,18,14,7,14,10,14,"Celestial; understands Common, Elvish, and Sylvan but can't speak them",NULL,2.0,450,2,NULL,NULL,NULL,NULL
6564e3d3-b0c6-5412-b3d6-cf949797b340,2026-09-08T00:00:00,2026-09-08T00:00:00,0,SMALL,BEAST,NULL,UNALIGNED,13,0,4,1,6,1,false,8,10,12,1,7,3,8,None,NULL,0.0,10,2,NULL,NULL,NULL,NULL
3aa55d3f-d417-5980-9403-85590374a7cd,2026-09-08T00:00:00,2026-09-08T00:00:00,0,MEDIUM,BEAST,NULL,UNALIGNED,11,1,18,4,8,NULL,false,12,13,11,2,10,3,12,None,NULL,0.25,50,2,NULL,NULL,NULL,NULL
6973e0ef-9840-5b46-8352-b6ce443262b8,2026-09-08T00:00:00,2026-09-08T00:00:00,0,LARGE,BEAST,NULL,UNALIGNED,11,1,19,3,10,3,false,17,13,12,3,12,6,13,None,NULL,0.5,100,2,NULL,NULL,NULL,NULL
aabb5741-b2ed-53fb-90c9-194eef10f36c,2026-09-08T00:00:00,2026-09-08T00:00:00,0,LARGE,BEAST,NULL,UNALIGNED,12,2,45,6,10,12,false,16,14,14,2,12,7,13,None,NULL,1.0,200,2,NULL,NULL,NULL,NULL
1058ea9a-cdae-5a42-9cd6-426cacacd53a,2026-09-08T00:00:00,2026-09-08T00:00:00,0,LARGE,BEAST,NULL,UNALIGNED,12,1,19,3,10,3,false,15,12,13,2,10,5,10,None,NULL,0.25,50,2,NULL,NULL,NULL,NULL
46ff34df-1bd3-5e91-a2bd-37960bea0a03,2026-09-08T00:00:00,2026-09-08T00:00:00,0,LARGE,BEAST,NULL,UNALIGNED,11,1,45,7,10,7,false,17,13,13,5,10,4,14,None,NULL,1.0,200,2,NULL,NULL,NULL,NULL
475622ca-91c4-5069-99b6-59d4f6faae01,2026-09-08T00:00:00,2026-09-08T00:00:00,0,LARGE,CELESTIAL,NULL,NEUTRAL,12,2,19,3,10,3,false,13,15,12,10,14,10,16,"Celestial; understands Common, Elvish, and Sylvan but can't speak them",NULL,0.25,50,2,NULL,NULL,NULL,NULL
24f1f770-8a07-548a-9483-3a4a57422c30,2026-09-08T00:00:00,2026-09-08T00:00:00,0,SMALL,BEAST,NULL,UNALIGNED,13,3,7,2,6,NULL,false,7,16,11,2,10,4,12,None,NULL,0.125,25,2,NULL,NULL,NULL,NULL
4e913c2b-f884-5a7a-ba94-822c8cd7f92f,2026-09-08T00:00:00,2026-09-08T00:00:00,0,LARGE,BEAST,NULL,UNALIGNED,15,1,52,7,10,14,false,16,13,15,1,9,3,9,None,NULL,3.0,700,2,NULL,NULL,NULL,NULL
26091374-ee53-598e-ab79-2a30627828fd,2026-09-08T00:00:00,2026-09-08T00:00:00,0,LARGE,BEAST,NULL,UNALIGNED,14,1,16,3,10,NULL,false,15,12,11,2,12,5,11,None,NULL,0.5,100,2,NULL,NULL,NULL,NULL
b781341f-53df-5351-adce-594339b75a60,2026-09-08T00:00:00,2026-09-08T00:00:00,0,HUGE,BEAST,NULL,UNALIGNED,13,3,92,8,12,40,false,23,11,21,1,10,5,13,None,NULL,5.0,1800,3,NULL,NULL,NULL,NULL
8c3e18e9-fa7a-596d-8eab-eaa84a7a46cc,2026-09-08T00:00:00,2026-09-08T00:00:00,0,LARGE,BEAST,NULL,UNALIGNED,14,3,26,4,10,4,false,14,16,12,2,11,4,14,None,NULL,1.0,200,2,NULL,NULL,NULL,NULL
f45f554c-214e-58ac-8db3-7023bf6d0dba,2026-09-08T00:00:00,2026-09-08T00:00:00,0,LARGE,BEAST,NULL,UNALIGNED,11,1,39,6,10,6,false,15,13,13,2,10,3,10,None,NULL,1.0,200,2,NULL,NULL,NULL,NULL
611baf20-2499-5435-b163-35f131e23f34,2026-09-08T00:00:00,2026-09-08T00:00:00,0,MEDIUM,BEAST,NULL,UNALIGNED,14,4,11,2,8,2,false,10,18,13,2,10,3,12,None,NULL,0.25,50,2,NULL,NULL,NULL,NULL
1a4f6c0f-9861-5eea-8341-245614a44a1d,2026-09-08T00:00:00,2026-09-08T00:00:00,0,LARGE,MONSTROSITY,NULL,NEUTRAL_EVIL,10,0,25,3,10,9,false,15,10,16,6,12,7,13,Understands Common but can't speak,NULL,1.0,200,2,NULL,NULL,NULL,NULL
e948d696-8fc3-5c95-83a5-be3bda6d269f,2026-09-08T00:00:00,2026-09-08T00:00:00,0,MEDIUM,BEAST,NULL,UNALIGNED,13,2,22,5,8,NULL,false,10,14,10,1,10,3,10,None,NULL,0.5,100,2,NULL,NULL,NULL,NULL
ea14d920-c245-5a0a-9c31-5d070a772f22,2026-09-08T00:00:00,2026-09-08T00:00:00,0,MEDIUM,BEAST,NULL,UNALIGNED,13,3,9,2,8,NULL,false,11,17,10,4,12,5,13,None,NULL,0.125,25,2,NULL,NULL,NULL,NULL
86f4e1dc-af44-5df4-af07-38e16b0d42e5,2026-09-08T00:00:00,2026-09-08T00:00:00,0,MEDIUM,BEAST,NULL,UNALIGNED,13,3,11,2,8,2,false,12,16,13,3,12,4,13,None,NULL,0.25,50,2,NULL,NULL,NULL,NULL
0995e01e-9ad2-5e88-91e1-4d1256c81e0d,2026-09-08T00:00:00,2026-09-08T00:00:00,0,MEDIUM,BEAST,NULL,UNALIGNED,10,0,4,1,8,NULL,false,11,10,11,2,10,5,12,None,NULL,0.0,10,2,NULL,NULL,NULL,NULL
1d5fb367-861f-55a2-a0ee-17f5ee5601ab,2026-09-08T00:00:00,2026-09-08T00:00:00,0,TINY,BEAST,NULL,UNALIGNED,13,3,1,1,4,-1,false,5,16,8,2,14,6,16,None,NULL,0.0,10,2,NULL,NULL,NULL,NULL
b094039b-a035-5218-9193-3313936b8be7,2026-09-08T00:00:00,2026-09-08T00:00:00,0,LARGE,BEAST,NULL,UNALIGNED,14,-2,82,11,10,22,false,21,7,15,2,12,4,13,None,NULL,4.0,1100,2,NULL,NULL,NULL,NULL
905752d8-88ea-59fe-ac62-39fff35f001a,2026-09-08T00:00:00,2026-09-08T00:00:00,0,LARGE,BEAST,NULL,UNALIGNED,12,2,45,6,10,12,false,18,14,15,1,10,4,12,None,NULL,2.0,450,2,NULL,NULL,NULL,NULL
5aada601-7d74-5733-8653-303c5fc96510,2026-09-08T00:00:00,2026-09-08T00:00:00,0,MEDIUM,BEAST,NULL,UNALIGNED,11,1,5,1,8,1,false,11,13,12,2,12,5,13,None,NULL,0.0,10,2,NULL,NULL,NULL,NULL
7cd129fc-6030-5d4d-8759-74aa10517bce,2026-09-08T00:00:00,2026-09-08T00:00:00,0,SMALL,BEAST,NULL,UNALIGNED,12,2,3,1,6,NULL,false,8,15,11,3,12,6,15,None,NULL,0.0,10,2,NULL,NULL,NULL,NULL
65fde1c1-a4d6-5b21-b3f0-16725f2dd652,2026-09-08T00:00:00,2026-09-08T00:00:00,0,HUGE,BEAST,NULL,UNALIGNED,12,2,90,12,12,12,false,19,14,13,3,12,7,13,None,NULL,3.0,700,2,NULL,NULL,NULL,NULL
e9b826a1-4493-5478-8912-f83e238b3ae6,2026-09-08T00:00:00,2026-09-08T00:00:00,0,LARGE,BEAST,NULL,UNALIGNED,12,2,22,4,10,NULL,false,17,15,11,3,12,8,13,None,NULL,1.0,200,2,NULL,NULL,NULL,NULL
8cab57c1-6781-50af-a20b-ae3413d3e924,2026-09-08T00:00:00,2026-09-08T00:00:00,0,TINY,BEAST,NULL,UNALIGNED,10,0,2,1,4,NULL,false,2,11,10,1,8,3,9,None,NULL,0.0,10,2,NULL,NULL,NULL,NULL
6d01b2f9-9ed2-5558-9bba-9a8b8dee6bcf,2026-09-08T00:00:00,2026-09-08T00:00:00,0,HUGE,BEAST,NULL,UNALIGNED,13,2,126,11,12,55,false,24,9,21,3,11,6,10,None,NULL,6.0,2300,3,NULL,NULL,NULL,NULL
6f0d4325-784e-5e2f-bd7d-e3efc43aebb8,2026-09-08T00:00:00,2026-09-08T00:00:00,0,MEDIUM,BEAST,NULL,UNALIGNED,12,2,5,1,8,1,false,13,14,12,3,12,7,15,None,NULL,0.125,25,2,NULL,NULL,NULL,NULL
934e95a7-8cdd-5c98-80c4-5623992c89f2,2026-09-08T00:00:00,2026-09-08T00:00:00,0,MEDIUM,BEAST,NULL,UNALIGNED,10,0,11,2,8,2,false,14,10,13,2,10,5,10,None,NULL,0.125,25,2,NULL,NULL,NULL,NULL
d895b410-3c8d-5f9e-9b45-9bab36bc9df4,2026-09-08T00:00:00,2026-09-08T00:00:00,0,SMALL,BEAST,NULL,UNALIGNED,12,2,3,1,6,NULL,false,4,15,11,3,10,4,12,None,NULL,0.0,10,2,NULL,NULL,NULL,NULL
3f8711de-c48a-5113-86be-61a2583856a5,2026-09-08T00:00:00,2026-09-08T00:00:00,0,TINY,BEAST,NULL,UNALIGNED,11,1,1,1,4,-1,false,3,13,8,2,12,7,15,None,NULL,0.0,10,2,NULL,NULL,NULL,NULL
176f343f-7358-51f3-8a54-73b194b6f168,2026-09-08T00:00:00,2026-09-08T00:00:00,0,MEDIUM,BEAST,NULL,UNALIGNED,13,3,13,3,8,NULL,false,14,16,10,3,14,7,14,None,NULL,0.25,50,2,NULL,NULL,NULL,NULL
c80fb495-a4ab-524c-bc2a-475519780036,2026-09-08T00:00:00,2026-09-08T00:00:00,0,TINY,BEAST,NULL,UNALIGNED,13,3,1,1,4,-1,false,2,16,9,1,7,2,8,None,NULL,0.0,10,2,NULL,NULL,NULL,NULL
2240fe73-1e5f-5b5a-8112-15617be27359,2026-09-08T00:00:00,2026-09-08T00:00:00,0,LARGE,BEAST,Dinosaur,UNALIGNED,13,2,68,8,10,24,false,18,15,16,2,12,5,13,None,NULL,2.0,450,2,NULL,NULL,NULL,NULL
7b750e4f-bccc-5fed-9d8d-7043cd090cf7,2026-09-08T00:00:00,2026-09-08T00:00:00,0,LARGE,BEAST,NULL,UNALIGNED,12,2,42,5,10,15,false,20,14,16,2,13,7,15,None,NULL,2.0,450,2,NULL,NULL,NULL,NULL
3130cd14-8986-5456-8043-0704dd099eca,2026-09-08T00:00:00,2026-09-08T00:00:00,0,MEDIUM,BEAST,NULL,UNALIGNED,10,0,11,2,8,2,false,15,10,13,2,11,7,10,None,NULL,0.125,25,2,NULL,NULL,NULL,NULL
6edf1244-0ae3-5af0-8214-039bd1eefd77,2026-09-08T00:00:00,2026-09-08T00:00:00,0,MEDIUM,BEAST,Dinosaur,UNALIGNED,13,2,13,3,8,NULL,false,12,15,10,2,9,5,11,None,NULL,0.25,50,2,NULL,NULL,NULL,NULL
11d65c3a-8e54-5952-a6f2-eaff28758666,2026-09-08T00:00:00,2026-09-08T00:00:00,0,TINY,BEAST,NULL,UNALIGNED,10,0,1,1,4,-1,false,2,11,9,2,10,4,12,None,NULL,0.0,10,2,NULL,NULL,NULL,NULL
bc1b97fc-ee6e-5f56-9863-a8576a568f73,2026-09-08T00:00:00,2026-09-08T00:00:00,0,TINY,BEAST,NULL,UNALIGNED,12,2,2,1,4,NULL,false,2,14,10,5,13,6,13,None,NULL,0.0,10,2,NULL,NULL,NULL,NULL
94f473e4-9727-5279-8e28-ebe6374c7b99,2026-09-08T00:00:00,2026-09-08T00:00:00,0,MEDIUM,BEAST,NULL,UNALIGNED,12,2,22,4,8,4,false,14,15,13,1,10,4,12,None,NULL,0.5,100,2,NULL,NULL,NULL,NULL
3116d113-feaf-5d6f-8152-d505e34c75c2,2026-09-08T00:00:00,2026-09-08T00:00:00,0,LARGE,BEAST,NULL,UNALIGNED,13,-1,45,6,10,12,false,21,8,15,2,12,6,11,None,NULL,2.0,450,2,NULL,NULL,NULL,NULL
8fc2a5bc-ab2a-53db-a7a3-d54a3082ac46,2026-09-08T00:00:00,2026-09-08T00:00:00,0,LARGE,BEAST,NULL,UNALIGNED,11,1,13,2,10,2,false,16,13,12,2,11,7,10,None,NULL,0.25,50,2,NULL,NULL,NULL,NULL
6df7e48c-594b-55b7-b782-126e1cd6fe9a,2026-09-08T00:00:00,2026-09-08T00:00:00,0,LARGE,BEAST,NULL,UNALIGNED,13,3,52,7,10,14,false,18,17,15,3,12,8,15,None,NULL,2.0,450,2,NULL,NULL,NULL,NULL
409b626c-a75e-5477-94b8-89e30104c5ca,2026-09-08T00:00:00,2026-09-08T00:00:00,0,TINY,BEAST,NULL,UNALIGNED,11,0,1,1,4,-1,false,2,11,8,1,8,2,9,None,NULL,0.0,10,2,NULL,NULL,NULL,NULL
5a27e7b0-f4c5-5273-b30c-99cf462c5123,2026-09-08T00:00:00,2026-09-08T00:00:00,0,TINY,BEAST,NULL,UNALIGNED,12,1,1,1,4,-1,false,1,12,8,1,10,2,12,None,NULL,0.0,0,2,NULL,NULL,NULL,NULL
6c1110ac-9efe-5ff8-9315-65bc7c24604a,2026-09-08T00:00:00,2026-09-08T00:00:00,0,TINY,BEAST,NULL,UNALIGNED,12,2,1,1,4,-1,false,2,14,8,1,10,2,10,None,NULL,0.0,10,2,NULL,NULL,NULL,NULL
f23951e9-2ae5-5d59-a8b4-8645656eaf73,2026-09-08T00:00:00,2026-09-08T00:00:00,0,LARGE,BEAST,Swarm of Tiny Beasts,UNALIGNED,12,2,11,2,10,NULL,false,5,15,10,2,12,4,11,None,NULL,0.25,50,2,NULL,NULL,NULL,NULL
f97ba6a3-9c10-5b80-bc82-c1fb06994232,2026-09-08T00:00:00,2026-09-08T00:00:00,0,MEDIUM,BEAST,Swarm of Tiny Beasts,UNALIGNED,11,1,19,3,8,6,false,3,13,14,1,7,1,8,None,NULL,0.5,100,2,NULL,NULL,NULL,NULL
362e7590-8cfd-5e25-bb73-34828a95590c,2026-09-08T00:00:00,2026-09-08T00:00:00,0,MEDIUM,BEAST,Swarm of Tiny Beasts,UNALIGNED,13,3,28,8,8,-8,false,13,16,9,1,7,2,8,None,NULL,1.0,200,2,NULL,NULL,NULL,NULL
ce08d39e-2494-5328-a263-7a6dc8e07f2c,2026-09-08T00:00:00,2026-09-08T00:00:00,0,MEDIUM,BEAST,Swarm of Tiny Beasts,UNALIGNED,10,0,14,4,8,-4,false,9,11,9,2,10,3,10,None,NULL,0.25,50,2,NULL,NULL,NULL,NULL
6e849023-f3fc-53f6-8107-6a55a13fad07,2026-09-08T00:00:00,2026-09-08T00:00:00,0,MEDIUM,BEAST,Swarm of Tiny Beasts,UNALIGNED,12,2,11,2,8,2,false,6,14,12,5,12,6,15,None,NULL,0.25,50,2,NULL,NULL,NULL,NULL
1e267715-ad40-55b3-b727-2a0924acb21c,2026-09-08T00:00:00,2026-09-08T00:00:00,0,MEDIUM,BEAST,Swarm of Tiny Beasts,UNALIGNED,14,4,36,8,8,NULL,false,8,18,11,1,10,3,10,None,NULL,2.0,450,2,NULL,NULL,NULL,NULL
ecf3b3c2-b07f-5486-8d88-519737f4208e,2026-09-08T00:00:00,2026-09-08T00:00:00,0,LARGE,BEAST,NULL,UNALIGNED,13,3,30,4,10,8,false,17,16,14,3,12,8,13,None,NULL,1.0,200,2,NULL,NULL,NULL,NULL
f02fd4c3-44f5-5c10-b8e7-13c81ea54fd6,2026-09-08T00:00:00,2026-09-08T00:00:00,0,HUGE,BEAST,Dinosaur,UNALIGNED,14,-1,114,12,12,36,false,22,9,17,2,11,5,10,None,NULL,5.0,1800,3,NULL,NULL,NULL,NULL
eebe064b-8aed-5057-a70d-49e7f7c9d6d6,2026-09-08T00:00:00,2026-09-08T00:00:00,0,HUGE,BEAST,Dinosaur,UNALIGNED,13,3,136,13,12,52,false,25,10,19,2,12,9,14,None,NULL,8.0,3900,3,NULL,NULL,NULL,NULL
5b5d0992-3c70-5aba-80cd-02726d16b5b5,2026-09-08T00:00:00,2026-09-08T00:00:00,0,TINY,BEAST,NULL,UNALIGNED,12,2,5,2,4,NULL,false,2,15,11,1,10,3,10,None,NULL,0.125,25,2,NULL,NULL,NULL,NULL
9e04b05d-88ba-586f-ac51-c0251d7ad6af,2026-09-08T00:00:00,2026-09-08T00:00:00,0,MEDIUM,BEAST,NULL,UNALIGNED,10,0,5,1,8,1,false,7,10,13,2,12,4,13,None,NULL,0.0,10,2,NULL,NULL,NULL,NULL
ece6832f-59fc-5097-b4e4-8be81a97246e,2026-09-08T00:00:00,2026-09-08T00:00:00,0,LARGE,BEAST,NULL,UNALIGNED,11,1,19,3,10,3,false,18,12,13,2,12,7,11,None,NULL,0.5,100,2,NULL,NULL,NULL,NULL
652faf9a-811c-5562-8d03-4bf487a694de,2026-09-08T00:00:00,2026-09-08T00:00:00,0,TINY,BEAST,NULL,UNALIGNED,13,3,1,1,4,-1,false,3,16,8,2,12,3,13,None,NULL,0.0,10,2,NULL,NULL,NULL,NULL
5bf3ee90-3414-50f4-a444-904ba1153aab,2026-09-08T00:00:00,2026-09-08T00:00:00,0,MEDIUM,BEAST,NULL,UNALIGNED,12,2,11,2,8,2,false,14,15,12,3,12,6,15,None,NULL,0.25,50,2,NULL,NULL,NULL,NULL
