id,created_at,updated_at,version,feature_id,references_feature_id,count,optional,mode,choice_group,ordinal
5ff8df11-a90f-59b5-994d-ceaf06b0f52e,2026-09-08T00:00:00,2026-09-08T00:00:00,0,b7cb1ff1-37ab-5a09-b264-428927c8eab8,149a656d-9039-56cd-b4a6-4ed4d283fb3f,2,false,FIXED,NULL,0
59d836a1-c381-5e27-a75c-9260374302d1,2026-09-08T00:00:00,2026-09-08T00:00:00,0,b7cb1ff1-37ab-5a09-b264-428927c8eab8,8d69d00e-08f7-5ea8-8db1-8187c15c1dda,1,true,CHOICE,0,1
874224b5-4fa1-5b37-9ada-afcddcc27d04,2026-09-08T00:00:00,2026-09-08T00:00:00,0,b7cb1ff1-37ab-5a09-b264-428927c8eab8,de0f7a45-315d-5e44-a9ec-fc62ac90553a,1,true,CHOICE,0,2
b65ea4b9-747f-5d42-8cfa-0c9947844525,2026-09-08T00:00:00,2026-09-08T00:00:00,0,0bc07e50-b537-508f-ba96-c6eca0398d80,a6a672d6-327c-50ff-92c1-55c7472b5d42,2,false,FIXED,NULL,0
642c3a8e-6a5c-5b95-b965-c0c7ad9ad0cb,2026-09-08T00:00:00,2026-09-08T00:00:00,0,3210ba19-a339-5d41-97f5-637253fd5295,55762778-bd39-5354-bade-b0c607acea58,2,false,FIXED,NULL,0
1ba51510-21a8-5d00-9700-d1fd070daeb3,2026-09-08T00:00:00,2026-09-08T00:00:00,0,e2b758e4-57e4-5bcb-916b-fefaca597e62,1aea011b-d3eb-5ca6-a4dc-8f364758ec62,3,false,CHOICE,0,0
5d3ecc6c-cce0-5da7-b735-45a1728918e0,2026-09-08T00:00:00,2026-09-08T00:00:00,0,e2b758e4-57e4-5bcb-916b-fefaca597e62,28e29597-6a57-5041-9f61-c33f072364d1,3,false,CHOICE,0,1
a1160860-596b-5815-9185-120bbe04d02f,2026-09-08T00:00:00,2026-09-08T00:00:00,0,921e6f0a-e9a3-5913-9a57-a8472395f81d,b5f3f5d7-2e53-5815-a172-31168a2f3025,1,false,FIXED,NULL,0
038f90a2-dfde-50ab-81e0-08ba5bb66e43,2026-09-08T00:00:00,2026-09-08T00:00:00,0,921e6f0a-e9a3-5913-9a57-a8472395f81d,0160abb2-ea4b-56e1-94c1-cf9a3d086114,1,false,FIXED,NULL,1
1f927fac-75a1-5a1d-bd15-74b81ccc2e1d,2026-09-08T00:00:00,2026-09-08T00:00:00,0,bad1300a-79ab-5c9a-9168-4e83252be5ba,79c212be-4781-5b70-8fb2-20979a37901b,2,false,CHOICE,0,0
9fd5d45e-8603-5343-a0e1-6c1ba7a68c7d,2026-09-08T00:00:00,2026-09-08T00:00:00,0,bad1300a-79ab-5c9a-9168-4e83252be5ba,25caa673-2bf5-54b8-858e-199ff175f212,2,false,CHOICE,0,1
87d77b99-bb00-5faf-ab46-0166e9be9515,2026-09-08T00:00:00,2026-09-08T00:00:00,0,76f03eed-db50-5239-8178-f26d301592a5,a4563f96-984a-5fa4-992b-92621dd24908,1,false,FIXED,NULL,0
b6e31570-741d-5fd5-afa9-04aa8f090579,2026-09-08T00:00:00,2026-09-08T00:00:00,0,76f03eed-db50-5239-8178-f26d301592a5,1c34c955-5f51-5a37-befa-87486a5edce4,1,false,FIXED,NULL,1
18c4c6ca-3ca3-552a-83f3-187964fead38,2026-09-08T00:00:00,2026-09-08T00:00:00,0,76f03eed-db50-5239-8178-f26d301592a5,191d6f01-de3e-53b4-bc70-26b4d1364928,2,false,ALTERNATIVE,0,2
f498d736-9f95-57fc-b36a-7f8f2e09f316,2026-09-08T00:00:00,2026-09-08T00:00:00,0,f55ddba2-fd5e-5543-a17c-9f5789a567c6,1c6749cf-314e-52e1-8faa-f8af5c2e86eb,1,false,FIXED,NULL,0
e96c8085-b00d-5255-b591-4c4944513651,2026-09-08T00:00:00,2026-09-08T00:00:00,0,f55ddba2-fd5e-5543-a17c-9f5789a567c6,647fc75b-2fdf-5ff2-85a4-d85fc424a5e5,1,false,FIXED,NULL,1
d3737ff3-a1a2-51e4-8774-63c6236692f8,2026-09-08T00:00:00,2026-09-08T00:00:00,0,85747b06-9697-5b5f-b3d5-95f4412b0f3c,1a0b7afb-e3a4-593a-b9e6-dbb1716de066,1,false,FIXED,NULL,0
38fd8c9e-8d4f-5244-8a51-29651bedca35,2026-09-08T00:00:00,2026-09-08T00:00:00,0,85747b06-9697-5b5f-b3d5-95f4412b0f3c,77734d94-a46a-5c55-80c5-5129664a3bee,1,false,FIXED,NULL,1
580e33fb-5ae1-5940-bb00-b803f7cf2ce4,2026-09-08T00:00:00,2026-09-08T00:00:00,0,8915d583-a11d-5149-ba9d-223eccfd850f,518bb598-3610-5100-b658-de3147a81646,2,false,FIXED,NULL,0
49b16501-be77-5402-8d27-9f11a08eee1d,2026-09-08T00:00:00,2026-09-08T00:00:00,0,80a11fc7-d6ea-54b5-be5b-d803b86a8e46,6305106a-a7c9-5d01-ad12-ee40dd35c92b,3,false,FIXED,NULL,0
5f6b49e5-537a-5aa5-9ecf-c0e99224542f,2026-09-08T00:00:00,2026-09-08T00:00:00,0,c0289d27-d5da-5bce-ba86-27562a0e7c51,4063062c-e0a3-5ae3-8014-a942e5bb97cb,3,false,FIXED,NULL,0
c77e8d3e-87f9-59f7-92d3-ab03856c7d7f,2026-09-08T00:00:00,2026-09-08T00:00:00,0,c0289d27-d5da-5bce-ba86-27562a0e7c51,3c5464cb-26dc-5476-acf8-f496d2417a60,1,true,REPLACEMENT,NULL,1
028991d4-a989-591e-9ef8-56fd93b9f224,2026-09-08T00:00:00,2026-09-08T00:00:00,0,e4f7e9a4-8667-508f-8c93-930f9ac685e4,221d782a-e113-5447-87e4-afce78b383a7,3,false,FIXED,NULL,0
d15206bd-e901-5f28-9c20-3711fe48d572,2026-09-08T00:00:00,2026-09-08T00:00:00,0,e4f7e9a4-8667-508f-8c93-930f9ac685e4,a275d403-ea80-5634-82ad-16b92b16e9d4,1,true,REPLACEMENT,NULL,1
f8bd04fe-62ad-50af-9545-969c48d216c4,2026-09-08T00:00:00,2026-09-08T00:00:00,0,75213e09-275e-50d1-83ab-05ec74ace729,a05290ef-12ce-5e51-8dca-ada6ff5bb6c2,2,false,FIXED,NULL,0
b8f00a8d-474e-5b12-a415-ecc2b0389e5a,2026-09-08T00:00:00,2026-09-08T00:00:00,0,8196c3ed-0245-5cc5-8f81-4ec36995ac6e,539936c4-a6ee-50eb-84b1-6c727d315385,3,false,FIXED,NULL,0
f7393536-a005-55a9-be73-e96b0cba9eee,2026-09-08T00:00:00,2026-09-08T00:00:00,0,fd916b8e-13a3-5ecb-944f-86cd46971cc6,771c9a66-97f0-5185-bc37-1e4f433d8365,3,false,FIXED,NULL,0
5108bdaa-198f-59dc-a7fa-ec1233694d6b,2026-09-08T00:00:00,2026-09-08T00:00:00,0,fd916b8e-13a3-5ecb-944f-86cd46971cc6,78de27da-acec-5b1c-97f6-2621a658173c,1,true,REPLACEMENT,NULL,1
bf8f68f0-c198-551b-8210-c02842f3c1f5,2026-09-08T00:00:00,2026-09-08T00:00:00,0,e42b5324-0599-5109-9ae3-5a3cda1f504b,6ffcf8ea-56c2-5967-a94a-2d4da6407357,3,false,FIXED,NULL,0
8964e134-f4f9-5f58-aea1-e7404042d911,2026-09-08T00:00:00,2026-09-08T00:00:00,0,e42b5324-0599-5109-9ae3-5a3cda1f504b,f76938cd-800c-5eb9-9f9b-e52cc4d29720,1,true,REPLACEMENT,NULL,1
cf45e397-1c17-5a0b-8f8d-b245953bd7fe,2026-09-08T00:00:00,2026-09-08T00:00:00,0,064f606c-9065-5d1d-8a1a-b80c531c99f4,236643a2-20fd-5018-bc6c-9265ec99b208,2,false,FIXED,NULL,0
23ebfbaa-54f0-5090-b523-b58f7b095b0c,2026-09-08T00:00:00,2026-09-08T00:00:00,0,064f606c-9065-5d1d-8a1a-b80c531c99f4,63158f53-ce14-549b-973e-4a7955a4449a,1,false,FIXED,NULL,1
c182c5d9-e8b4-5dcc-886d-0e54bcfd518a,2026-09-08T00:00:00,2026-09-08T00:00:00,0,db7deefe-b343-548a-b454-253d16578d9f,fd66adfc-0609-50fe-88b4-61fda4f792c5,3,false,FIXED,NULL,0
09e78fd6-2860-5e2e-81b9-2bf34cd2bf0d,2026-09-08T00:00:00,2026-09-08T00:00:00,0,db7deefe-b343-548a-b454-253d16578d9f,4b2ccd1a-83fe-5403-bacf-c1933db4a820,2,true,REPLACEMENT,NULL,1
5e541525-6399-5239-b948-9186d589db3e,2026-09-08T00:00:00,2026-09-08T00:00:00,0,c191ff58-e4dd-54f6-825d-eacee18702da,95444fa7-ee09-5f97-a18e-5b1fb119fe03,3,false,FIXED,NULL,0
7b631f5b-9f39-5598-9dd9-51990d873c3f,2026-09-08T00:00:00,2026-09-08T00:00:00,0,c191ff58-e4dd-54f6-825d-eacee18702da,e531ec30-f953-5eeb-a6a7-7f47924a7c53,1,true,REPLACEMENT,0,1
f9192398-d259-5d7f-912c-86f667428b15,2026-09-08T00:00:00,2026-09-08T00:00:00,0,c191ff58-e4dd-54f6-825d-eacee18702da,2c37d87c-db10-5d44-abb1-6c91c9851635,1,true,REPLACEMENT,0,2
f64cb8b5-8f26-5c4a-ac33-1f30c252e8fe,2026-09-08T00:00:00,2026-09-08T00:00:00,0,e5ff28bf-c89b-59bc-aa5c-0d629422a866,44bae7b9-f288-5f8a-87fb-4977065d7307,3,false,FIXED,NULL,0
403f1562-ab8f-54cd-b5f9-d57a621c4c4a,2026-09-08T00:00:00,2026-09-08T00:00:00,0,e5ff28bf-c89b-59bc-aa5c-0d629422a866,7d61fac2-03ff-53df-b72b-4eb3481779a2,1,true,REPLACEMENT,0,1
f5bfd323-c37e-5794-93ea-c9c3efad17f2,2026-09-08T00:00:00,2026-09-08T00:00:00,0,e5ff28bf-c89b-59bc-aa5c-0d629422a866,4c948e76-d4ad-5791-9bc4-3f9c398f1fec,1,true,REPLACEMENT,0,2
48fc78db-e34f-5aea-9dae-5e101c43ff64,2026-09-08T00:00:00,2026-09-08T00:00:00,0,b3bafa51-dd0c-5351-bec8-7fa091a459a9,ff678789-047c-5232-a989-50fd0584d52c,2,false,FIXED,NULL,0
f6f9893a-1bfb-55cd-a18f-827b74db5d9b,2026-09-08T00:00:00,2026-09-08T00:00:00,0,1af6cb5f-711c-50f4-b0b9-68e40dffe517,dd7a343c-abe5-524e-b30a-c0a782eb093a,3,false,FIXED,NULL,0
ab2f2a2e-7163-5367-8882-896ebf8fde74,2026-09-08T00:00:00,2026-09-08T00:00:00,0,1af6cb5f-711c-50f4-b0b9-68e40dffe517,6e205363-ce08-5244-b9b8-1fa53b540cbc,1,true,REPLACEMENT,NULL,1
28252b4f-dcac-5983-8399-f962e32c5a8b,2026-09-08T00:00:00,2026-09-08T00:00:00,0,f2a88ab4-a961-521f-a56d-9ccfe009de18,374c0821-ebc0-5b76-85d3-ab5521f68ab6,3,false,FIXED,NULL,0
7482146a-47ce-5057-b693-870a634895a4,2026-09-08T00:00:00,2026-09-08T00:00:00,0,f2a88ab4-a961-521f-a56d-9ccfe009de18,939acfcf-75d5-566f-970f-56785938839c,1,true,REPLACEMENT,0,1
260e50f5-b8f2-535f-9a43-021b784591e0,2026-09-08T00:00:00,2026-09-08T00:00:00,0,f2a88ab4-a961-521f-a56d-9ccfe009de18,b49a0335-0809-52d3-b055-13d02b9ff613,1,true,REPLACEMENT,0,2
7d46583a-5fd9-58b7-b277-86d8629bd12d,2026-09-08T00:00:00,2026-09-08T00:00:00,0,a8bd20b0-f82b-5b4b-8f70-ab1ad69787cf,9609490e-7421-574d-a45e-10b7ec918bd1,3,false,FIXED,NULL,0
da6b9b6f-de4d-5249-9a4a-d75d4abf6eba,2026-09-08T00:00:00,2026-09-08T00:00:00,0,a8bd20b0-f82b-5b4b-8f70-ab1ad69787cf,c0119fbc-f7c0-5343-ae72-f91b2ccdf682,1,true,REPLACEMENT,0,1
e8118561-962b-5f01-84e5-6d17493408ab,2026-09-08T00:00:00,2026-09-08T00:00:00,0,a8bd20b0-f82b-5b4b-8f70-ab1ad69787cf,67e8d533-bfcb-5ec8-b207-c8b8d2bbfad6,1,true,REPLACEMENT,0,2
f7e3140a-1f3d-5b34-8998-25371c25ddaf,2026-09-08T00:00:00,2026-09-08T00:00:00,0,9e114616-1c3e-5dcd-8105-6fcd01bdd331,c714e129-9896-5065-a906-2d35431e6ca0,2,false,CHOICE,0,0
14ad9f71-628e-5b8b-bfa8-b3de59c31818,2026-09-08T00:00:00,2026-09-08T00:00:00,0,9e114616-1c3e-5dcd-8105-6fcd01bdd331,e558d21c-9f94-58d5-a651-47cc125a6c3c,2,false,CHOICE,0,1
65a86b05-e13c-5aae-8e6e-58aa752dd93c,2026-09-08T00:00:00,2026-09-08T00:00:00,0,ca834cd7-3caf-5dc9-a513-0b47e0286460,867ceecc-e452-57fb-8661-3f3ca0546f1a,2,false,FIXED,NULL,0
64ea5f0e-7f08-5c31-8f7a-1719c7abdf9a,2026-09-08T00:00:00,2026-09-08T00:00:00,0,3b102cde-1803-5a78-99c2-e37180d1edf3,76aec4c7-a8b9-5ad8-8d00-c90d9dcfd57a,2,false,CHOICE,0,0
2ff6b5a2-412f-534b-96c5-10137029542f,2026-09-08T00:00:00,2026-09-08T00:00:00,0,3b102cde-1803-5a78-99c2-e37180d1edf3,c85288df-d058-5ef2-b539-f95c65400a12,2,false,CHOICE,0,1
44f4e477-a9dc-51a6-8d40-305fab8510c7,2026-09-08T00:00:00,2026-09-08T00:00:00,0,ff43fafa-4687-5531-93c2-331c052d20fc,7102b2bc-965a-508e-9a17-58fe6386f904,2,false,FIXED,NULL,0
556207cd-c76d-501b-9390-2ba16dacca51,2026-09-08T00:00:00,2026-09-08T00:00:00,0,ff43fafa-4687-5531-93c2-331c052d20fc,6f284e33-cd8c-5cf2-a5d9-ff5bc0d92d12,1,false,FIXED,NULL,1
dfb88f9d-7366-5692-952a-e724cb51fa60,2026-09-08T00:00:00,2026-09-08T00:00:00,0,b579c50b-e128-53df-ae4f-636f12cd2de0,d59a3a83-665b-51ba-9bb3-b628fe382a9d,1,false,FIXED,NULL,0
b8861acf-b9e6-5188-a396-7143dda25401,2026-09-08T00:00:00,2026-09-08T00:00:00,0,b579c50b-e128-53df-ae4f-636f12cd2de0,eb1c953b-98b2-5b60-b81b-4e6d0026068d,1,false,FIXED,NULL,1
d3722357-2827-5cb8-81c1-ccc3e85a51a7,2026-09-08T00:00:00,2026-09-08T00:00:00,0,b579c50b-e128-53df-ae4f-636f12cd2de0,6494b352-f0dd-5d3c-919d-883c1f8aec31,1,false,FIXED,NULL,2
205008e1-8e95-5111-bc6c-88996790d7bb,2026-09-08T00:00:00,2026-09-08T00:00:00,0,b579c50b-e128-53df-ae4f-636f12cd2de0,15fb57db-4782-5eb8-9903-6e5b581c17b1,1,true,REPLACEMENT,NULL,3
2a415b4e-349f-5323-a8f5-5b1516d23913,2026-09-08T00:00:00,2026-09-08T00:00:00,0,293d3e74-bb6b-5280-bc64-1e1887c3ed86,c840db29-b4e6-5034-8dfc-149be6182a6f,2,false,FIXED,NULL,0
7319f610-03f1-5c1a-a7c0-080c1cc2dd64,2026-09-08T00:00:00,2026-09-08T00:00:00,0,293d3e74-bb6b-5280-bc64-1e1887c3ed86,fe54415e-5f1e-55de-b8fa-47932d2b9ce4,1,false,FIXED,NULL,1
41451f5b-b09f-5a93-a30e-e44150123436,2026-09-08T00:00:00,2026-09-08T00:00:00,0,179388ea-23bb-5889-a846-f3337059ec57,1f3a8026-1369-5aa2-8f65-114e7040314d,2,false,FIXED,NULL,0
3efc9528-e7e4-59ec-a430-62e424b7d6af,2026-09-08T00:00:00,2026-09-08T00:00:00,0,179388ea-23bb-5889-a846-f3337059ec57,1f3a8026-1369-5aa2-8f65-114e7040314d,3,false,ALTERNATIVE,0,1
96741f37-81af-5a42-8cfa-d4d780933170,2026-09-08T00:00:00,2026-09-08T00:00:00,0,d40750b7-bbe4-57a3-afe8-54d9d662b2d3,8698d8bd-081b-5d43-bc7a-a96abefc18b7,1,false,FIXED,NULL,0
509d834f-a05a-5fb8-a4d7-703a40b07fc7,2026-09-08T00:00:00,2026-09-08T00:00:00,0,d40750b7-bbe4-57a3-afe8-54d9d662b2d3,5d8d344e-962e-582e-8a81-5a3d6b08ba4b,2,false,FIXED,NULL,1
9fe0fb1f-2707-5640-a070-40ad8a9ea9d2,2026-09-08T00:00:00,2026-09-08T00:00:00,0,9e2d3377-d76b-5faf-b14e-306747bfacf3,f1be79a1-34fc-5f6c-88d8-7e75c700d113,2,false,CHOICE,0,0
4bc1dae4-f369-5700-bd0e-1d1e7153727a,2026-09-08T00:00:00,2026-09-08T00:00:00,0,9e2d3377-d76b-5faf-b14e-306747bfacf3,33217f18-a57a-564d-a47b-c026feeef9ea,2,false,CHOICE,0,1
17c0111b-b680-59f9-8534-87a0fb67e23f,2026-09-08T00:00:00,2026-09-08T00:00:00,0,9e2d3377-d76b-5faf-b14e-306747bfacf3,8ac8a7ae-cab8-5988-a82a-a681f4af7537,1,true,REPLACEMENT,NULL,2
4e76219a-c7ab-57d0-ab83-3fb357d51480,2026-09-08T00:00:00,2026-09-08T00:00:00,0,d7b7b553-affd-5efc-8f44-ddd19c11b7e4,d0e5eb59-05e6-5be2-ae99-cbc7f2cbea6d,3,false,FIXED,NULL,0
4fa7c0df-55d2-5273-9421-106a1ea6fe24,2026-09-08T00:00:00,2026-09-08T00:00:00,0,d7b7b553-affd-5efc-8f44-ddd19c11b7e4,9cc08c9f-de85-5fb6-be68-98f2b1dd7861,1,true,REPLACEMENT,NULL,1
070dc2f2-5f08-5041-a9c9-963708d63f7c,2026-09-08T00:00:00,2026-09-08T00:00:00,0,478c4518-d490-56ef-a71d-8adce3a3a85f,7d73c838-1e74-5151-9135-56861b7a7f55,3,false,FIXED,NULL,0
899b4d27-ebb4-57dc-9120-bd144b331d3c,2026-09-08T00:00:00,2026-09-08T00:00:00,0,478c4518-d490-56ef-a71d-8adce3a3a85f,793d5ed9-06b1-5715-8451-54334c0e96b9,1,true,REPLACEMENT,0,1
d896b96c-7a8f-51f2-a66d-9614be9fcb6f,2026-09-08T00:00:00,2026-09-08T00:00:00,0,478c4518-d490-56ef-a71d-8adce3a3a85f,b404a8ba-08a2-57a5-bcd9-b080a8ef4ed6,1,true,REPLACEMENT,0,2
f3e5c26d-a1a8-5be3-bc3b-5b4298645937,2026-09-08T00:00:00,2026-09-08T00:00:00,0,a28116fb-e301-5e1f-a18e-b664fbd8d7c7,0e64ce81-9ee2-536e-a189-1f819a3efe7a,3,false,FIXED,NULL,0
aa0b8469-98d9-528b-86b7-f368c85f7d0c,2026-09-08T00:00:00,2026-09-08T00:00:00,0,a28116fb-e301-5e1f-a18e-b664fbd8d7c7,a75fae06-e3c3-5f62-a30e-a855187110c7,1,true,REPLACEMENT,0,1
76c774c0-2568-5cec-90d8-76985a7a02a5,2026-09-08T00:00:00,2026-09-08T00:00:00,0,a28116fb-e301-5e1f-a18e-b664fbd8d7c7,577580bd-f1df-5573-8842-2d07966e6bae,1,true,REPLACEMENT,0,2
9449370d-79d5-5bbc-b80a-619a7bd0723a,2026-09-08T00:00:00,2026-09-08T00:00:00,0,1d420cc5-6085-5be4-896a-703f8be97eb8,dc2fe3bf-5bc9-5067-8a5f-f840df09b196,2,false,FIXED,NULL,0
1b385af4-2d73-5735-9495-bd9341354592,2026-09-08T00:00:00,2026-09-08T00:00:00,0,9a76c832-4036-5da4-9d45-5020f8f04003,1b2a0b95-f1dd-56b0-9085-dd3f729f1327,2,false,FIXED,NULL,0
ae2d5aff-8396-5a6f-b2f8-7f513d462c54,2026-09-08T00:00:00,2026-09-08T00:00:00,0,f6555f42-f6c0-5fc1-823e-b23757e3da0e,10c15896-88b1-52dd-85aa-9d8abd994191,3,false,CHOICE,0,0
65888b40-fe67-5e29-8012-fe50fb2391ae,2026-09-08T00:00:00,2026-09-08T00:00:00,0,f6555f42-f6c0-5fc1-823e-b23757e3da0e,0d42cb4f-f1bb-5724-b0b0-59a9c2533677,3,false,CHOICE,0,1
e1cf2e3a-e760-5cb6-8604-ed8795f61d61,2026-09-08T00:00:00,2026-09-08T00:00:00,0,ed9e879d-0f7d-5853-82be-5b373ba7899c,6dbc0b80-f7aa-52c7-9b72-0dd90053f8d8,2,false,FIXED,NULL,0
8075c3b1-3c7d-5f53-83ad-a79ecc7e4bc6,2026-09-08T00:00:00,2026-09-08T00:00:00,0,ed9e879d-0f7d-5853-82be-5b373ba7899c,591342b9-1499-555e-bf76-d128ea1a8e90,1,true,FIXED,NULL,1
a4946b7c-3ceb-59a4-91ff-54dddcdb0f5f,2026-09-08T00:00:00,2026-09-08T00:00:00,0,916b4d24-8603-5f28-93bf-61e664812880,f66feba5-a58b-5d35-89fb-e5600374bc62,3,false,FIXED,NULL,0
49945bf4-c405-5d3b-ac43-21f52f340706,2026-09-08T00:00:00,2026-09-08T00:00:00,0,916b4d24-8603-5f28-93bf-61e664812880,8e74a850-67aa-5f5c-99f7-076967fcfa04,1,true,REPLACEMENT,NULL,1
c3e985ae-e33c-542a-8c3f-87f2511a09aa,2026-09-08T00:00:00,2026-09-08T00:00:00,0,8744ee55-827c-5067-ac01-7d69f3e13c04,fffbbc29-a820-54cc-ab57-1599603eca0f,3,false,CHOICE,0,0
c4e50de1-e0ec-5eea-9da2-8f21f93d181b,2026-09-08T00:00:00,2026-09-08T00:00:00,0,8744ee55-827c-5067-ac01-7d69f3e13c04,3ce6c9e7-c76a-5f4c-ad34-c7c6df1e5da3,3,false,CHOICE,0,1
4e253bb1-c412-539b-a9c1-a7f722fe234c,2026-09-08T00:00:00,2026-09-08T00:00:00,0,b6b7151d-e68e-54cd-8093-b26110dd7e48,8ca52586-c8d2-5a72-88cb-5c27d4e3f160,2,false,CHOICE,0,0
ac92e4de-1f45-56bf-beda-2b9cf9d8af96,2026-09-08T00:00:00,2026-09-08T00:00:00,0,b6b7151d-e68e-54cd-8093-b26110dd7e48,82337bc8-7e88-5cb3-826e-f60c872e68d4,2,false,CHOICE,0,1
7e097353-2ad8-5643-bde5-faa08e9e39ac,2026-09-08T00:00:00,2026-09-08T00:00:00,0,97125cfd-b0df-5b27-a425-785ef35e5540,ec84d781-7a0e-51b2-be97-74ece046ed09,1,false,CHOICE,0,0
99f365a7-fd43-5025-9889-e07507c8700f,2026-09-08T00:00:00,2026-09-08T00:00:00,0,97125cfd-b0df-5b27-a425-785ef35e5540,f8965580-dbb1-5886-8708-4e303b107fd4,1,false,CHOICE,0,1
d6617a75-6817-5577-81e1-d40f354afe65,2026-09-08T00:00:00,2026-09-08T00:00:00,0,97125cfd-b0df-5b27-a425-785ef35e5540,8a53da04-441b-5f7e-8f2c-e5b05cb2bdfe,1,true,FIXED,NULL,2
1d34f47b-3351-5e0c-9027-3b66a97bfea9,2026-09-08T00:00:00,2026-09-08T00:00:00,0,31d0cc88-53bf-5803-8ed8-f78326f38f65,13fce0fe-a34b-5596-8f9b-1c4662845444,2,false,CHOICE,0,0
e03a624c-b47c-5e00-aa05-6b0005169593,2026-09-08T00:00:00,2026-09-08T00:00:00,0,31d0cc88-53bf-5803-8ed8-f78326f38f65,c3c11183-6894-5c6a-a837-2cfb739170ee,2,false,CHOICE,0,1
a59e7461-baf0-5127-963c-b0aabd8ac6f6,2026-09-08T00:00:00,2026-09-08T00:00:00,0,650b4475-161e-5773-a6dd-9902b53b1b90,424925a3-7f59-5fdc-b135-79e81acafde8,3,false,CHOICE,0,0
56e70234-1721-58a5-8b32-6c646ccb7325,2026-09-08T00:00:00,2026-09-08T00:00:00,0,650b4475-161e-5773-a6dd-9902b53b1b90,535af708-4aa6-52e5-abd9-84cd21100d7c,3,false,CHOICE,0,1
b06f04bf-22c0-5887-9742-d1e24e20caeb,2026-09-08T00:00:00,2026-09-08T00:00:00,0,06bbfca4-906b-5ace-aa67-43729ea9c7c2,d54aeaf8-2253-5b98-95d1-e815090d166f,3,false,FIXED,NULL,0
98cefc87-73c2-50b8-927b-b532ee22cbcf,2026-09-08T00:00:00,2026-09-08T00:00:00,0,06bbfca4-906b-5ace-aa67-43729ea9c7c2,0f4c971b-db4b-52b0-821d-dfff5f99e98d,1,true,FIXED,NULL,1
52637f6b-ec2c-5ad5-a7aa-d78bd251e2d5,2026-09-08T00:00:00,2026-09-08T00:00:00,0,8f8a8c37-e580-520d-857f-bfa76065c894,650c837b-df0e-5780-ba3c-262ac995fff8,1,false,FIXED,NULL,0
96263f5d-c984-5a86-9570-9604056bcdcc,2026-09-08T00:00:00,2026-09-08T00:00:00,0,8f8a8c37-e580-520d-857f-bfa76065c894,c7034b0f-b8ec-5a77-b770-770ba3615206,1,false,FIXED,NULL,1
019a8467-2e5b-598c-9979-e327df5769f9,2026-09-08T00:00:00,2026-09-08T00:00:00,0,10977c43-f32d-53ff-ba5e-cdbb70915a2b,e3b42b49-ad63-5a9f-bc25-7b23b048681e,1,false,FIXED,NULL,0
3c06e447-5bac-5053-9f4a-3b43f207b6f8,2026-09-08T00:00:00,2026-09-08T00:00:00,0,10977c43-f32d-53ff-ba5e-cdbb70915a2b,18d97902-b4da-5cd5-a971-e0ac55537d82,1,false,FIXED,NULL,1
7a62bd9d-53d1-564f-a092-9cbb8309459d,2026-09-08T00:00:00,2026-09-08T00:00:00,0,91d5faa5-7f63-5682-9245-acba9da4402f,8d383230-917f-5b76-83af-ab76782fa7eb,2,false,FIXED,NULL,0
581e304d-fe9d-587f-8660-d331b2a5606c,2026-09-08T00:00:00,2026-09-08T00:00:00,0,708e18d6-f330-53cc-9e0f-389411b08f69,3a7854c5-3717-53ff-8d36-985ea72c156f,2,false,CHOICE,0,0
25bb91f0-a2c4-59f5-ab3d-912848f352c8,2026-09-08T00:00:00,2026-09-08T00:00:00,0,708e18d6-f330-53cc-9e0f-389411b08f69,b4fdfb7a-3518-5b7f-ae4d-bf95beafc415,2,false,CHOICE,0,1
6d624b27-b803-5572-996b-ba41227f019f,2026-09-08T00:00:00,2026-09-08T00:00:00,0,05cab242-7b62-517c-a07a-611bcd836b99,3bd12552-9969-59ac-b4f0-254bd88ff434,2,false,FIXED,NULL,0
1dc75ec9-bfac-5d8c-b3eb-1c2d9be633da,2026-09-08T00:00:00,2026-09-08T00:00:00,0,8110fc39-e989-5f05-a2d4-d00c5c892c27,f9c03737-c1c5-5ad1-b867-3d38f280cf00,2,false,CHOICE,0,0
a4643aaa-02a9-543d-baa1-8834da39e447,2026-09-08T00:00:00,2026-09-08T00:00:00,0,8110fc39-e989-5f05-a2d4-d00c5c892c27,d6558388-f413-538e-a76e-e21a8c383dff,2,false,CHOICE,0,1
33ccf32d-ef14-58e4-8168-9056a5580c11,2026-09-08T00:00:00,2026-09-08T00:00:00,0,2e933f81-7e12-53f0-8f2a-3306697450f1,8cde1b61-3e1f-5395-b8f4-6572e60eabb8,2,false,FIXED,NULL,0
e609b6af-a69d-58f0-b225-7fc053ea8374,2026-09-08T00:00:00,2026-09-08T00:00:00,0,d44d3782-ffcb-587d-9004-1eb2b2071d26,cd589842-f821-558b-8fb1-e083e7a9f497,2,false,FIXED,NULL,0
2cdeddcd-2037-579f-a05c-0e55ddb6acee,2026-09-08T00:00:00,2026-09-08T00:00:00,0,8b3a26e9-8191-5e79-a84d-9f6e98f98079,ff1d1362-b2d9-565c-b535-78281fb16d7d,2,false,FIXED,NULL,0
a0064130-0414-5685-a9c9-45ba24e1832d,2026-09-08T00:00:00,2026-09-08T00:00:00,0,4c20102a-db80-584b-83db-12534911026a,fb2d7c0c-4d14-532f-8d98-cc4b6fbcda2a,2,false,FIXED,NULL,0
9726e88e-e6ec-5589-8d37-0d8870424d29,2026-09-08T00:00:00,2026-09-08T00:00:00,0,b62c23e5-f53a-5734-b2e8-9b0d292a392e,66858ba9-2851-50b3-ba8c-50bd2d527cf9,2,false,FIXED,NULL,0
63e3f120-891c-5d00-910b-f8bce96a2c0e,2026-09-08T00:00:00,2026-09-08T00:00:00,0,b62c23e5-f53a-5734-b2e8-9b0d292a392e,d5d60582-d08d-5df4-abfe-41bef50a18af,1,false,CHOICE,0,1
5dd1782f-4379-58b5-8e40-eafca1fa89a1,2026-09-08T00:00:00,2026-09-08T00:00:00,0,b62c23e5-f53a-5734-b2e8-9b0d292a392e,46ea5631-e73b-5281-843e-25fa8d670d5e,1,false,CHOICE,0,2
0ce42d77-8ecc-5ee3-9999-8ecf2873bff1,2026-09-08T00:00:00,2026-09-08T00:00:00,0,3460e186-79e6-56d9-89a8-e81ef2e9a9c7,422564ed-4750-5958-8030-74355a557bcd,3,false,FIXED,NULL,0
d5d379b4-303e-596e-8024-3ed3ca4bcd47,2026-09-08T00:00:00,2026-09-08T00:00:00,0,3460e186-79e6-56d9-89a8-e81ef2e9a9c7,9062399e-ff05-5eee-9b60-6b7ede8f9f5a,1,true,REPLACEMENT,NULL,1
24249045-0edd-5cda-8f1c-48cc22f0db53,2026-09-08T00:00:00,2026-09-08T00:00:00,0,d41991fc-a23c-5300-8f21-122becf2609c,73afbc57-f821-5f71-b32a-452bfca38c7d,2,false,CHOICE,0,0
bd0b1d90-a0d0-54f6-94d3-c17dff04cd8c,2026-09-08T00:00:00,2026-09-08T00:00:00,0,d41991fc-a23c-5300-8f21-122becf2609c,7110a5d5-c604-5161-914e-b43ed2670ff9,2,false,CHOICE,0,1
2bc99023-bde0-5122-922d-e0d305b27839,2026-09-08T00:00:00,2026-09-08T00:00:00,0,558d010b-8e87-5438-aa60-0a5f4312431c,308de99f-745d-56f3-ba70-1b87fc0b1d21,2,false,FIXED,NULL,0
9ce3b7d3-f31d-55b7-923b-00f1db776d03,2026-09-08T00:00:00,2026-09-08T00:00:00,0,1b9320e9-4268-5e96-89b9-2691238d77f2,7d9ec75e-e212-505c-9740-7a04958f3054,3,false,FIXED,NULL,0
ac88d251-8b31-50d3-a011-026abd3129ad,2026-09-08T00:00:00,2026-09-08T00:00:00,0,1b9320e9-4268-5e96-89b9-2691238d77f2,35928a77-df75-5d17-896e-b1e4c73a1ccc,1,true,REPLACEMENT,NULL,1
27589771-8982-5306-8107-1bc3221b5a75,2026-09-08T00:00:00,2026-09-08T00:00:00,0,0d110f95-8698-5866-bed8-1e20f657ac01,5fe9d78c-ab18-5d1a-86d7-0f4a1718fa7d,3,false,FIXED,NULL,0
348ab47f-0e84-55b1-9fbd-6ae9cafc5119,2026-09-08T00:00:00,2026-09-08T00:00:00,0,0d110f95-8698-5866-bed8-1e20f657ac01,0959c9da-5f3c-50e9-8a0c-6ea6fbff519c,1,true,REPLACEMENT,NULL,1
088da593-8651-5fdf-bc4e-e7efa727c3f1,2026-09-08T00:00:00,2026-09-08T00:00:00,0,d161b7f2-56a1-5378-82d8-76b7c8d81b13,c2dea7cf-dc55-5af9-9176-ffe039d0c5c3,3,false,FIXED,NULL,0
4136c8fe-eaba-5cbf-86d8-08c8272d7884,2026-09-08T00:00:00,2026-09-08T00:00:00,0,d161b7f2-56a1-5378-82d8-76b7c8d81b13,d7a56e7f-aa13-576a-8eea-0e72dabba0d6,1,true,REPLACEMENT,NULL,1
d2cca39d-5dd1-5029-a165-007d65569327,2026-09-08T00:00:00,2026-09-08T00:00:00,0,12953be6-b841-5a8d-8132-52ece5dc6718,eed9cb2c-5574-5c52-a238-8b2ca945c94b,2,false,FIXED,NULL,0
482a71d4-eaf6-5582-8053-f89dc82c5f79,2026-09-08T00:00:00,2026-09-08T00:00:00,0,405acbd6-bb07-5bfe-aab7-f0fead54108b,d15c0d2e-f00b-5098-9543-950e0b6ba693,3,false,FIXED,NULL,0
b73b031c-e9a4-53f0-9061-4cb2bbf52b77,2026-09-08T00:00:00,2026-09-08T00:00:00,0,1243e632-e17c-5d69-92d4-7e91fdc13b7c,4c7fc5db-f7bb-5d11-9a23-3daf93b9be79,3,false,FIXED,NULL,0
bd555859-0e17-59eb-bc9d-23d52183d920,2026-09-08T00:00:00,2026-09-08T00:00:00,0,1243e632-e17c-5d69-92d4-7e91fdc13b7c,0b121e1c-1c19-53e2-a657-847e8aec718b,1,true,REPLACEMENT,NULL,1
c2595816-97d6-5213-ab7d-d694e0a78964,2026-09-08T00:00:00,2026-09-08T00:00:00,0,70026771-fe8d-5f41-993e-2582fe0e7a9b,d72c1438-1077-5a64-86ee-05d878185fbc,3,false,FIXED,NULL,0
1c6174b2-6aad-593a-a5a1-342d9585811a,2026-09-08T00:00:00,2026-09-08T00:00:00,0,70026771-fe8d-5f41-993e-2582fe0e7a9b,a3464896-6123-5086-a152-f12ffa7528ee,1,true,REPLACEMENT,NULL,1
1ad11760-e5b0-5aa0-aa37-d4399c235fc9,2026-09-08T00:00:00,2026-09-08T00:00:00,0,c5a4592b-2046-517f-9609-610a3cd41134,cdb0ba6a-f318-5553-b5b2-52ea8b7c85b1,2,false,FIXED,NULL,0
d0e77b88-14d0-5ae3-bf23-89319c50b5ed,2026-09-08T00:00:00,2026-09-08T00:00:00,0,59fb46c8-ff3d-5d94-986d-287f00a638e8,613aef97-7b44-59b3-92f2-9f39f291bf32,1,false,FIXED,NULL,0
676f21bd-bb3b-5942-adc0-6435611516b6,2026-09-08T00:00:00,2026-09-08T00:00:00,0,59fb46c8-ff3d-5d94-986d-287f00a638e8,65047707-516b-5976-be9d-cca52d507314,1,false,FIXED,NULL,1
17a3f226-5d0a-5c8d-9b06-55f8405c5047,2026-09-08T00:00:00,2026-09-08T00:00:00,0,79b48351-da6b-5046-aef2-1c6383fa2a5d,c2963252-c346-54d2-867e-3e126010d0c1,2,false,FIXED,NULL,0
68954a30-0f02-5a33-9128-d40b77caef35,2026-09-08T00:00:00,2026-09-08T00:00:00,0,20a0712c-93ea-54a5-a2f2-dda4f4f9c77b,97eec6b3-1eff-5f35-8fdc-41742599eef0,2,false,FIXED,NULL,0
73a711b4-35b6-5032-8934-eddd8edc858a,2026-09-08T00:00:00,2026-09-08T00:00:00,0,20a0712c-93ea-54a5-a2f2-dda4f4f9c77b,255f27ad-7015-58a1-9ad1-9312b8f7700e,1,true,REPLACEMENT,NULL,1
e7f4426f-8cb7-514e-bfef-8a65ebd4edd6,2026-09-08T00:00:00,2026-09-08T00:00:00,0,2f88f3c8-0581-513c-a9ce-bf189651ee32,e91e599e-9430-5e13-89be-713e83eb1630,2,false,CHOICE,0,0
b0fd9bf4-a68c-5419-a2af-a62077b0eb31,2026-09-08T00:00:00,2026-09-08T00:00:00,0,2f88f3c8-0581-513c-a9ce-bf189651ee32,f15bcf28-1489-5e3d-90c9-7195b99d1b7a,2,false,CHOICE,0,1
dd9fd103-6efa-555f-a764-213041648a0e,2026-09-08T00:00:00,2026-09-08T00:00:00,0,4cd261bd-f6e8-52d4-8542-702e5341b6cc,65549ad3-4748-5cb5-bc7a-213e5bbed640,2,false,FIXED,NULL,0
91300976-b9cd-5819-9829-69791f66b994,2026-09-08T00:00:00,2026-09-08T00:00:00,0,812e3306-1e38-55e1-9874-fd36e5887891,ae84950e-993d-5192-92ff-d313d53b8fc9,2,false,FIXED,NULL,0
40f13385-2b34-53cb-aae5-d0a9eccd3f7c,2026-09-08T00:00:00,2026-09-08T00:00:00,0,f4889d65-d1d0-543a-aa36-173f959316b1,b1d859a8-7eb7-587b-9bad-d81c3085eff4,3,false,FIXED,NULL,0
58d44eb0-216f-5c8a-ad41-c770a68f521e,2026-09-08T00:00:00,2026-09-08T00:00:00,0,35471d1c-a2fa-523b-b66d-f9e74e2cd3dd,84af3b72-4c15-5158-b7a5-93249b0891b5,2,false,CHOICE,0,0
4f968c94-3ce0-56fd-975c-0ff1ee49c7ce,2026-09-08T00:00:00,2026-09-08T00:00:00,0,35471d1c-a2fa-523b-b66d-f9e74e2cd3dd,443a52ac-1ad0-5c55-b3fc-e76e95a2ead1,2,false,CHOICE,0,1
c8a62a2e-7473-5de1-8536-d2cd2560dade,2026-09-08T00:00:00,2026-09-08T00:00:00,0,8e230995-4888-57f4-83db-644f4ae9a487,118d91c5-7d69-55ad-a776-dbf8cd475cb6,2,false,FIXED,NULL,0
6b0ea554-cae3-575a-af03-b2795b4591ee,2026-09-08T00:00:00,2026-09-08T00:00:00,0,7a47c429-a7a6-5c77-960a-50729a4ab681,df88ef98-57ce-58e0-952d-4d4afe2c5fff,2,false,CHOICE,0,0
abbd990f-0808-55d5-960a-fec3e2879bff,2026-09-08T00:00:00,2026-09-08T00:00:00,0,7a47c429-a7a6-5c77-960a-50729a4ab681,aadc68e4-7b98-521d-85ad-156d2c1c7965,2,false,CHOICE,0,1
6bea7e4b-fc5b-591a-b164-c140a71427cb,2026-09-08T00:00:00,2026-09-08T00:00:00,0,e1a837c2-9411-5c84-ab19-11976793c672,5ff39668-9e4f-5c32-a9a4-9370f18c1612,3,false,CHOICE,0,0
38066b90-036d-5d83-b11b-d64a7a21d2c6,2026-09-08T00:00:00,2026-09-08T00:00:00,0,e1a837c2-9411-5c84-ab19-11976793c672,c95056cf-4b4d-5a21-a913-672fec898a78,3,false,CHOICE,0,1
f75e9f3e-b714-5349-92e6-8719080c0a57,2026-09-08T00:00:00,2026-09-08T00:00:00,0,e1a837c2-9411-5c84-ab19-11976793c672,d9e96c2a-60f9-58f5-93f0-f4c8aa696c75,1,true,REPLACEMENT,NULL,2
a541eb65-483d-57e4-9327-5db441561053,2026-09-08T00:00:00,2026-09-08T00:00:00,0,c434e214-f502-5183-ad58-40f65cce7fcb,821decf5-b105-5794-8c9d-23bcf9bdf2c2,3,false,FIXED,NULL,0
71b614c3-494f-56d5-902a-14eb8c60bf36,2026-09-08T00:00:00,2026-09-08T00:00:00,0,c434e214-f502-5183-ad58-40f65cce7fcb,f95f1457-0fd6-5603-872c-5cbc6a067315,1,true,REPLACEMENT,NULL,1
b31ad123-6353-530c-8587-7ddb7229431c,2026-09-08T00:00:00,2026-09-08T00:00:00,0,dbcdfa70-4859-5627-90a5-e673da1d4616,a5577dc9-b442-5c18-a685-a6dfcda15b80,2,false,FIXED,NULL,0
1ce8dedc-ca06-5d97-9dbd-38456be55b63,2026-09-08T00:00:00,2026-09-08T00:00:00,0,f63329c2-edc3-50b5-b4e5-db4a81872a66,94de8fa2-6de9-5f33-aa45-8677adf9eb40,3,false,FIXED,NULL,0
ca751991-c7ad-5b54-8afe-ca239835124a,2026-09-08T00:00:00,2026-09-08T00:00:00,0,f63329c2-edc3-50b5-b4e5-db4a81872a66,cd0a67e9-cdc6-5669-be91-4bb2c0fa9e63,1,true,REPLACEMENT,NULL,1
b2520f1e-20d2-5ed0-9a80-48a8835f54ad,2026-09-08T00:00:00,2026-09-08T00:00:00,0,bd90ce3d-a4b3-560a-ad83-f4c1148639ff,977025c1-f016-5489-98f1-7d68aebc90ea,2,false,CHOICE,0,0
fbba69f0-8373-5f18-9a14-78a73f6606b8,2026-09-08T00:00:00,2026-09-08T00:00:00,0,bd90ce3d-a4b3-560a-ad83-f4c1148639ff,81179e90-e801-5319-adc8-46af786dd3a2,2,false,CHOICE,0,1
37664d48-c968-5897-a127-9a6a6bcb0821,2026-09-08T00:00:00,2026-09-08T00:00:00,0,3c6706c3-053b-5f21-bdb6-c7bc5e35c02c,879f6aee-ea65-59d2-87f0-eef61c97ba4e,2,false,CHOICE,0,0
6a0faa91-12c3-5ede-8041-985372aad79a,2026-09-08T00:00:00,2026-09-08T00:00:00,0,3c6706c3-053b-5f21-bdb6-c7bc5e35c02c,2ba7993b-da24-516e-bcf5-1e9079b77c8c,2,false,CHOICE,0,1
dccbcd44-a8f0-5e35-a5de-ad38a2684268,2026-09-08T00:00:00,2026-09-08T00:00:00,0,cc35c4f4-e37c-5f4e-b7c3-ebacc7ef15f2,700e79ff-c555-50ce-8549-5012aa238bf7,2,false,FIXED,NULL,0
63d55ebc-fb9d-5278-91e3-6a4769c94ded,2026-09-08T00:00:00,2026-09-08T00:00:00,0,cc35c4f4-e37c-5f4e-b7c3-ebacc7ef15f2,617d38a1-f4da-58ec-942c-702a72005e6a,1,false,CHOICE,0,1
c544e0dd-e979-5d1f-9b26-10cccd4a3773,2026-09-08T00:00:00,2026-09-08T00:00:00,0,cc35c4f4-e37c-5f4e-b7c3-ebacc7ef15f2,d3784221-c3e1-55c8-8a5c-6b4ad6f0a262,1,false,CHOICE,0,2
ad9924d5-9f85-543d-83c7-a78a7fc77048,2026-09-08T00:00:00,2026-09-08T00:00:00,0,cc35c4f4-e37c-5f4e-b7c3-ebacc7ef15f2,64af9354-1412-5aa4-8d13-dc6bee9b989b,1,false,CHOICE,0,3
ba167aea-8dbd-5727-b84a-6d235672f75f,2026-09-08T00:00:00,2026-09-08T00:00:00,0,b14acd70-a5ce-547c-87a8-cfbd31edd79f,5d9dfa93-31a0-5fe7-bfd6-0ede6ed43204,2,false,FIXED,NULL,0
4c99a9f0-de20-5643-86a0-8afa058b591f,2026-09-08T00:00:00,2026-09-08T00:00:00,0,b14acd70-a5ce-547c-87a8-cfbd31edd79f,3775f2ef-0079-5353-9450-77d213f288b8,1,true,REPLACEMENT,NULL,1
824572b9-5162-597a-8e77-529fe3bdf615,2026-09-08T00:00:00,2026-09-08T00:00:00,0,c1cf6ae3-13f2-5c35-b1a9-a3443c979c98,143dcdde-1e74-50fc-bc85-c3357eaa993e,3,false,CHOICE,0,0
17417289-5c0c-5e27-a70e-b6fd49ac76a2,2026-09-08T00:00:00,2026-09-08T00:00:00,0,c1cf6ae3-13f2-5c35-b1a9-a3443c979c98,e7904b84-54ed-5e88-acd8-f6127b3be0d9,3,false,CHOICE,0,1
de8de873-1b22-5146-af04-1e93160f2247,2026-09-08T00:00:00,2026-09-08T00:00:00,0,7a53d57c-5464-5e03-b612-310112845a23,445b1ad7-200c-5f8f-bd62-4587bfc12409,3,false,FIXED,NULL,0
6b2dabaf-1108-57f1-9cda-8648b031442e,2026-09-08T00:00:00,2026-09-08T00:00:00,0,0722111b-8c68-58a1-92da-7357329c5b36,5cc6756c-7669-58ce-afb0-f9c9d48d6761,4,false,FIXED,NULL,0
dda6455f-1d35-5640-8418-0c367690b9bb,2026-09-08T00:00:00,2026-09-08T00:00:00,0,f35c69fe-6724-5b06-8cd5-5d1d02da8df9,ed4c7f2a-710d-5d41-a914-bb617a551e73,3,false,CHOICE,0,0
8db91438-4342-5257-b3a8-bb929d2989e8,2026-09-08T00:00:00,2026-09-08T00:00:00,0,f35c69fe-6724-5b06-8cd5-5d1d02da8df9,c013ed1a-fc02-5547-bfe5-bd6072a9f98b,3,false,CHOICE,0,1
a4d96a31-cbac-5400-8536-fbee82359286,2026-09-08T00:00:00,2026-09-08T00:00:00,0,1a240910-e89f-5750-aaf3-4104863c8d86,fb9f2860-545a-5320-95ce-c45f92485c9b,6,false,FIXED,NULL,0
f12ba059-c58e-55ff-a9de-32883df6c85f,2026-09-08T00:00:00,2026-09-08T00:00:00,0,1a240910-e89f-5750-aaf3-4104863c8d86,779014e4-380c-5724-9c3c-15bfa4b5ebf9,1,false,FIXED,NULL,1
015e1488-4884-5cf3-b285-46fe2939723f,2026-09-08T00:00:00,2026-09-08T00:00:00,0,ebea71a7-af7f-54c7-b019-02673c64ad95,515ba04b-febb-5bcb-9f80-644a75766dc5,2,false,FIXED,NULL,0
e76791a6-908a-5b41-8705-703a55028752,2026-09-08T00:00:00,2026-09-08T00:00:00,0,ebea71a7-af7f-54c7-b019-02673c64ad95,1770ab54-191e-5003-b39b-f438b2aeda12,1,false,FIXED,NULL,1
9813014c-6293-56b6-b9a4-f9e776376ec5,2026-09-08T00:00:00,2026-09-08T00:00:00,0,ebea71a7-af7f-54c7-b019-02673c64ad95,cf6580ac-6582-5c57-8e1b-0a1e45905b1a,3,false,ALTERNATIVE,0,2
ccfc187f-11c8-5da7-9146-681c7e1b6867,2026-09-08T00:00:00,2026-09-08T00:00:00,0,5c98af5f-7895-55a0-9dac-8cd746408f36,d3a75159-dfa6-5a39-a6fe-93bbb5762558,2,false,CHOICE,0,0
1b25931e-d953-5b89-8722-cb4adc7a2598,2026-09-08T00:00:00,2026-09-08T00:00:00,0,5c98af5f-7895-55a0-9dac-8cd746408f36,dc96665f-fb24-5c5b-a870-2634833d7b14,2,false,CHOICE,0,1
75a8e36d-8b37-5c70-ad11-6ad9f614edc1,2026-09-08T00:00:00,2026-09-08T00:00:00,0,5c98af5f-7895-55a0-9dac-8cd746408f36,a0073837-61b7-583d-b97b-072d513aa89e,2,false,CHOICE,0,2
202d286a-d4ca-5144-9488-221f8122370f,2026-09-08T00:00:00,2026-09-08T00:00:00,0,cf458590-7338-518e-bfa7-2466d2dc326d,ce059d48-e930-5802-ac2e-451e2d0e19cb,2,false,FIXED,NULL,0
4ef48f90-05f5-5341-9995-dc5a9075fd3f,2026-09-08T00:00:00,2026-09-08T00:00:00,0,cf458590-7338-518e-bfa7-2466d2dc326d,1a224cf5-a82c-5140-8b0e-522424a7fe5c,1,false,FIXED,NULL,1
ccbdda76-e73d-5626-bd67-154054527ee3,2026-09-08T00:00:00,2026-09-08T00:00:00,0,fa99d48e-4cba-5f37-8491-4225f43a8541,69ce50ea-e44e-5a48-af82-aba0e83b0631,1,false,CHOICE,0,0
9f5402b7-0c3c-55cc-ab45-d7427e4718c7,2026-09-08T00:00:00,2026-09-08T00:00:00,0,fa99d48e-4cba-5f37-8491-4225f43a8541,7c4b3e07-6cbb-5e34-b1c4-1b2acb8a0927,1,false,CHOICE,0,1
b3cde45b-3c05-5c10-bcb1-95d8d35584ee,2026-09-08T00:00:00,2026-09-08T00:00:00,0,fa99d48e-4cba-5f37-8491-4225f43a8541,42c76579-db66-570e-8d94-d0da073594fe,1,false,FIXED,NULL,2
38ee3b17-bcc5-59a8-90a9-b1e5a2450991,2026-09-08T00:00:00,2026-09-08T00:00:00,0,d1e75f6e-5c0d-523f-a215-6642c7124be3,f7d4849b-d2b7-5740-85cc-c798eec0170b,3,false,FIXED,NULL,0
58ff3501-136e-5a7b-81db-e2006c0ed5f4,2026-09-08T00:00:00,2026-09-08T00:00:00,0,ade59d40-d2e1-515b-9c9c-ebab1b5cc4b0,84eb2192-5667-5d9a-9834-4c02a60d65bf,2,false,FIXED,NULL,0
ad96193d-5204-5643-b985-72a0a2b9a58e,2026-09-08T00:00:00,2026-09-08T00:00:00,0,e4b2ee5c-e3cb-5ae6-8ca9-316a0ba30290,195fd02d-dc88-5b94-8d11-2ff5ea14029d,2,false,CHOICE,0,0
f8c7a019-49f2-5c2e-8b87-3de369a1aae6,2026-09-08T00:00:00,2026-09-08T00:00:00,0,e4b2ee5c-e3cb-5ae6-8ca9-316a0ba30290,1b6437c9-7dfe-52c7-85d1-e78235db05ac,2,false,CHOICE,0,1
4b1d79fd-4d1c-5a06-8774-409f8c3fdc29,2026-09-08T00:00:00,2026-09-08T00:00:00,0,e4b2ee5c-e3cb-5ae6-8ca9-316a0ba30290,fd03bd00-57df-55a5-ad39-55ed4a59ae6a,1,true,REPLACEMENT,NULL,2
5a24d0b1-d9b7-5c6f-9cc3-67a0c36772d5,2026-09-08T00:00:00,2026-09-08T00:00:00,0,d5474b55-2240-5966-b2db-77c7a4b8f978,f438595f-a236-5698-b2a6-fb7f2e107b51,1,false,FIXED,NULL,0
9ea0aaac-ae31-59f3-ac17-81356e5cd895,2026-09-08T00:00:00,2026-09-08T00:00:00,0,d5474b55-2240-5966-b2db-77c7a4b8f978,2b70b518-e7eb-5e16-8156-d2b482b7ab49,2,false,FIXED,NULL,1
e2ea9c3a-cc52-58bc-968a-a3ff1acb125b,2026-09-08T00:00:00,2026-09-08T00:00:00,0,411497b4-54f9-59d3-b3bd-686e8fec9217,8ba7a478-a5d3-5c21-88fb-90748968c094,2,false,FIXED,NULL,0
02373457-28a0-5d7b-80c6-daf98679f423,2026-09-08T00:00:00,2026-09-08T00:00:00,0,543b8f4d-7531-52c7-8a00-f34d1d3fc2c7,70d141ae-2f95-526d-bccd-9af3fa7dc017,2,false,FIXED,NULL,0
2da849b7-c968-5abf-9fd1-dae7fc5d79c9,2026-09-08T00:00:00,2026-09-08T00:00:00,0,cfb4c391-9c8f-55b5-b014-c6f488b69e4d,3c6a2dfa-b26e-5350-bd52-33e4cfbdecc1,2,false,FIXED,NULL,0
9bfc664e-b8c3-5340-a48d-52a40132495e,2026-09-08T00:00:00,2026-09-08T00:00:00,0,cfb4c391-9c8f-55b5-b014-c6f488b69e4d,78d09c08-0ce1-5c90-a55e-d23312932383,1,true,REPLACEMENT,NULL,1
871d08aa-b3a9-565d-8151-08c0231262c2,2026-09-08T00:00:00,2026-09-08T00:00:00,0,c4e67921-c17a-5ad7-b56d-4d6756eb2db5,a618fd2e-37ed-5304-938b-f24b7d55d704,3,false,CHOICE,0,0
711d74b7-a9f3-582b-bbf3-e7d16a49ca40,2026-09-08T00:00:00,2026-09-08T00:00:00,0,c4e67921-c17a-5ad7-b56d-4d6756eb2db5,5a7d2fe3-510f-564e-9284-4c7992e1af95,3,false,CHOICE,0,1
2eb41eac-90c4-504f-b2a5-400bdffd769e,2026-09-08T00:00:00,2026-09-08T00:00:00,0,cbc74d1f-ab08-5b62-8886-53d5b551d6b1,0241f7c9-9da4-5648-bd59-d0d41d1c1c7e,1,false,FIXED,NULL,0
1b01e691-82d7-56b1-85dd-054f954f9cb3,2026-09-08T00:00:00,2026-09-08T00:00:00,0,cbc74d1f-ab08-5b62-8886-53d5b551d6b1,77f5da4b-04c5-5f3a-820e-3081303ae99f,2,false,FIXED,NULL,1
70816979-d898-5531-b953-29b1845bd68e,2026-09-08T00:00:00,2026-09-08T00:00:00,0,cbc74d1f-ab08-5b62-8886-53d5b551d6b1,2473b77e-568d-59ef-a6d9-74cf7350260d,1,false,FIXED,NULL,2
b16025c4-9855-5d9f-84fa-d84dce497038,2026-09-08T00:00:00,2026-09-08T00:00:00,0,9504f047-7d14-5328-91a9-ef1839c9c5b1,fd1fec71-6200-5430-9bd5-7470b67b7dc4,3,false,FIXED,NULL,0
c4cf6bbe-1171-5018-8d5c-ce7d33b1cb09,2026-09-08T00:00:00,2026-09-08T00:00:00,0,9504f047-7d14-5328-91a9-ef1839c9c5b1,dbf599d8-caae-57f0-99d5-54395257d4b2,1,false,FIXED,NULL,1
207a7bb9-78b0-5fdc-bed3-9bd9c9a31623,2026-09-08T00:00:00,2026-09-08T00:00:00,0,462d4859-05bf-5e08-8906-20f7c5665adf,2ef6cb1b-062a-523f-b270-34b52b32df7f,2,false,CHOICE,0,0
4075e47a-7704-5688-96f8-ed9fe9bde5d7,2026-09-08T00:00:00,2026-09-08T00:00:00,0,462d4859-05bf-5e08-8906-20f7c5665adf,d67a7573-017d-5287-9257-4fcde3b29785,2,false,CHOICE,0,1
97520a96-8d2d-5ab8-8d53-485a6ac5429b,2026-09-08T00:00:00,2026-09-08T00:00:00,0,88552fdd-a7b0-55bb-82db-463d170f339d,9995b584-23bc-54e2-9957-4410a78d02ef,2,false,FIXED,NULL,0
f9b928f1-8260-5728-9d50-195233365c5f,2026-09-08T00:00:00,2026-09-08T00:00:00,0,219dfc07-a385-56d4-9ba3-e164c5db1e90,37fae7c1-bd1c-5a62-8710-f0db0567c0bb,1,false,FIXED,NULL,0
f17eb2aa-cc28-5ef7-aff1-7ac6ce13e2c2,2026-09-08T00:00:00,2026-09-08T00:00:00,0,219dfc07-a385-56d4-9ba3-e164c5db1e90,1b3fdefc-cf89-5e78-91bf-af4783cbcfc9,1,false,FIXED,NULL,1
749f58e4-4763-5795-b269-3e8df6d62b35,2026-09-08T00:00:00,2026-09-08T00:00:00,0,1573e142-d932-547c-ac0a-f2b013ce5e5e,e958f405-f064-57ea-8202-5caa30f1b133,3,false,FIXED,NULL,0
708cfe97-6dd9-5b91-90f7-acba42de8cee,2026-09-08T00:00:00,2026-09-08T00:00:00,0,fddef717-e292-5f2e-8aaf-27cddc4b7391,3c888f44-6096-55f2-97df-22a9553061b1,2,false,FIXED,NULL,0
debf266c-9823-5c0b-85ec-0d2abf63824c,2026-09-08T00:00:00,2026-09-08T00:00:00,0,52b18f61-f534-5eab-8d42-c4cf3ae26265,dc3a1d13-0c01-5512-9c61-bcf46ff4ffc9,3,false,FIXED,NULL,0
888389a5-d93d-5968-a984-503f24fd833f,2026-09-08T00:00:00,2026-09-08T00:00:00,0,fa2697a9-2f1b-50d4-a853-a7bf9118b38f,68846608-77ed-5f14-af57-ca18fac32def,3,false,FIXED,NULL,0
5db647ae-5e10-5eb9-99fb-c192639f7a98,2026-09-08T00:00:00,2026-09-08T00:00:00,0,fa2697a9-2f1b-50d4-a853-a7bf9118b38f,0135a9b8-c946-574f-b51a-19bec82de1ef,1,true,REPLACEMENT,NULL,1
a5ff8744-3701-5e83-a12b-fd34165741fe,2026-09-08T00:00:00,2026-09-08T00:00:00,0,0b1c5793-88cf-5e8a-9089-8dcc62f7a0a8,013ac35f-5685-53e3-ac31-8acdda146a94,3,false,FIXED,NULL,0
9cb631d4-deaa-5dcc-9e3b-4f19a18b2fd9,2026-09-08T00:00:00,2026-09-08T00:00:00,0,0b1c5793-88cf-5e8a-9089-8dcc62f7a0a8,f9e1da60-40f4-5920-8fae-2adb5811786f,1,true,REPLACEMENT,NULL,1
d1a3e366-b5d3-5783-93f8-05b4a8ac6dab,2026-09-08T00:00:00,2026-09-08T00:00:00,0,4e710854-8e17-55ee-861b-20f53402bcd2,9e7941a1-c9a6-5b07-8cf7-29496a91d2a2,2,false,FIXED,NULL,0
ac578fc1-8d51-549b-b7cf-e4d502f0ccf4,2026-09-08T00:00:00,2026-09-08T00:00:00,0,4e710854-8e17-55ee-861b-20f53402bcd2,f548cc58-a5b9-554a-b086-205d92386353,1,true,REPLACEMENT,NULL,1
a04d643f-4351-560d-bdf5-87fed5b3def0,2026-09-08T00:00:00,2026-09-08T00:00:00,0,24ea533b-2d20-54a8-a6c0-ee329c11ec71,3a05de74-0c79-5094-8086-bd53ed843cf5,2,false,FIXED,NULL,0
a92712ff-3ed8-5da3-aa27-ffd8a5d5dd57,2026-09-08T00:00:00,2026-09-08T00:00:00,0,24ea533b-2d20-54a8-a6c0-ee329c11ec71,ddcc28f8-9247-5f65-ba1e-e277a038448b,1,false,CHOICE,0,1
785905a3-f083-5afe-b389-548ad9d665be,2026-09-08T00:00:00,2026-09-08T00:00:00,0,24ea533b-2d20-54a8-a6c0-ee329c11ec71,909e2d22-45d9-506e-8f57-4dd73af88a4f,1,false,CHOICE,0,2
b5ac8b43-2055-598e-a2a6-e37c5d7e45ff,2026-09-08T00:00:00,2026-09-08T00:00:00,0,24ea533b-2d20-54a8-a6c0-ee329c11ec71,909e2d22-45d9-506e-8f57-4dd73af88a4f,2,false,FIXED,NULL,3
9db30801-a25b-5d7d-aa6f-f8afb5fe4031,2026-09-08T00:00:00,2026-09-08T00:00:00,0,21b828b7-bc90-576d-aa6d-e215e1a9f343,717e2ae2-31e5-5476-969c-648b5b4a4c0b,1,false,FIXED,NULL,0
0de48c7d-9c7b-578d-90c3-a21976caa215,2026-09-08T00:00:00,2026-09-08T00:00:00,0,21b828b7-bc90-576d-aa6d-e215e1a9f343,c3e4e3cd-3375-5d9a-ba77-ec20d79d9e39,1,false,FIXED,NULL,1
6bcc12a8-2a1b-5975-a8fa-531d4baf6d64,2026-09-08T00:00:00,2026-09-08T00:00:00,0,e207e10d-75ba-5d8e-b5f7-3b8eeb40cd72,01bb1ccb-fb2c-52dc-a865-f748011739b3,2,false,FIXED,NULL,0
ba0dd78e-4c40-589d-9873-15b7124ddd1c,2026-09-08T00:00:00,2026-09-08T00:00:00,0,c91d9626-10bf-59e6-944a-e05e5174dbda,f6117f96-945b-5d0f-ab4f-e00734299e6b,2,false,FIXED,NULL,0
e0ab74e8-e1a4-547c-933f-1b8694985cc4,2026-09-08T00:00:00,2026-09-08T00:00:00,0,c91d9626-10bf-59e6-944a-e05e5174dbda,b4b0bcaa-0a5d-5a92-9296-71c7b4d0671a,1,true,REPLACEMENT,NULL,1
e6e1f9e9-a239-50de-ba0b-bbdbc85f476d,2026-09-08T00:00:00,2026-09-08T00:00:00,0,b9fb5f49-d330-5eab-b6c3-890c888cf2bf,6b4d2819-41bf-52dc-9344-9b1ac2eb756a,2,false,CHOICE,0,0
019ff66e-2883-5a18-9457-cba6ef987b18,2026-09-08T00:00:00,2026-09-08T00:00:00,0,b9fb5f49-d330-5eab-b6c3-890c888cf2bf,01eb812d-2969-59e0-8be5-ebdfc10982a6,2,false,CHOICE,0,1
c574652a-0268-5fc9-8e8f-e75ca7dbc25f,2026-09-08T00:00:00,2026-09-08T00:00:00,0,5368b2f4-13f5-59c7-85f9-8f4ac06cf31d,b7fdddf5-8c50-50a2-8078-21faaf53ee32,3,false,FIXED,NULL,0
c837902b-b43a-571a-9277-761ce5470247,2026-09-08T00:00:00,2026-09-08T00:00:00,0,5368b2f4-13f5-59c7-85f9-8f4ac06cf31d,42edf46d-a39d-5e01-95f8-f5d2348986fb,1,true,REPLACEMENT,NULL,1
a1590fe6-64fd-54ce-9558-3a9723a402f4,2026-09-08T00:00:00,2026-09-08T00:00:00,0,e782592f-5364-5187-ba39-7d07c28d8994,15123dac-a5c4-5470-8847-ff8bf3c0b842,2,false,FIXED,NULL,0
1802b708-ba93-5866-8864-1d6883a07ca6,2026-09-08T00:00:00,2026-09-08T00:00:00,0,2bc6272c-5e3c-5310-be41-80be1c1e9777,e0d8f1e6-891d-513f-b3ae-6a60fd1b59af,2,false,FIXED,NULL,0
77b0eb83-b7a2-5e37-a51d-ffc1862c59ac,2026-09-08T00:00:00,2026-09-08T00:00:00,0,41164863-8a72-5b51-ba9c-4e1e9db0cd7e,bd755233-bba1-5c96-a8c5-07dca81f784f,3,false,FIXED,NULL,0
b31c3b2a-7ca8-5c31-bb64-9d1f400ef6fd,2026-09-08T00:00:00,2026-09-08T00:00:00,0,41164863-8a72-5b51-ba9c-4e1e9db0cd7e,59279988-e8e6-514e-aaf2-09b63ce57307,1,true,REPLACEMENT,NULL,1
5957c19f-1dd1-59f3-a0cf-85992eb0d605,2026-09-08T00:00:00,2026-09-08T00:00:00,0,124c4aa3-7924-5ce7-b4b6-cc765fb53011,9afb9459-db36-5b29-860e-84d19c88a04c,3,false,FIXED,NULL,0
6ffd61cf-c8a2-5253-b1ff-ba00bc742b1d,2026-09-08T00:00:00,2026-09-08T00:00:00,0,124c4aa3-7924-5ce7-b4b6-cc765fb53011,fa98f4c3-76d0-5571-8c35-778cc9ba7b2a,1,true,REPLACEMENT,0,1
d87e0c2d-fb31-5fcd-95e6-b492946ff5c9,2026-09-08T00:00:00,2026-09-08T00:00:00,0,124c4aa3-7924-5ce7-b4b6-cc765fb53011,1554d0ee-469c-5d52-9f80-448dc171c96f,1,true,REPLACEMENT,0,2
1be2fa37-1ff0-5fc0-812b-78ce9996c8f6,2026-09-08T00:00:00,2026-09-08T00:00:00,0,58dc49e3-8f86-52fe-a071-3071c571b0d7,c49d7f08-cd27-5b83-b1c3-916e10e29b47,3,false,FIXED,NULL,0
a1f9c34b-df9c-5c91-b01d-dbd5cce680cc,2026-09-08T00:00:00,2026-09-08T00:00:00,0,58dc49e3-8f86-52fe-a071-3071c571b0d7,5f18ce41-6993-5edd-89e2-778eecbeded8,1,true,REPLACEMENT,0,1
2bdebbb2-2605-5e53-960b-4ff4968873fb,2026-09-08T00:00:00,2026-09-08T00:00:00,0,58dc49e3-8f86-52fe-a071-3071c571b0d7,c11c44d9-57ed-5767-b7a6-c41256f2f6a1,1,true,REPLACEMENT,0,2
9bf4a323-7924-553c-94c0-3458bc5a0bf1,2026-09-08T00:00:00,2026-09-08T00:00:00,0,e75f8112-9498-5668-9e74-17ef32d1f5e8,8cb519d7-2275-5b6a-8017-2ab5c800e892,2,false,FIXED,NULL,0
fea7d9a5-6e0d-5eac-93ba-7aea9ae936a9,2026-09-08T00:00:00,2026-09-08T00:00:00,0,e75f8112-9498-5668-9e74-17ef32d1f5e8,eb5f37a1-ce3a-5bdf-8c1c-e354f7d4ae19,1,true,REPLACEMENT,NULL,1
c6d276ef-4f69-54c1-a1c0-2059246ee013,2026-09-08T00:00:00,2026-09-08T00:00:00,0,38d6b5fe-1ded-5a25-a611-9a8b1425119d,fd840a78-bc5b-5ed0-9984-b556ed876f1e,3,false,FIXED,NULL,0
da97bcac-fa7f-5188-9e21-d9327eacf838,2026-09-08T00:00:00,2026-09-08T00:00:00,0,5a1ff569-d981-51b7-85ab-3076bcc9a172,e1eea52e-284c-5cdf-9f5c-59dc57721298,2,false,FIXED,NULL,0
5753dd14-0ff2-5b9a-941a-44dbf632308d,2026-09-08T00:00:00,2026-09-08T00:00:00,0,5a1ff569-d981-51b7-85ab-3076bcc9a172,11816e56-c94c-5aef-ab82-3bbd7f55b6d4,1,false,FIXED,NULL,1
3c697918-9d98-5ecb-8080-d9167171776e,2026-09-08T00:00:00,2026-09-08T00:00:00,0,38508d9b-95da-5e15-b1ef-446cbcf9d462,f8b199d6-519c-550f-a960-3bc5b863671d,3,false,CHOICE,0,0
124822df-6b33-5016-b3aa-96d84ea2cdf2,2026-09-08T00:00:00,2026-09-08T00:00:00,0,38508d9b-95da-5e15-b1ef-446cbcf9d462,84ea9f07-8d9f-58f5-85b4-8e3ae3abb2e6,3,false,CHOICE,0,1
4de0c694-83c2-5cfa-a103-fa62f7ace274,2026-09-08T00:00:00,2026-09-08T00:00:00,0,827c2e13-5b4a-5631-ae06-c24ff1b623a9,f85f4090-9059-56a2-aaa9-9746e057a2bc,2,false,CHOICE,0,0
ba152657-f597-5478-abe3-c685211194f3,2026-09-08T00:00:00,2026-09-08T00:00:00,0,827c2e13-5b4a-5631-ae06-c24ff1b623a9,724b8d19-ae05-5f2f-b10e-7ada31baac13,2,false,CHOICE,0,1
74163cc1-175b-5ce6-8fb7-201c8790d9c0,2026-09-08T00:00:00,2026-09-08T00:00:00,0,61412b40-c77a-5ba9-baef-c157b2a555f9,c49d54f7-a1d7-55ef-8336-7e5daee697db,2,false,CHOICE,0,0
9c55fad2-37ae-5cd2-b3d8-c2fe64241dac,2026-09-08T00:00:00,2026-09-08T00:00:00,0,61412b40-c77a-5ba9-baef-c157b2a555f9,45fa2d2e-290d-54af-ab0a-9a8884cb34f3,2,false,CHOICE,0,1
05d6e3d1-193c-51c2-b890-0ab02b7e3dcc,2026-09-08T00:00:00,2026-09-08T00:00:00,0,ac2b3f04-f732-5949-8578-8e71ec485e8b,aeb9a78d-1cc4-5e96-9e6a-ab42d51c5cf9,2,false,CHOICE,0,0
bf348b3d-0a0b-5c33-a87c-2a3e8ff802b1,2026-09-08T00:00:00,2026-09-08T00:00:00,0,ac2b3f04-f732-5949-8578-8e71ec485e8b,76d7dd89-f11f-5e91-a393-cf2c1b880ad6,2,false,CHOICE,0,1
eb4c2859-8d42-547f-a157-c7be63dfe604,2026-09-08T00:00:00,2026-09-08T00:00:00,0,37143b23-b833-5c0b-8992-c037be6ee10e,16600b3d-b8c6-5883-973e-9f9dd2bb39e1,1,false,FIXED,NULL,0
7c40113f-d48e-526d-b10f-ec08fde4284d,2026-09-08T00:00:00,2026-09-08T00:00:00,0,37143b23-b833-5c0b-8992-c037be6ee10e,b1b11d0a-74b8-5674-afeb-a92c9865271d,1,false,CHOICE,0,1
50d0696d-3b4a-5fab-afd1-3227570a0bc8,2026-09-08T00:00:00,2026-09-08T00:00:00,0,37143b23-b833-5c0b-8992-c037be6ee10e,1c2c8e54-26e5-5922-8f37-745c62028c7d,1,false,CHOICE,0,2
962f401d-a403-56be-9c0d-f45fb72d7f72,2026-09-08T00:00:00,2026-09-08T00:00:00,0,8671636c-ae45-5e5b-833a-24b72a8bd821,6080e753-27d4-59da-af93-fd89f9a76cb8,1,false,FIXED,NULL,0
3f8dc17b-4e71-5888-a9cf-14a7b9a3fa9b,2026-09-08T00:00:00,2026-09-08T00:00:00,0,8671636c-ae45-5e5b-833a-24b72a8bd821,7d313a9d-60de-5414-a85c-8a2966323e5c,3,false,CHOICE,0,1
b8bdb885-79ae-5d15-8863-1ddc0625c990,2026-09-08T00:00:00,2026-09-08T00:00:00,0,8671636c-ae45-5e5b-833a-24b72a8bd821,76cd8057-48f2-5fef-a9fb-b562446e8637,3,false,CHOICE,0,2
aa6249de-d9b4-5c73-860b-2089fff4e5b1,2026-09-08T00:00:00,2026-09-08T00:00:00,0,62704a4a-2245-52f5-be2d-4aa14d8b606c,97abf014-7c19-54a9-a18f-b2df76757f8e,2,false,CHOICE,0,0
527d4819-c8ae-5ef7-b31a-ca50bdcb676a,2026-09-08T00:00:00,2026-09-08T00:00:00,0,62704a4a-2245-52f5-be2d-4aa14d8b606c,939563f3-a93b-5af1-8f00-bfe39b0fc7c4,2,false,CHOICE,0,1
8c279584-0569-5ac3-9cfa-53f4792cb33f,2026-09-08T00:00:00,2026-09-08T00:00:00,0,3a9b9042-b76f-58b2-88ab-615b0c3f78ad,82f3034d-968d-5363-be6d-58966b5cacf5,2,false,FIXED,NULL,0
69a6e772-3a1e-5933-9979-59f6d344d7f4,2026-09-08T00:00:00,2026-09-08T00:00:00,0,16875c2f-4f7e-570a-b00e-db0322b0d969,8ffbc928-fb27-5dd3-afa5-c7a18289460c,3,false,FIXED,NULL,0
030868cf-86af-5b81-9f14-e939a5f20680,2026-09-08T00:00:00,2026-09-08T00:00:00,0,5d59ccbe-68aa-599a-9538-c5489213c7ec,87787a66-0b47-57a7-8327-c84feb8f0ebe,1,false,FIXED,NULL,0
81cb3f11-b6c8-58c7-94aa-556ff9afdae8,2026-09-08T00:00:00,2026-09-08T00:00:00,0,5d59ccbe-68aa-599a-9538-c5489213c7ec,2f41ccda-11d0-5be8-8bd9-4c88768c255b,1,false,FIXED,NULL,1
42f83b0d-47a7-509d-88b7-b3a46bf46be0,2026-09-08T00:00:00,2026-09-08T00:00:00,0,d868f715-4af6-5cfd-9adc-2b2fca1dd60c,1d6ac993-7f50-5e24-a18c-44c80dd42ba3,2,false,FIXED,NULL,0
1b942b78-ef99-5b54-9e73-089b8f1dc6b3,2026-09-08T00:00:00,2026-09-08T00:00:00,0,1be6c6c9-9574-54ca-a10d-e0eb6600e02e,40f3ebc8-35aa-5c61-bf45-419387fcafe3,2,false,FIXED,NULL,0
844ed17c-00e4-5e89-9b86-8285c3317375,2026-09-08T00:00:00,2026-09-08T00:00:00,0,1be6c6c9-9574-54ca-a10d-e0eb6600e02e,79ea5d46-038c-563c-8be2-8aece986d919,1,false,FIXED,NULL,1
59234ffc-1ff8-5fcf-922a-411ec1b27cad,2026-09-08T00:00:00,2026-09-08T00:00:00,0,4681538b-40a2-56bb-a4f6-d85a7ecf72a4,3eeb2456-5f4d-525f-9a02-d3c8980c1eab,2,false,FIXED,NULL,0
7a31b2e1-2482-506a-a40e-d5adb46b8fc6,2026-09-08T00:00:00,2026-09-08T00:00:00,0,4681538b-40a2-56bb-a4f6-d85a7ecf72a4,1b330efe-e044-57fe-943c-7c16613ebb50,1,false,FIXED,NULL,1
5c0aba1d-f976-5d90-8bb5-be512392b4aa,2026-09-08T00:00:00,2026-09-08T00:00:00,0,f0ed367f-ae85-5197-8d0d-4ec7f582520b,27b1a982-ff29-5863-8025-97eccad69c4d,2,false,FIXED,NULL,0
f43f2753-2701-54ff-b4f4-7df23c24cf32,2026-09-08T00:00:00,2026-09-08T00:00:00,0,7efbafdb-989a-5452-a9a2-4f64547def0c,a7d5c86d-dbfe-51ad-9224-c37c86fed9bf,2,false,CHOICE,0,0
571a1ecc-c50e-553b-aa6c-cee2963516e6,2026-09-08T00:00:00,2026-09-08T00:00:00,0,7efbafdb-989a-5452-a9a2-4f64547def0c,3a160365-1e3a-5d5e-b2eb-c29e40335986,2,false,CHOICE,0,1
f69226e8-aba9-580d-bda9-b465513fcf4b,2026-09-08T00:00:00,2026-09-08T00:00:00,0,f3c6cdf7-aee8-5e26-8e5a-6829e39592c7,b9fb9d67-3a7c-55fc-a5e7-011d1486572e,2,false,FIXED,NULL,0
ae2bf4be-8f88-5afb-addf-22759c856a95,2026-09-08T00:00:00,2026-09-08T00:00:00,0,b2df9357-b44a-59b8-abb5-8ad8bc04cc55,eae767af-0388-5484-b166-ee9b821bee83,2,false,CHOICE,0,0
50c90a4e-30ba-5553-9be5-6e5fb7002331,2026-09-08T00:00:00,2026-09-08T00:00:00,0,b2df9357-b44a-59b8-abb5-8ad8bc04cc55,4d0e68c8-41c5-5782-a710-1c5c7c6c3258,2,false,CHOICE,0,1
6d430796-cf7b-56dd-8dc1-79d2767c864b,2026-09-08T00:00:00,2026-09-08T00:00:00,0,b2df9357-b44a-59b8-abb5-8ad8bc04cc55,137315d2-809f-5b67-ad20-4dc17f033bb1,1,true,REPLACEMENT,NULL,2
cafe3cfb-5436-5618-a144-034cfdd329f7,2026-09-08T00:00:00,2026-09-08T00:00:00,0,37fae6ea-94cd-578f-8f6f-437ffc22727d,6ce2c907-280b-51a0-97c3-b4bbc89d176c,2,false,CHOICE,0,0
a6b6d8c7-f9ff-54a1-b541-9d49906eb670,2026-09-08T00:00:00,2026-09-08T00:00:00,0,37fae6ea-94cd-578f-8f6f-437ffc22727d,80f9a819-bbf9-5882-aa01-7aa9093cdbe6,2,false,CHOICE,0,1
4393e251-f66e-595a-af6d-e630da54a2c0,2026-09-08T00:00:00,2026-09-08T00:00:00,0,37fae6ea-94cd-578f-8f6f-437ffc22727d,7096c762-896d-5412-954c-5ad3ef9076e9,1,true,REPLACEMENT,NULL,2
45cba60b-2aad-5826-abf7-b8736a39067c,2026-09-08T00:00:00,2026-09-08T00:00:00,0,c21f57c0-93e5-5126-8858-81ab994ca707,0e0e365f-778a-5df9-95be-a70429854be9,2,false,CHOICE,0,0
8ae77f56-27e7-50f5-8db4-68b08764adac,2026-09-08T00:00:00,2026-09-08T00:00:00,0,c21f57c0-93e5-5126-8858-81ab994ca707,195c6323-4095-5797-b0be-b8aadda14204,1,true,REPLACEMENT,NULL,1
469125e2-702f-59c5-9892-66e5443888d7,2026-09-08T00:00:00,2026-09-08T00:00:00,0,4b9c1bd5-eb60-59bc-b9f0-679e6fc3d9cb,9a69e478-d623-5a5b-a425-5077ba959d75,2,false,CHOICE,0,0
4813093a-49cd-542f-909d-41b8ac8aae56,2026-09-08T00:00:00,2026-09-08T00:00:00,0,4b9c1bd5-eb60-59bc-b9f0-679e6fc3d9cb,a842cba4-b86e-55d7-b99b-6f13337201b7,2,false,CHOICE,0,1
dd7933ce-d67b-5d7e-8300-8b45d401509c,2026-09-08T00:00:00,2026-09-08T00:00:00,0,4b9c1bd5-eb60-59bc-b9f0-679e6fc3d9cb,154836c8-f669-587b-a9af-db13a53deb00,1,true,REPLACEMENT,NULL,2
010635ba-9d44-58bb-91cd-56cef1dc6b79,2026-09-08T00:00:00,2026-09-08T00:00:00,0,8808e517-3968-51c1-b738-f4c544b14525,f82fe2f8-2b97-5683-8159-3413a046ed6e,2,false,CHOICE,0,0
8469d6ca-464f-5ffb-b409-747ee4967d57,2026-09-08T00:00:00,2026-09-08T00:00:00,0,8808e517-3968-51c1-b738-f4c544b14525,2626c87f-0664-56d3-88d7-4e92f3acca17,2,false,CHOICE,0,1
d4503289-e000-5dbb-a86e-a9385eddca63,2026-09-08T00:00:00,2026-09-08T00:00:00,0,8808e517-3968-51c1-b738-f4c544b14525,dbd07785-4fc6-56b1-a13c-4febe5b0f2ff,1,true,REPLACEMENT,NULL,2
38e77029-d937-509d-b7b3-0eff55cf9b69,2026-09-08T00:00:00,2026-09-08T00:00:00,0,7e07122e-ca04-5d83-a91e-7adb009eaa2e,8d0692d9-2256-5e35-b105-170eecea9a8b,2,false,FIXED,NULL,0
8c733bac-fa06-50b6-aa00-bae3f5d914ef,2026-09-08T00:00:00,2026-09-08T00:00:00,0,c47d2855-32e7-55b1-9395-84964849e55d,26bcecb6-3273-5bf8-9ce3-c121db788f78,3,false,FIXED,NULL,0
c4436b91-ca3e-5c7a-81ab-a9eb8c00e691,2026-09-08T00:00:00,2026-09-08T00:00:00,0,a911cf5c-a713-5978-adde-26f56edb415e,b7cf10fc-e842-5385-907c-a54bad6d14fb,3,false,FIXED,NULL,0
a8c57277-7a0b-5a68-a581-bd1d617cd23e,2026-09-08T00:00:00,2026-09-08T00:00:00,0,8ce42db7-a336-5666-b1b5-740a1b932461,8e7186f4-ee88-5f67-8711-6e3e2051a2d6,3,false,FIXED,NULL,0
cb1db1f3-9636-5ee9-af3a-8012be43446e,2026-09-08T00:00:00,2026-09-08T00:00:00,0,fa6f600a-418b-5c7a-b4d9-e240720f98ff,52fb668b-682e-5383-b304-acdb588db058,2,false,CHOICE,0,0
7b06757f-5483-501d-898b-6ef066bf1ace,2026-09-08T00:00:00,2026-09-08T00:00:00,0,fa6f600a-418b-5c7a-b4d9-e240720f98ff,58304bb8-4d84-5691-afad-3b8f85894c4a,2,false,CHOICE,0,1
82aff8c7-ee75-526f-91a7-8eb4adc82b2b,2026-09-08T00:00:00,2026-09-08T00:00:00,0,fa6f600a-418b-5c7a-b4d9-e240720f98ff,3263cfd8-2edb-5ce6-a4a3-d27b14b9d9ea,1,true,REPLACEMENT,NULL,2
a43032e6-f43e-56ab-945f-1d70164d903c,2026-09-08T00:00:00,2026-09-08T00:00:00,0,82216d10-3f46-54fc-b7be-92d3c6427f55,a6d57d75-8787-58b8-8fc7-62c66ef0a531,1,false,FIXED,NULL,0
c679a12f-a623-55be-8510-af8460d4c394,2026-09-08T00:00:00,2026-09-08T00:00:00,0,82216d10-3f46-54fc-b7be-92d3c6427f55,633fd8dd-bbc6-5f17-b6ba-bf6b16372ba3,1,false,FIXED,NULL,1
c68b02a4-ebfd-5c3d-bed0-609580e98a1b,2026-09-08T00:00:00,2026-09-08T00:00:00,0,f23372ce-8fe9-5c67-b060-e3ea72429d94,59d18599-0e76-5769-aaa6-b2e3ca0bc74d,1,false,FIXED,NULL,0
3366c6c1-0904-5500-9a87-9b8b3cea8992,2026-09-08T00:00:00,2026-09-08T00:00:00,0,f23372ce-8fe9-5c67-b060-e3ea72429d94,ea990faa-3d19-5fff-8f61-b5ab7562afc1,3,false,FIXED,NULL,1
bb7da04a-1de9-5ede-b6ef-6c8d8d84d71d,2026-09-08T00:00:00,2026-09-08T00:00:00,0,10219d43-7caf-5fb3-9f9d-41c8db6a4ec7,e31349a4-63d3-5079-aaa8-1247e2c0a7ae,2,false,FIXED,NULL,0
b0f9316a-8e62-5aeb-ae87-bbf7b7a27f40,2026-09-08T00:00:00,2026-09-08T00:00:00,0,fde0aff5-541f-5328-9003-a8a91022d0c7,c33f3696-0be4-5955-b728-b3697ff9b45f,2,false,FIXED,NULL,0
821bf936-bd59-58f7-bbf4-c8f785783182,2026-09-08T00:00:00,2026-09-08T00:00:00,0,62e9f9cb-1ec8-5562-92e8-28c7540e0e98,cd0315c1-cb5a-582e-8747-c599c302eb61,2,false,FIXED,NULL,0
24739584-a30a-51e2-85e8-7bdeaec64c7c,2026-09-08T00:00:00,2026-09-08T00:00:00,0,585ac9cc-e309-5054-8126-7e3135037354,82ff6833-8b24-59dc-9215-c29135c943ca,2,false,FIXED,NULL,0
ac83d1de-3d40-55f4-ab14-bd12ce749c45,2026-09-08T00:00:00,2026-09-08T00:00:00,0,b9e20335-881c-5b16-94cf-50e8713b2495,025ff93d-7da0-5490-916c-c541f1138e4e,1,false,FIXED,NULL,0
8a3f1d9d-51b3-549b-a33e-be76f12f5a5f,2026-09-08T00:00:00,2026-09-08T00:00:00,0,b9e20335-881c-5b16-94cf-50e8713b2495,901bdcc7-a261-5372-a1cd-a42040e311aa,1,false,FIXED,NULL,1
ef9caf5b-2c0e-5acb-8eb7-8af6440bdc59,2026-09-08T00:00:00,2026-09-08T00:00:00,0,916ba0fc-9fa3-5933-889c-ac98868e6d73,5d414347-d668-5393-aff2-b39fa9c992a2,2,false,FIXED,NULL,0
592f4a06-27da-540c-b177-78868a6c67ab,2026-09-08T00:00:00,2026-09-08T00:00:00,0,2723a32a-75cc-5411-bc9b-3a357ee968ab,e72bd41e-2d9f-51b6-aef3-453006faa29c,2,false,FIXED,NULL,0
c35018c6-32a5-5916-bde1-330e1b505427,2026-09-08T00:00:00,2026-09-08T00:00:00,0,8b3ca206-1846-52fc-9562-f31ef068ae11,bf2bbef8-598a-5eef-a7d2-13866cb3bd75,1,false,FIXED,NULL,0
528403e2-d50a-570c-8617-88cd713ea164,2026-09-08T00:00:00,2026-09-08T00:00:00,0,8b3ca206-1846-52fc-9562-f31ef068ae11,c8dccfe5-4326-5b28-99bd-63825e9d6f72,1,false,FIXED,NULL,1
3ea346ee-390d-5742-a633-a40c03578746,2026-09-08T00:00:00,2026-09-08T00:00:00,0,b9ebb954-3e84-555c-9367-f286d79976da,a6a5c8a4-f943-58e8-8e7c-7b88a5899167,1,false,FIXED,NULL,0
b28b3762-6930-54e7-b654-4bb79cc0aa0a,2026-09-08T00:00:00,2026-09-08T00:00:00,0,b9ebb954-3e84-555c-9367-f286d79976da,a04dfc44-2a3e-57b5-8983-aead875de53b,1,false,FIXED,NULL,1
ba8d363e-af66-5d23-97db-0a1fd59088c4,2026-09-08T00:00:00,2026-09-08T00:00:00,0,a4c01ee4-7715-5966-ae5d-f1299a2ae98b,f61bcef1-c0b9-5873-9a23-3a5830ee6ec8,2,false,FIXED,NULL,0
53565885-dcc6-5793-bb4e-a9303e3fef48,2026-09-08T00:00:00,2026-09-08T00:00:00,0,06d80ed4-8a9f-5883-b811-424d5beff68a,300d74b9-f80b-5da2-9023-f0e56dc40901,2,false,FIXED,NULL,0
8a0cb14e-f6d8-5fc2-8c54-3237a9a33760,2026-09-08T00:00:00,2026-09-08T00:00:00,0,06d80ed4-8a9f-5883-b811-424d5beff68a,8cebc7fc-c565-52ce-8340-58ebcc6b32d3,1,false,FIXED,NULL,1
c72df1db-0074-572d-8061-c6d713170d44,2026-09-08T00:00:00,2026-09-08T00:00:00,0,55274bfa-16bb-5cb1-9345-74d079fb5301,b655fef0-c1cd-5cda-a858-81b9615dd5b6,2,false,FIXED,NULL,0
64d4f3c3-ab88-55a4-bb03-ae330771a956,2026-09-08T00:00:00,2026-09-08T00:00:00,0,66c6275d-44ff-5e24-a5db-d46521ee06b5,356aabf9-c7c0-5364-9c81-592d45435917,2,false,FIXED,NULL,0
9a7703eb-5cdb-55a6-8989-5490fdbbc55b,2026-09-08T00:00:00,2026-09-08T00:00:00,0,71faf9cb-89ea-5531-80bc-812f7730478d,e3848210-509a-5508-bdc6-35b4b0006f2d,2,false,FIXED,NULL,0
f057bb16-b1ba-5b06-9b0a-9fe2ec8e7828,2026-09-08T00:00:00,2026-09-08T00:00:00,0,71faf9cb-89ea-5531-80bc-812f7730478d,58d97220-ff2f-587a-85e9-957b3c81defb,1,true,REPLACEMENT,NULL,1
0b97b2b9-8d93-5422-bdbd-734652336e2f,2026-09-08T00:00:00,2026-09-08T00:00:00,0,a2df0027-62bb-5c08-b403-5f188aefe9ed,1c905f13-3ab7-5af8-81bf-704a7b3b2520,2,false,FIXED,NULL,0
286f2fff-d0be-5bd7-b17c-71a8cf48b6ed,2026-09-08T00:00:00,2026-09-08T00:00:00,0,4b3a24f2-4c07-56d7-9926-a47915b1dbc0,08ce7132-bfe7-5642-bce3-4fe716cd1117,2,false,FIXED,NULL,0
0b32d215-395c-545a-8f74-cc3ca6cb4dc0,2026-09-08T00:00:00,2026-09-08T00:00:00,0,5306fea3-9179-50c9-b675-a7049791a43b,7903711c-e46d-564c-9479-94800ae86192,2,false,FIXED,NULL,0
0c55b85d-cd00-54ee-abaa-ea8db35087ca,2026-09-08T00:00:00,2026-09-08T00:00:00,0,145e84b8-e9cc-5990-8bf2-079baed5018a,2bf5f4b1-3ab1-571c-91ef-ddae7b183a67,2,false,FIXED,NULL,0
fe637a18-34b3-563e-b0ab-42680fa7bca7,2026-09-08T00:00:00,2026-09-08T00:00:00,0,2e9ff2ca-a727-506d-8f41-635bc85bc34a,33810136-df85-5553-b385-e5cffb20b1f9,1,false,FIXED,NULL,0
b6f80590-a713-5e6c-91ca-b91717d85bf7,2026-09-08T00:00:00,2026-09-08T00:00:00,0,2e9ff2ca-a727-506d-8f41-635bc85bc34a,9a46a91c-d495-5c96-a132-a00da506bb87,1,false,FIXED,NULL,1
