id,created_at,updated_at,version,srd_version,name,stat_block_id
46b227cd-0fc6-5ee6-8035-0b6b8f3a689f,2026-09-08T00:00:00,2026-09-08T00:00:00,0,SRD_5_2,Aboleth,3a97722b-d731-5b16-8d48-45517a5a853b
4bbd8001-866e-5f16-a2f0-59fddafde089,2026-09-08T00:00:00,2026-09-08T00:00:00,0,SRD_5_2,Air Elemental,02d56165-918f-5708-89af-3df7569c4f7f
1cfd930a-d666-5c7b-b6e3-aff7b9fd888b,2026-09-08T00:00:00,2026-09-08T00:00:00,0,SRD_5_2,Animated Armor,49a0bd4b-a9f9-50b2-9bc3-629df64418ea
5676d4b4-6470-5e30-bf61-3dfbd02c7205,2026-09-08T00:00:00,2026-09-08T00:00:00,0,SRD_5_2,Animated Flying Sword,00be073f-399c-53ec-b755-86bd872fab90
189793dc-f5e4-59df-aff7-cdb15aa63b3c,2026-09-08T00:00:00,2026-09-08T00:00:00,0,SRD_5_2,Animated Rug of Smothering,a088256d-750f-5976-a8d0-29afc20ed1ae
06b59709-60fc-5731-883e-e15264b8b14a,2026-09-08T00:00:00,2026-09-08T00:00:00,0,SRD_5_2,Ankheg,a3c0f2aa-e536-5f85-b152-49e28effcd22
a0394bd4-747c-5cb3-9405-a40e6523bf96,2026-09-08T00:00:00,2026-09-08T00:00:00,0,SRD_5_2,Assassin,b9f0f10b-2ba9-5c77-97f0-f5ef4820930b
d7b8054f-10db-5c6b-b82c-07a859b99fdc,2026-09-08T00:00:00,2026-09-08T00:00:00,0,SRD_5_2,Awakened Shrub,ead25cde-1a8d-5b07-8653-b98adfa2622c
4edaa015-5b7d-56ce-935f-67fea5697b87,2026-09-08T00:00:00,2026-09-08T00:00:00,0,SRD_5_2,Awakened Tree,584358af-5ad8-5f80-9d4c-7d4782a3c9ef
a4597030-c504-5a85-818c-1b3f531a2783,2026-09-08T00:00:00,2026-09-08T00:00:00,0,SRD_5_2,Axe Beak,30bb8dc4-bfa7-5a91-b0b7-3bf6eeabe7e3
937d2b6d-0444-52cf-b149-5a51c9cf3990,2026-09-08T00:00:00,2026-09-08T00:00:00,0,SRD_5_2,Azer Sentinel,2723c0a7-abe7-5dab-bf94-e15c6d618c94
292da813-d91d-55fd-8883-3475b917462c,2026-09-08T00:00:00,2026-09-08T00:00:00,0,SRD_5_2,Balor,dc1e420c-2ae8-50f4-8632-36e3594b028c
0173648a-a10a-554f-9475-519afd43940a,2026-09-08T00:00:00,2026-09-08T00:00:00,0,SRD_5_2,Bandit,65fca663-1259-5ad7-b71b-4268a89c1de8
f2d812cf-b5a1-59e4-bca1-f4f9820653dd,2026-09-08T00:00:00,2026-09-08T00:00:00,0,SRD_5_2,Bandit Captain,2048dc5f-85e3-5c28-8fd2-92fbd80710ea
f5fbf17c-b052-577d-80ed-06737ff061e1,2026-09-08T00:00:00,2026-09-08T00:00:00,0,SRD_5_2,Barbed Devil,9c07ced8-070d-550e-95b8-e88ef5c281a2
6c0bc195-4b28-5358-8a9d-0e65fc562915,2026-09-08T00:00:00,2026-09-08T00:00:00,0,SRD_5_2,Basilisk,e50d02ac-c53c-5c91-afc5-2fc73ebbaa43
0c807c65-b40d-55ed-83b0-907824b64e08,2026-09-08T00:00:00,2026-09-08T00:00:00,0,SRD_5_2,Bearded Devil,fd78f130-1479-58d2-be72-d39c70317061
72297f7b-f9f5-5d57-9a67-9935cd27cd93,2026-09-08T00:00:00,2026-09-08T00:00:00,0,SRD_5_2,Behir,5c8dc5ce-2b6d-55b9-86d3-bf6d728aba72
995946ea-9638-5813-9e21-f32e45cb9fdf,2026-09-08T00:00:00,2026-09-08T00:00:00,0,SRD_5_2,Berserker,92238e35-a2f2-5362-8349-b6235f1b7942
91de34c6-a0f4-55db-8357-7aeddbed1ff2,2026-09-08T00:00:00,2026-09-08T00:00:00,0,SRD_5_2,Black Dragon Wyrmling,eb2ea78b-f92d-5b9e-ac8b-44a45da749ef
b42ce23b-f28c-555f-a3c4-10473892bb60,2026-09-08T00:00:00,2026-09-08T00:00:00,0,SRD_5_2,Young Black Dragon,f9283f1b-1e59-5722-9f4b-5eec409900ff
238201fd-3cf3-5104-aef3-299a86ed8be4,2026-09-08T00:00:00,2026-09-08T00:00:00,0,SRD_5_2,Adult Black Dragon,4c42bba9-e53c-5166-88aa-f2bcae6099c3
b69891a8-2174-5be1-b9fd-2501b70a2a98,2026-09-08T00:00:00,2026-09-08T00:00:00,0,SRD_5_2,Ancient Black Dragon,d105defc-70be-5c46-bb92-261210cb9017
ac888d71-6d0f-59ca-9ce7-e970eaf332f7,2026-09-08T00:00:00,2026-09-08T00:00:00,0,SRD_5_2,Black Pudding,fee468d5-1dea-5c29-ae19-29f2c0a7eea2
a6edd866-29ab-58bf-967a-b6de80d051b9,2026-09-08T00:00:00,2026-09-08T00:00:00,0,SRD_5_2,Blink Dog,e5f4102e-d8b6-511b-88a6-722798cd9699
efb8e8f7-d897-5622-82cc-152683a11107,2026-09-08T00:00:00,2026-09-08T00:00:00,0,SRD_5_2,Blue Dragon Wyrmling,3252b304-f866-565f-8589-bc91ad630818
b3f49e2a-430b-5851-bda8-92b98f553c6c,2026-09-08T00:00:00,2026-09-08T00:00:00,0,SRD_5_2,Young Blue Dragon,28ca8680-d046-521a-8cfe-e08f36ec9784
3049bc31-346a-5f24-b31c-e2a0cf0aca66,2026-09-08T00:00:00,2026-09-08T00:00:00,0,SRD_5_2,Adult Blue Dragon,ad6bc2d8-cb47-56c1-9f95-b6a4d49e3fd9
e5f611f0-5c7a-511c-a8a8-1cb63b04762e,2026-09-08T00:00:00,2026-09-08T00:00:00,0,SRD_5_2,Ancient Blue Dragon,175e7fb4-0b2d-58d0-9509-0e38d5cc1b76
a2c7d73b-15ab-5601-8955-9f4aaba13580,2026-09-08T00:00:00,2026-09-08T00:00:00,0,SRD_5_2,Bone Devil,0e85d74b-3cc9-528e-8346-0c50e2fa890a
4545078b-b6b5-5b86-ae6f-db3b6ee4ec07,2026-09-08T00:00:00,2026-09-08T00:00:00,0,SRD_5_2,Brass Dragon Wyrmling,53eecd33-b723-5698-aad8-be4f5769dfff
024ad12c-5b7e-5cf5-96ed-038564650a42,2026-09-08T00:00:00,2026-09-08T00:00:00,0,SRD_5_2,Young Brass Dragon,4861d128-a31a-5af4-a8cf-186ba15cdbe7
9eaca3f4-9a94-55b0-b943-164554cd56a6,2026-09-08T00:00:00,2026-09-08T00:00:00,0,SRD_5_2,Adult Brass Dragon,0a0ac3d8-b993-56f8-bacc-4fd12b3ebd82
df08323f-8283-5a76-8e59-db261e5699cb,2026-09-08T00:00:00,2026-09-08T00:00:00,0,SRD_5_2,Ancient Brass Dragon,a79b4f29-217a-560d-b531-c4e3a1e90688
67d22552-45bc-5c1e-9197-6e139a3bdce0,2026-09-08T00:00:00,2026-09-08T00:00:00,0,SRD_5_2,Bronze Dragon Wyrmling,1810cc58-9406-5d1c-b03a-45846d94f7d6
ef9825d6-a4bc-52f4-a90a-5faf597fa970,2026-09-08T00:00:00,2026-09-08T00:00:00,0,SRD_5_2,Young Bronze Dragon,f8a6fde2-0db9-5a03-9908-cafbe72ef9bf
d911473f-10dd-5693-ae8c-5f4d848ef604,2026-09-08T00:00:00,2026-09-08T00:00:00,0,SRD_5_2,Adult Bronze Dragon,4a686859-4851-5d47-b3ea-d5303adfac70
d868989c-6d68-560d-b24e-3b94b08d356b,2026-09-08T00:00:00,2026-09-08T00:00:00,0,SRD_5_2,Ancient Bronze Dragon,feb2e64e-a0be-5b77-b650-900315f7fbb2
90067115-555c-5acc-957b-0c7a44cff00c,2026-09-08T00:00:00,2026-09-08T00:00:00,0,SRD_5_2,Bugbear Stalker,707a2111-17f9-5510-8d72-0638f947ccb1
f7b87996-fc6f-53ec-b816-62bccf41130a,2026-09-08T00:00:00,2026-09-08T00:00:00,0,SRD_5_2,Bugbear Warrior,1f4940b4-7f8a-52de-8c9f-ca62bb7a26bb
efbcf99e-3ae6-5f64-bd1e-c8ae2771d71e,2026-09-08T00:00:00,2026-09-08T00:00:00,0,SRD_5_2,Bulette,61a8a166-336a-5981-9e69-b22289abc5f6
3900ed97-8406-58b8-a8b2-00e2527b7f54,2026-09-08T00:00:00,2026-09-08T00:00:00,0,SRD_5_2,Centaur Trooper,0068719a-5a5d-5df4-a8e5-55b712c71e7f
b33406c2-b3c4-532c-9163-08e77a22e8d7,2026-09-08T00:00:00,2026-09-08T00:00:00,0,SRD_5_2,Chain Devil,9d0f45d2-353c-55d6-b25a-ecf41a13a35e
7ff63083-a299-54c6-adce-4e9e1e73015f,2026-09-08T00:00:00,2026-09-08T00:00:00,0,SRD_5_2,Chimera,b7798ab4-ff0f-597c-8f42-24ff5148156d
fa3cf01c-ab71-5c42-b5be-01296eca0638,2026-09-08T00:00:00,2026-09-08T00:00:00,0,SRD_5_2,Chuul,f8687241-5230-57e7-8cc5-96a1769ed7eb
88d88928-c048-5212-8e11-12172a8698ab,2026-09-08T00:00:00,2026-09-08T00:00:00,0,SRD_5_2,Clay Golem,30ddc18c-251c-5334-99e2-7b0e692d8a05
aa224038-6a38-5eb5-b0b6-d7c28528abd5,2026-09-08T00:00:00,2026-09-08T00:00:00,0,SRD_5_2,Cloaker,be712961-00e4-5fdc-b3d9-7ce4b3ef3839
0a539183-c8ec-5ac2-979a-74bdbd393086,2026-09-08T00:00:00,2026-09-08T00:00:00,0,SRD_5_2,Cloud Giant,28133e24-4663-51d1-9e69-22efd9a246dd
06b77d5c-b95c-5d2b-989e-ac83595a1767,2026-09-08T00:00:00,2026-09-08T00:00:00,0,SRD_5_2,Cockatrice,b9eea488-d320-5cfa-b843-701d38590264
4c72bd74-6235-5708-95f0-3cf60b3038a4,2026-09-08T00:00:00,2026-09-08T00:00:00,0,SRD_5_2,Commoner,a8fc19ef-5730-5d26-b461-c590dfdbc3b9
aece3335-e3cd-5a21-8026-a0ebdff39798,2026-09-08T00:00:00,2026-09-08T00:00:00,0,SRD_5_2,Copper Dragon Wyrmling,ce0387c8-3d13-50bf-a216-5174851b483d
d57e7408-eae5-52b8-b6d0-d44ed085dbb3,2026-09-08T00:00:00,2026-09-08T00:00:00,0,SRD_5_2,Young Copper Dragon,20d99010-e378-59c5-a9ca-52eb9fbd070c
4253163f-5260-5fc1-941f-0e14e0c4bcd0,2026-09-08T00:00:00,2026-09-08T00:00:00,0,SRD_5_2,Adult Copper Dragon,df40b7e6-7047-5eb9-ab7e-f8ce1c1280d5
c6ce0828-f978-5a84-909d-cabadd548892,2026-09-08T00:00:00,2026-09-08T00:00:00,0,SRD_5_2,Ancient Copper Dragon,33da4341-6b62-5233-9c0f-f355e2738ccc
58c7edda-fa8a-5361-b6d3-70f18dae0eae,2026-09-08T00:00:00,2026-09-08T00:00:00,0,SRD_5_2,Couatl,75aaf7d9-8097-5f09-8c47-db10961f69cb
3c0c11cd-a4f1-5ffd-beaa-2a58807410f7,2026-09-08T00:00:00,2026-09-08T00:00:00,0,SRD_5_2,Swarm of Crawling Claws,68a5204b-c403-538a-9ad4-12ac83ff69dc
598f1e33-3634-5e78-90f8-309752556a00,2026-09-08T00:00:00,2026-09-08T00:00:00,0,SRD_5_2,Cultist,cf402a02-a4aa-50e5-a064-ab051149082f
f6ac1ef1-4fc7-5f00-a97a-e760944b1598,2026-09-08T00:00:00,2026-09-08T00:00:00,0,SRD_5_2,Cultist Fanatic,e4ab2238-e788-5fae-b26d-32aa80151e67
45c5aa6c-a66e-59a8-872b-32aec67b8b45,2026-09-08T00:00:00,2026-09-08T00:00:00,0,SRD_5_2,Darkmantle,369d4ec5-4a3f-5850-a40f-54c4f4ae4b59
b44c518d-d5a7-5bd6-af69-2f77241fa62a,2026-09-08T00:00:00,2026-09-08T00:00:00,0,SRD_5_2,Death Dog,6f8f63ea-0142-585a-a7fe-0f86dfcf594f
be2f3072-c7a2-5b7e-9cab-7df51e0606fd,2026-09-08T00:00:00,2026-09-08T00:00:00,0,SRD_5_2,Deva,38042d14-b41a-58d3-a5c3-ad7aec83e56d
4dedae4f-2454-5e7f-ba61-b0df82f6a7ef,2026-09-08T00:00:00,2026-09-08T00:00:00,0,SRD_5_2,Djinni,17cd2716-817e-5095-96fe-3eb45434cd63
5af68cb7-fb38-5d42-aa66-cdba4b3d9778,2026-09-08T00:00:00,2026-09-08T00:00:00,0,SRD_5_2,Doppelganger,f72245b9-387c-5cf6-bbe0-f1ac86a358c4
dcfc2319-d201-518b-8639-3184bdd96b9d,2026-09-08T00:00:00,2026-09-08T00:00:00,0,SRD_5_2,Dragon Turtle,d7092d19-28a7-5f39-9e71-464623ce89c9
e7fdff54-454c-55cc-a527-661ab26f654d,2026-09-08T00:00:00,2026-09-08T00:00:00,0,SRD_5_2,Dretch,6133215b-a31d-562d-9316-35324f562d6c
a6f15607-fd0d-5fff-99a4-2ff99c6d4d9a,2026-09-08T00:00:00,2026-09-08T00:00:00,0,SRD_5_2,Drider,53c43655-552b-5980-baf2-1249e3456a99
ff51d769-17d9-5ce7-be8b-9f9ca5a0643f,2026-09-08T00:00:00,2026-09-08T00:00:00,0,SRD_5_2,Druid,1bd5702c-3e46-5ef7-9c2f-74770fb8ef7d
e1924d8b-4af5-5aee-a80a-54bad2941b97,2026-09-08T00:00:00,2026-09-08T00:00:00,0,SRD_5_2,Dryad,033c4445-4e17-58f3-be70-b82e6bf147f7
fbcfbb34-1bf5-5bdc-a763-ea43c9859000,2026-09-08T00:00:00,2026-09-08T00:00:00,0,SRD_5_2,Earth Elemental,3d4b70a2-00a8-50b4-b5d1-809fc757b318
429de71d-175d-50ee-8026-d5977b562adc,2026-09-08T00:00:00,2026-09-08T00:00:00,0,SRD_5_2,Efreeti,0df6b8f7-5890-5cc2-9795-0ce79262cb6c
d29dca73-3a52-5f9c-869f-b60fd36dbfa4,2026-09-08T00:00:00,2026-09-08T00:00:00,0,SRD_5_2,Erinyes,bc11534a-39f1-5691-bb6b-3885b920c84b
b42e88ef-128c-573a-9721-e2260caaa861,2026-09-08T00:00:00,2026-09-08T00:00:00,0,SRD_5_2,Ettercap,69acc152-e877-5d92-af3a-4d2d14804d64
a6e9e6ac-9532-5239-95eb-b1c322b7ed45,2026-09-08T00:00:00,2026-09-08T00:00:00,0,SRD_5_2,Ettin,c87f1d42-e66b-50e8-9625-1741041c8a93
0e87d22f-6347-522a-8f04-6c817f47cc27,2026-09-08T00:00:00,2026-09-08T00:00:00,0,SRD_5_2,Fire Elemental,36997c98-bf66-58b2-9d69-422d70eff96b
1f163f21-77fa-54a8-aa37-ab8e90774e87,2026-09-08T00:00:00,2026-09-08T00:00:00,0,SRD_5_2,Fire Giant,0e4104f9-de6d-5c28-9fca-22bf44b73ed6
dd27c875-c783-598d-9301-4b51c676d575,2026-09-08T00:00:00,2026-09-08T00:00:00,0,SRD_5_2,Flesh Golem,b50869dc-e3a1-57fd-8419-cd10dd1b1885
ca07eed0-a201-527b-9d0c-c4c94bab17b7,2026-09-08T00:00:00,2026-09-08T00:00:00,0,SRD_5_2,Frost Giant,b9adfac7-a098-5858-8481-6ad99f16eb26
b4647a8f-32d1-5583-a585-b43fa7cecb47,2026-09-08T00:00:00,2026-09-08T00:00:00,0,SRD_5_2,Shrieker Fungus,cc618aa0-1ee7-5853-a26e-000fb122fda3
a7217dfc-8428-55f4-94f2-c5e4cc0d49c1,2026-09-08T00:00:00,2026-09-08T00:00:00,0,SRD_5_2,Violet Fungus,ef11c0ec-388a-5fcb-8cb4-f3cff6d5dd10
5c0341fb-04f7-58ab-9d1d-d9a9b65c312e,2026-09-08T00:00:00,2026-09-08T00:00:00,0,SRD_5_2,Gargoyle,209a0db5-c38a-556f-b56a-7f274bb42e4d
24c28454-fcde-5396-8d56-c6d2ecc93599,2026-09-08T00:00:00,2026-09-08T00:00:00,0,SRD_5_2,Gelatinous Cube,2a1ca355-abde-537a-af0c-c79e04265666
1f628a88-1f44-5462-91a7-5d37d91d85af,2026-09-08T00:00:00,2026-09-08T00:00:00,0,SRD_5_2,Ghast,6f9b0cfe-9018-5cb8-849f-e0e4ff493900
7530f3b9-642d-576b-a5c0-c60bec5168f4,2026-09-08T00:00:00,2026-09-08T00:00:00,0,SRD_5_2,Ghost,2ec7306c-1c74-51a7-940b-8cc4da983b97
0d5f4e23-4f23-510b-9bd0-96b82d6bf478,2026-09-08T00:00:00,2026-09-08T00:00:00,0,SRD_5_2,Ghoul,6a74b6e8-457f-5655-9c95-72d4822f7ee7
c9cd1c58-2489-52e8-9b3a-6a79d0195bbf,2026-09-08T00:00:00,2026-09-08T00:00:00,0,SRD_5_2,Gibbering Mouther,a4d9c15d-4ab6-5721-ad72-c042f590e25e
234fbc79-4124-517a-8245-e95389cf549f,2026-09-08T00:00:00,2026-09-08T00:00:00,0,SRD_5_2,Glabrezu,dc04d0e1-24ee-5712-b18c-b83dc8f5ad4a
521079a3-60e0-5682-bee4-198cb067c652,2026-09-08T00:00:00,2026-09-08T00:00:00,0,SRD_5_2,Gladiator,d8f72762-af3b-5b03-9c37-a4ddc79f2e1b
df94a17a-c60c-5e24-93b9-e9819358a66e,2026-09-08T00:00:00,2026-09-08T00:00:00,0,SRD_5_2,Gnoll Warrior,fc3aef8b-2b9b-50fb-98e4-3e5221400b1e
2d8e8783-c63c-542f-81f1-9608bca4e177,2026-09-08T00:00:00,2026-09-08T00:00:00,0,SRD_5_2,Goblin Minion,ad77e9cf-c420-5b55-bafe-46c51fba0ade
ec1b99af-ee3e-54c5-a67d-152bd4a8b5ea,2026-09-08T00:00:00,2026-09-08T00:00:00,0,SRD_5_2,Goblin Warrior,08b6d58f-a525-5063-9bdb-72618a737b11
e9d09c3e-cff3-5de9-a16b-570893ca3ff3,2026-09-08T00:00:00,2026-09-08T00:00:00,0,SRD_5_2,Goblin Boss,e8108f5d-5141-5121-89ec-692f9fe7328d
51f388d4-80a7-5a7d-affe-36e03beca2ee,2026-09-08T00:00:00,2026-09-08T00:00:00,0,SRD_5_2,Gold Dragon Wyrmling,5041345d-a209-5470-a65c-30ca8c8b0e01
c78d30f5-9d1d-5ea0-a343-1fb5e3187590,2026-09-08T00:00:00,2026-09-08T00:00:00,0,SRD_5_2,Young Gold Dragon,cd5a1706-a5eb-5f93-9a27-d0e675cf4d3f
dbfb9ff1-8987-5c77-ab34-434f2f49410e,2026-09-08T00:00:00,2026-09-08T00:00:00,0,SRD_5_2,Adult Gold Dragon,f30a06ec-741b-5822-ae9b-15d64671ed04
7e3990f3-56eb-5b85-b3eb-79f28d84acbd,2026-09-08T00:00:00,2026-09-08T00:00:00,0,SRD_5_2,Ancient Gold Dragon,48df82ed-f959-54b8-b03a-24dc248ba79b
fa22f713-2901-5ad8-a997-bf863ead4ffa,2026-09-08T00:00:00,2026-09-08T00:00:00,0,SRD_5_2,Gorgon,be5a1ceb-5d3f-5258-9e1b-073feb18b8be
c28c8425-15b8-5752-9512-95501dca08ac,2026-09-08T00:00:00,2026-09-08T00:00:00,0,SRD_5_2,Gray Ooze,6f87e0ae-d0fb-5f06-9dff-9b3a09154664
bf1b0a76-7c0b-546d-820c-54f3659ba7d0,2026-09-08T00:00:00,2026-09-08T00:00:00,0,SRD_5_2,Green Dragon Wyrmling,0e52bb7c-96d5-58f9-b469-b45eab8c3c3d
92410293-101e-5e04-bb10-0cbd0c0862f6,2026-09-08T00:00:00,2026-09-08T00:00:00,0,SRD_5_2,Young Green Dragon,6b603949-759d-5c72-b310-074d45747013
5b7e6154-6701-5c54-a6d1-b7958f1eeccd,2026-09-08T00:00:00,2026-09-08T00:00:00,0,SRD_5_2,Adult Green Dragon,352006ea-b852-59c0-b79c-6dda624688c4
60f5d359-6e2f-54e3-84a5-7c2fdd9c46b1,2026-09-08T00:00:00,2026-09-08T00:00:00,0,SRD_5_2,Ancient Green Dragon,e02f30d6-9c3f-5ee7-9937-b2df7044344c
50fa6474-4cca-52a5-a856-5cb6be2c7c4c,2026-09-08T00:00:00,2026-09-08T00:00:00,0,SRD_5_2,Green Hag,edb83e46-b4f5-56ed-8a8b-aebec29863c2
8a2d7327-5d06-51e8-a96d-a584e285563e,2026-09-08T00:00:00,2026-09-08T00:00:00,0,SRD_5_2,Grick,3a7ab06f-a094-5767-b2d0-61f1dceed4c1
7f6a1c8e-1f13-5d2c-ae24-e65abf77c622,2026-09-08T00:00:00,2026-09-08T00:00:00,0,SRD_5_2,Griffon,549be1bb-de18-58a1-898c-0b112ef15332
7ec32cc4-bdba-56b0-b9c8-850651147bcc,2026-09-08T00:00:00,2026-09-08T00:00:00,0,SRD_5_2,Grimlock,da6bee9d-ded1-5cfa-8348-a21043f6adf9
80f91ae0-ad6c-5467-bb16-31d6484b58b3,2026-09-08T00:00:00,2026-09-08T00:00:00,0,SRD_5_2,Guardian Naga,5741bdc0-01af-5fdf-938b-d977ca6f514d
02e76f18-1227-5a3a-a802-3cdf0fed3b3f,2026-09-08T00:00:00,2026-09-08T00:00:00,0,SRD_5_2,Guard,c442a044-2660-5ae1-bb76-7941919b88aa
81c95581-27d5-544f-856c-53a6db3d9c3d,2026-09-08T00:00:00,2026-09-08T00:00:00,0,SRD_5_2,Guard Captain,33eb289c-e2fe-5c3c-ab3f-1d86c92f00e5
573c0e09-70cc-53f2-ab53-3ff69edef72d,2026-09-08T00:00:00,2026-09-08T00:00:00,0,SRD_5_2,Half-Dragon,cab786f8-266c-5d51-87eb-518eb632d617
cd03eba4-c0fc-553d-b476-7bc194fcf4a5,2026-09-08T00:00:00,2026-09-08T00:00:00,0,SRD_5_2,Harpy,a699a7c7-0c6e-5b4e-8b02-cb0af0975ef1
5a6c22a6-23fe-5370-b0ca-f69d88226daf,2026-09-08T00:00:00,2026-09-08T00:00:00,0,SRD_5_2,Hell Hound,0ec3a98e-0d40-5fba-933c-a05c59487953
d8e7fef0-753f-5be6-bf82-7a76604941bb,2026-09-08T00:00:00,2026-09-08T00:00:00,0,SRD_5_2,Hezrou,f0daad33-3bad-5c96-9515-fbe749874b41
43ab43e3-90d2-5e85-8ece-e64bfe8afb07,2026-09-08T00:00:00,2026-09-08T00:00:00,0,SRD_5_2,Hill Giant,0c5b8963-efc7-5c4c-9622-da0d0ea3607a
4c742315-0346-50a7-af09-c0d90c2d18b1,2026-09-08T00:00:00,2026-09-08T00:00:00,0,SRD_5_2,Hippogriff,fc25baba-85df-506b-959e-dbc35112a9bb
672fd4d6-0f4e-5b31-8f9c-9c1e0c6bc07e,2026-09-08T00:00:00,2026-09-08T00:00:00,0,SRD_5_2,Hobgoblin Warrior,45d59fb4-87ea-5101-88e4-8749239b5fc1
0d38a8c2-062e-5e61-b4e1-c4993f52bd3a,2026-09-08T00:00:00,2026-09-08T00:00:00,0,SRD_5_2,Hobgoblin Captain,bdbf6f10-fb16-5ce7-99cd-f74fdec699f3
4208a965-a053-5972-b4b3-3f25880eb446,2026-09-08T00:00:00,2026-09-08T00:00:00,0,SRD_5_2,Homunculus,9f10001a-1443-5480-9792-f59d6ab56cc8
a343c076-c081-5822-ae93-648b3ff61db2,2026-09-08T00:00:00,2026-09-08T00:00:00,0,SRD_5_2,Horned Devil,7e11286d-f7aa-5d3b-9ad1-2da41f2f5c14
d4d2b26a-d897-5c96-ab13-09028022f215,2026-09-08T00:00:00,2026-09-08T00:00:00,0,SRD_5_2,Hydra,6663817c-edf8-552e-8ede-f0d77e4d658a
fe80d9d9-8b26-50c2-89cf-c2b873e872d2,2026-09-08T00:00:00,2026-09-08T00:00:00,0,SRD_5_2,Ice Devil,639dc600-5a69-58a8-ba9a-f9a49f36ae95
85e13805-ee6c-5a5f-b710-aecf8b2e3614,2026-09-08T00:00:00,2026-09-08T00:00:00,0,SRD_5_2,Imp,eac7706e-b667-5ac5-ae31-b3bf3e5c9bac
230e151f-0e1e-5abf-9a8e-ec0214bea26c,2026-09-08T00:00:00,2026-09-08T00:00:00,0,SRD_5_2,Incubus,3367bac2-faa5-5174-9acd-237dd9d9fbbf
f76bdb63-b37b-5b0b-a3b1-e76ec021d1c9,2026-09-08T00:00:00,2026-09-08T00:00:00,0,SRD_5_2,Invisible Stalker,baafa8c2-3531-5793-a8d3-2c02e302903a
d98ef44b-b8dc-5e46-bbc1-df258864a52e,2026-09-08T00:00:00,2026-09-08T00:00:00,0,SRD_5_2,Iron Golem,6353a56e-4d51-5e4e-9815-7a47498e7ad7
52337e0a-4066-5aaf-8e49-6d739103ecd4,2026-09-08T00:00:00,2026-09-08T00:00:00,0,SRD_5_2,Knight,4e972e38-7089-56be-b409-0cba74ef0537
cd6d0939-a7a9-5925-853f-659df6c7d650,2026-09-08T00:00:00,2026-09-08T00:00:00,0,SRD_5_2,Kobold Warrior,e5e42c51-2f6c-5283-ab41-83068f4a3436
01e7aee6-bfba-511f-9436-f6eed8a090d5,2026-09-08T00:00:00,2026-09-08T00:00:00,0,SRD_5_2,Kraken,cfcdd6a4-3b89-53a6-9557-d06ca21a1946
4b2a80b4-03ee-5fc1-8429-1108e902c568,2026-09-08T00:00:00,2026-09-08T00:00:00,0,SRD_5_2,Lamia,51deafbd-8649-5be8-bf4c-ea9984eb00f9
53ceeca3-a407-5bb4-a0cb-db13f35eba02,2026-09-08T00:00:00,2026-09-08T00:00:00,0,SRD_5_2,Lemure,ca4ebfe1-7875-527f-8849-3aed5c7f1257
11a5ba20-a9a3-52ed-907c-672d47a24e5f,2026-09-08T00:00:00,2026-09-08T00:00:00,0,SRD_5_2,Lich,874246f2-ba2f-5948-add9-e11c8fa60fd9
137c099f-860b-5a74-b09e-54692508db67,2026-09-08T00:00:00,2026-09-08T00:00:00,0,SRD_5_2,Mage,e9358f36-6ff4-5a72-bd5e-923bc130177c
1a9eed07-d694-5734-abaa-bfa0e0ab38ae,2026-09-08T00:00:00,2026-09-08T00:00:00,0,SRD_5_2,Archmage,252f9ded-9b49-5d4d-bda3-d1141e1b97f4
e37e2bb2-6803-5859-9b53-3b4c8ce2d250,2026-09-08T00:00:00,2026-09-08T00:00:00,0,SRD_5_2,Magmin,ff734998-0aad-5bc3-b979-d62e50842e2c
b65e9f93-d661-5655-a23e-1939d81d74cf,2026-09-08T00:00:00,2026-09-08T00:00:00,0,SRD_5_2,Manticore,2d12f026-9bcb-5cf9-8959-1f5d7d4dfac0
95770843-f495-5689-88c0-8fe1ccf84ba0,2026-09-08T00:00:00,2026-09-08T00:00:00,0,SRD_5_2,Marilith,cac1f74d-45d4-5314-abde-f8386a57304b
a380526f-cd65-599d-94dd-4e2fa7c5047c,2026-09-08T00:00:00,2026-09-08T00:00:00,0,SRD_5_2,Medusa,4d26569e-6acf-582e-a1b0-d097e477ed7e
afb513e4-84c0-56b4-b37f-54df4ead1c4f,2026-09-08T00:00:00,2026-09-08T00:00:00,0,SRD_5_2,Dust Mephit,63c2085a-f8fb-56a6-bd7a-7ec20b5e0b5d
824190d2-6d19-5429-b0a5-54ccdc13ddef,2026-09-08T00:00:00,2026-09-08T00:00:00,0,SRD_5_2,Ice Mephit,089d2b7c-87b1-5a9e-8561-0997f2e8dadb
8239c1ba-a5c8-503b-8add-5722b12c734c,2026-09-08T00:00:00,2026-09-08T00:00:00,0,SRD_5_2,Magma Mephit,126bfcc3-bb22-5b98-9d99-805dc5254c26
1573c743-3ba1-5a51-b2ce-533268096b92,2026-09-08T00:00:00,2026-09-08T00:00:00,0,SRD_5_2,Steam Mephit,96eca42e-4260-5e69-b338-c26f8d3774a9
3879e0f4-fb23-5425-b725-64bb69f9bffa,2026-09-08T00:00:00,2026-09-08T00:00:00,0,SRD_5_2,Merfolk Skirmisher,b80c26a9-8c68-5c94-b64f-dece51fba485
f10acd9d-afaa-5847-9501-ca9da36b5b6c,2026-09-08T00:00:00,2026-09-08T00:00:00,0,SRD_5_2,Merrow,50655a6b-f693-555d-afa2-b56c6339cb42
6dc544af-0bb9-56c7-824e-0e62108f2565,2026-09-08T00:00:00,2026-09-08T00:00:00,0,SRD_5_2,Mimic,34afcb0b-0b82-56bb-b819-1efb6a800708
749112dc-62db-563b-8d85-3b6b2699a07f,2026-09-08T00:00:00,2026-09-08T00:00:00,0,SRD_5_2,Minotaur of Baphomet,7b9fad12-53c1-5a08-85aa-df75b4b2e3f6
e5effbe2-4af4-5bdc-8c52-f134fc68894c,2026-09-08T00:00:00,2026-09-08T00:00:00,0,SRD_5_2,Mummy,ef32e688-948a-50df-8734-56c6e5720391
396152c6-dcbe-5124-b208-194426a88315,2026-09-08T00:00:00,2026-09-08T00:00:00,0,SRD_5_2,Mummy Lord,74ea9d70-a5a1-5c65-8527-7e786bb6045e
899189ed-cdaa-55b6-8620-447b7827fe1b,2026-09-08T00:00:00,2026-09-08T00:00:00,0,SRD_5_2,Nalfeshnee,c165fa51-3abd-5b4d-a097-059ffbf588f4
7ddc9743-605b-5f62-8da4-14d27dfa2b59,2026-09-08T00:00:00,2026-09-08T00:00:00,0,SRD_5_2,Night Hag,65484791-9b43-5d65-be3b-cbf65b4be9c5
c3ecb162-9579-578a-be3d-5c2d28d1bdef,2026-09-08T00:00:00,2026-09-08T00:00:00,0,SRD_5_2,Nightmare,40c86b28-ff23-54d9-9533-80b34fb57638
8951554f-54cb-51cd-a36f-4116ebff386c,2026-09-08T00:00:00,2026-09-08T00:00:00,0,SRD_5_2,Noble,5d5a5edf-cbf2-5478-954e-06f2f58313f3
97950929-d4ad-5461-9218-14557a8947f8,2026-09-08T00:00:00,2026-09-08T00:00:00,0,SRD_5_2,Ochre Jelly,9dd8d1ff-7594-518e-9d12-2b93012eaa10
b6f5c816-bc13-58b0-af0b-3800751399ff,2026-09-08T00:00:00,2026-09-08T00:00:00,0,SRD_5_2,Ogre,78c08956-5857-51c0-acfc-26dd812a1909
35869379-4981-5549-ace8-b8c25a21f9c8,2026-09-08T00:00:00,2026-09-08T00:00:00,0,SRD_5_2,Oni,50b05fc2-5b24-59c4-92c4-6151e86f42ed
1bc54521-3487-520e-a8fe-4f5058988e47,2026-09-08T00:00:00,2026-09-08T00:00:00,0,SRD_5_2,Otyugh,40a2a2bb-0e31-5d7f-a389-5b795ba869a8
baf8cdac-8d2e-57ec-b72a-e7e4c389dc8a,2026-09-08T00:00:00,2026-09-08T00:00:00,0,SRD_5_2,Owlbear,d54766b1-f3fe-52d9-8957-55829cd140cc
56c87b79-9d4b-59fd-b7cd-6dc969c04ab5,2026-09-08T00:00:00,2026-09-08T00:00:00,0,SRD_5_2,Pegasus,61137728-1031-5ab2-961d-cd09da5d24b0
ee635247-c91c-58c6-934a-6739c907c45c,2026-09-08T00:00:00,2026-09-08T00:00:00,0,SRD_5_2,Phase Spider,344e7a03-e20a-5e8f-9d0b-fd14273b2f97
bad6f235-9216-5f75-b523-9c1c58e09cc2,2026-09-08T00:00:00,2026-09-08T00:00:00,0,SRD_5_2,Pirate,5a7ebffa-d46d-5348-97b6-74810cf440ab
e6c30ec6-186b-5be0-8fa4-011823e0234c,2026-09-08T00:00:00,2026-09-08T00:00:00,0,SRD_5_2,Pirate Captain,5fad0893-2721-5e54-87ac-c74595a5a8e1
575ce747-2a91-535c-a1d1-7e66dbc51c4f,2026-09-08T00:00:00,2026-09-08T00:00:00,0,SRD_5_2,Pit Fiend,1f6780e2-633d-523c-9ae4-6f74c4ca04bc
db02d01a-742e-5af9-9b0a-08aa53cda338,2026-09-08T00:00:00,2026-09-08T00:00:00,0,SRD_5_2,Planetar,d5c41de9-f969-5a3a-a98b-a355fc36b0a4
7b9f4f74-e9a8-5112-868a-0320e06f00a2,2026-09-08T00:00:00,2026-09-08T00:00:00,0,SRD_5_2,Priest Acolyte,8373949f-5cb1-5479-ba9a-652851ba3ab9
623fb8d4-fd33-5796-a144-098906a26cc3,2026-09-08T00:00:00,2026-09-08T00:00:00,0,SRD_5_2,Priest,20998135-fcaa-5d94-8d4b-1f95bdecb9c3
a18c75a5-bbf8-585e-be13-c97088b78c5c,2026-09-08T00:00:00,2026-09-08T00:00:00,0,SRD_5_2,Pseudodragon,6dca46b9-6593-51c7-9bb3-08dbb296e7ca
1836835b-85df-51cb-afc0-6ef4aa7f09bd,2026-09-08T00:00:00,2026-09-08T00:00:00,0,SRD_5_2,Purple Worm,d0069fe4-1f7f-531e-969e-8e9f751cbb02
1a3118cd-fc26-5882-ba76-702a8077a9c7,2026-09-08T00:00:00,2026-09-08T00:00:00,0,SRD_5_2,Quasit,8b4527f2-be0e-54a1-9a38-5c740f5be669
8a99413f-40ca-558c-b950-cae7cb2ed1a0,2026-09-08T00:00:00,2026-09-08T00:00:00,0,SRD_5_2,Rakshasa,952200fa-a33d-5e9a-9270-d875660a6e4a
364ea5cb-9b47-571e-a9c2-497a27a20a41,2026-09-08T00:00:00,2026-09-08T00:00:00,0,SRD_5_2,Red Dragon Wyrmling,91ac15bc-bcfd-57a5-a6c9-e0a4593259ad
7da76845-8dc7-578a-8ca7-7b6cae83b927,2026-09-08T00:00:00,2026-09-08T00:00:00,0,SRD_5_2,Young Red Dragon,198505b8-d56a-5b8a-b550-4a85af512f4f
5ac17b7b-c5f2-57d2-beda-1949b3c61f46,2026-09-08T00:00:00,2026-09-08T00:00:00,0,SRD_5_2,Adult Red Dragon,4f4517ac-a1f8-5b81-a64f-553d2b370d77
da517e9f-d95a-5968-b9a1-7bebae876d81,2026-09-08T00:00:00,2026-09-08T00:00:00,0,SRD_5_2,Ancient Red Dragon,ebe3fc0e-b274-5701-bbeb-0eff8a046873
165d57a4-36d2-5893-aed1-de449e689898,2026-09-08T00:00:00,2026-09-08T00:00:00,0,SRD_5_2,Remorhaz,27b93787-51bc-5b70-930e-905c76c8a861
3c9b34a0-05e3-5823-899e-e97bfd14656d,2026-09-08T00:00:00,2026-09-08T00:00:00,0,SRD_5_2,Roc,49455e6c-0e05-58ae-b3d3-7e8136717b56
822698da-4366-56e4-903e-f92576db9508,2026-09-08T00:00:00,2026-09-08T00:00:00,0,SRD_5_2,Roper,0faa36a0-cd97-54ca-936b-233cb939221d
f2030300-fa31-5778-86e7-bf9f77fc3380,2026-09-08T00:00:00,2026-09-08T00:00:00,0,SRD_5_2,Rust Monster,81db1a38-c86f-5383-9ea3-925094ab6155
04161e4c-688d-5cd5-b2d8-804b3634882d,2026-09-08T00:00:00,2026-09-08T00:00:00,0,SRD_5_2,Sahuagin Warrior,0de28e84-86cb-5d90-a0c8-2a51bfde1bf0
4050fcab-e518-54c9-91ed-4e537a906310,2026-09-08T00:00:00,2026-09-08T00:00:00,0,SRD_5_2,Salamander,255b5979-9d43-563c-804f-8340c1756bdf
496fa028-db1d-5627-9bdb-c4b0d784813f,2026-09-08T00:00:00,2026-09-08T00:00:00,0,SRD_5_2,Satyr,46418783-34e1-56d9-9051-06a8cb946379
32f8b205-75b2-530f-b721-33c06e93fdc6,2026-09-08T00:00:00,2026-09-08T00:00:00,0,SRD_5_2,Scout,872c883b-3192-5833-8111-b9170e159574
6e45a235-7feb-5af7-90d3-86d47f80e87c,2026-09-08T00:00:00,2026-09-08T00:00:00,0,SRD_5_2,Sea Hag,55029c8d-41ca-5898-b5bc-694c22431b93
aaee4179-1f23-5c1c-821b-aafcf010d3ce,2026-09-08T00:00:00,2026-09-08T00:00:00,0,SRD_5_2,Shadow,be513016-5033-51e9-a25d-d88133e41410
76bdfc48-713e-5469-8758-82a096ba23f9,2026-09-08T00:00:00,2026-09-08T00:00:00,0,SRD_5_2,Shambling Mound,8797172f-e535-53b2-b92a-51c9f014bb9c
0c49c4e7-a85e-51d3-adc0-7558c29c767c,2026-09-08T00:00:00,2026-09-08T00:00:00,0,SRD_5_2,Shield Guardian,e7044c07-d8e9-5da2-9307-aa80a82b2b84
e0e8de63-d0ee-5eb1-875a-007225f208ba,2026-09-08T00:00:00,2026-09-08T00:00:00,0,SRD_5_2,Silver Dragon Wyrmling,22b5678b-8fa5-5a6d-a7ec-bbe215df3d46
94bc0aa2-550b-5ccc-b176-3359e3808561,2026-09-08T00:00:00,2026-09-08T00:00:00,0,SRD_5_2,Young Silver Dragon,ff19a367-ce85-57fd-87fa-8ce112039f79
05c5e1fd-bb2d-5df3-87c7-8325159ada71,2026-09-08T00:00:00,2026-09-08T00:00:00,0,SRD_5_2,Adult Silver Dragon,572aabd0-686e-5187-b72d-e9db3add7d7f
b8d2ab0e-3fe7-5440-b428-0d48dea292d1,2026-09-08T00:00:00,2026-09-08T00:00:00,0,SRD_5_2,Ancient Silver Dragon,61648b56-7b1e-50fb-9133-05264fd470c1
eddf9d27-8ed9-5096-bc61-026bc9f70e37,2026-09-08T00:00:00,2026-09-08T00:00:00,0,SRD_5_2,Skeleton,b925d03e-b635-5ff4-9a3a-55714f3801c8
b1f20059-8f93-58be-bbde-dd461169819f,2026-09-08T00:00:00,2026-09-08T00:00:00,0,SRD_5_2,Warhorse Skeleton,3894e974-6a37-5fe6-819f-34607281077b
e8a59de6-76d3-5f2f-82d3-7fcc13d2f81c,2026-09-08T00:00:00,2026-09-08T00:00:00,0,SRD_5_2,Minotaur Skeleton,d6690be2-fe5d-5181-b5a2-a70d2f078524
0cf2ab89-95c5-57b7-ba8a-4c94859c6bbe,2026-09-08T00:00:00,2026-09-08T00:00:00,0,SRD_5_2,Solar,88e30d20-5c53-5362-ac06-23372004dcc2
23b0a20e-dd60-5829-b951-4c4109ee0b0c,2026-09-08T00:00:00,2026-09-08T00:00:00,0,SRD_5_2,Specter,762c4171-6477-5706-b8ef-2d1882f9f0e7
a8a814b6-13b9-5d91-9da0-158d2c0f5700,2026-09-08T00:00:00,2026-09-08T00:00:00,0,SRD_5_2,Sphinx of Wonder,d9fa6de6-609b-500a-b12b-5d6facdc2db1
1dec04f1-047f-5c6b-a246-ca91ed82a08c,2026-09-08T00:00:00,2026-09-08T00:00:00,0,SRD_5_2,Sphinx of Lore,e9b8bfaa-6730-5da9-a123-2ddc61ee9887
190a2177-d3eb-5343-b1b7-3cfb71aaaa64,2026-09-08T00:00:00,2026-09-08T00:00:00,0,SRD_5_2,Sphinx of Valor,5df859a8-4247-5372-811b-304e3921ff11
a5d039bd-5d86-5e21-8f04-ecdbcd861b28,2026-09-08T00:00:00,2026-09-08T00:00:00,0,SRD_5_2,Spirit Naga,7b035506-c08d-5e3b-9953-a27493b96e96
c52a4b2b-c3aa-5531-8500-a0cd716494d1,2026-09-08T00:00:00,2026-09-08T00:00:00,0,SRD_5_2,Sprite,dccc7c87-4681-5bac-9350-568e1c76e937
cf1904db-3cc3-5fd9-97f4-6dee4255d8fb,2026-09-08T00:00:00,2026-09-08T00:00:00,0,SRD_5_2,Spy,d66a8a58-b0c8-5f08-9ba5-db64b48dbb42
a554495a-cf16-5d80-a586-1220781ebadc,2026-09-08T00:00:00,2026-09-08T00:00:00,0,SRD_5_2,Stirge,92b71b91-ac6b-56d5-9de7-1eaff99c446c
1634b682-0236-50f7-973f-085a0fa510c8,2026-09-08T00:00:00,2026-09-08T00:00:00,0,SRD_5_2,Stone Giant,a1bfe89a-4d20-5fcb-a3b4-bb3fee18ae2f
845a1ff8-5070-5b68-8ef9-07d2f2b47434,2026-09-08T00:00:00,2026-09-08T00:00:00,0,SRD_5_2,Stone Golem,1e3d7463-9156-5de7-817a-663e0cbf79d2
a302468d-68b6-5ae0-af44-ad0da9a14e38,2026-09-08T00:00:00,2026-09-08T00:00:00,0,SRD_5_2,Storm Giant,2befbad5-fc44-5196-925e-4aef0bc84a75
8b92588f-d2e1-5c7e-9115-75e5c0ecc61f,2026-09-08T00:00:00,2026-09-08T00:00:00,0,SRD_5_2,Succubus,578daa8d-fc6b-5da1-a52f-fbc8b4d7ad22
324c182c-44bb-5ad8-bfd9-b139621ff53e,2026-09-08T00:00:00,2026-09-08T00:00:00,0,SRD_5_2,Tarrasque,f01dc9ea-555e-51ff-a7f2-16d629f7d3e9
113c4f9f-3785-5024-a4a4-3b135630d944,2026-09-08T00:00:00,2026-09-08T00:00:00,0,SRD_5_2,Tough,2845034d-f87a-5f06-98f4-7f54ae895d41
99a19fa7-19b6-5a2a-8617-5af66074b744,2026-09-08T00:00:00,2026-09-08T00:00:00,0,SRD_5_2,Tough Boss,3adcd839-4f14-5e6a-9ab4-62c8caf3d88f
e7d6f57a-807a-5cec-bf97-246fe19f51c5,2026-09-08T00:00:00,2026-09-08T00:00:00,0,SRD_5_2,Treant,3a69541d-4ed4-56ef-9073-e768c6bf7342
52e20e54-1958-52f7-ac15-e8dd82451c45,2026-09-08T00:00:00,2026-09-08T00:00:00,0,SRD_5_2,Troll,ae1563c8-0adc-544e-9f82-5da6cab34c17
d622df79-a7b0-5527-a837-58853548abea,2026-09-08T00:00:00,2026-09-08T00:00:00,0,SRD_5_2,Troll Limb,b1e3b533-ce3e-576e-b98e-4cdebe94d7d8
e5575ef2-cc12-5d74-b486-7e3475a82c23,2026-09-08T00:00:00,2026-09-08T00:00:00,0,SRD_5_2,Unicorn,631e533d-18b2-5a2f-8152-df17a92aea99
8f785605-6f55-590a-ba6d-f688a83f5b1a,2026-09-08T00:00:00,2026-09-08T00:00:00,0,SRD_5_2,Vampire Familiar,f022f9a7-af46-5251-9eac-b532ad6704b2
a71cde76-6146-5dfa-ae0a-eec1afdf8403,2026-09-08T00:00:00,2026-09-08T00:00:00,0,SRD_5_2,Vampire Spawn,a628dc90-421d-5cd7-9394-f11ac9684481
6929138f-e0f0-5366-b6f3-03ef86a51b04,2026-09-08T00:00:00,2026-09-08T00:00:00,0,SRD_5_2,Vampire,3a4c6071-45ce-544b-821c-32fa7b1db427
ad15b291-3fbd-58bb-afc6-40b800ee31b1,2026-09-08T00:00:00,2026-09-08T00:00:00,0,SRD_5_2,Vrock,069c23dc-d371-5360-9dcf-9567d7805c65
835c90ba-a18c-5036-8eb4-7e5940e326f1,2026-09-08T00:00:00,2026-09-08T00:00:00,0,SRD_5_2,Warrior Infantry,f04ea9d0-7d55-593a-a41b-6fbb5299b577
41d48795-10b2-53bb-8420-2e5d00792a1e,2026-09-08T00:00:00,2026-09-08T00:00:00,0,SRD_5_2,Warrior Veteran,190080e5-e870-55e0-ae7c-3badbf73ad9f
bb66b118-bb08-590c-bceb-a534dfc2e0c8,2026-09-08T00:00:00,2026-09-08T00:00:00,0,SRD_5_2,Water Elemental,3840708e-43c7-5649-a63f-c2fc7a0494c8
46650e58-93ca-5489-942f-13f620692268,2026-09-08T00:00:00,2026-09-08T00:00:00,0,SRD_5_2,Werebear,f657ecb2-3549-5870-ba69-ba43eb1f9027
7b5a0b1f-4f8e-5a55-89c5-d0d06d50b10b,2026-09-08T00:00:00,2026-09-08T00:00:00,0,SRD_5_2,Wereboar,d1c9c99f-7203-5a69-af2b-4eeb0ad7af06
18b3706a-73c1-59d7-aff8-cbf533553c06,2026-09-08T00:00:00,2026-09-08T00:00:00,0,SRD_5_2,Wererat,cfa2ae81-694d-54b1-90f4-3f0ee7b7527c
61a8e945-f87c-5a09-9876-9d39a3c1e144,2026-09-08T00:00:00,2026-09-08T00:00:00,0,SRD_5_2,Weretiger,115165f3-4b3a-5dc8-ac74-cca8c02719c9
23dd939a-d225-5b95-a9dd-7ae566b418cb,2026-09-08T00:00:00,2026-09-08T00:00:00,0,SRD_5_2,Werewolf,4bad1953-be71-5018-bd30-ea4581d113bf
82eaf1b3-8ddd-5ee9-a2b9-dea31b6b9dcc,2026-09-08T00:00:00,2026-09-08T00:00:00,0,SRD_5_2,White Dragon Wyrmling,e50a506e-d3b7-5d24-926e-e81e7546358d
a6ae79a3-cc8d-5c3d-a0a7-93b4ff391e01,2026-09-08T00:00:00,2026-09-08T00:00:00,0,SRD_5_2,Young White Dragon,c5ae861c-ca16-5751-99f3-1cb1b5b4f951
66ffd1cb-c545-56ae-94c6-9630b5541330,2026-09-08T00:00:00,2026-09-08T00:00:00,0,SRD_5_2,Adult White Dragon,42038caa-5299-5640-82b9-c0d6785a5f3a
b7d141ed-0acb-5634-8562-a57e3976d63f,2026-09-08T00:00:00,2026-09-08T00:00:00,0,SRD_5_2,Ancient White Dragon,19675f2e-3466-545b-9347-ade58f3b61ff
9c9ae226-4523-5bbf-8d3a-f662fb123b27,2026-09-08T00:00:00,2026-09-08T00:00:00,0,SRD_5_2,Wight,a3d10ca4-e168-5342-b4d0-29abb40fb585
348421d1-9ed7-51db-ae90-bbd4bdbf2ffc,2026-09-08T00:00:00,2026-09-08T00:00:00,0,SRD_5_2,Will-o'-Wisp,a8a4704e-9528-54ea-8d2f-a56a6500efd9
135e47c6-d18b-52fc-b55f-c406cbf289c6,2026-09-08T00:00:00,2026-09-08T00:00:00,0,SRD_5_2,Winter Wolf,3d4115f7-a6b5-52db-be98-72f701a51c56
88aba9fd-9cfd-56f4-b46b-8b8eef46df8d,2026-09-08T00:00:00,2026-09-08T00:00:00,0,SRD_5_2,Worg,63f5ecf2-41ea-5191-bc47-dd0ff4d10b69
1bd786e5-91b9-5107-aff7-8246aedea381,2026-09-08T00:00:00,2026-09-08T00:00:00,0,SRD_5_2,Wraith,2cfb606a-60ec-5937-8db4-7d404c2234dc
c673a0f8-d2a5-5667-8779-7fe71b296c0b,2026-09-08T00:00:00,2026-09-08T00:00:00,0,SRD_5_2,Wyvern,437386d3-ad75-5add-b93c-95e08194955b
96452a0d-bc42-53a1-8686-ea83505793d0,2026-09-08T00:00:00,2026-09-08T00:00:00,0,SRD_5_2,Xorn,940db73c-b87a-5957-b362-4dd008a8f48e
a8c7b320-a1b0-5a42-9f80-0cb1e2efc990,2026-09-08T00:00:00,2026-09-08T00:00:00,0,SRD_5_2,Zombie,16a54f39-cfd0-537b-b00e-9f569df859f9
f9b8b5ee-812b-54c1-b800-07c761a236e1,2026-09-08T00:00:00,2026-09-08T00:00:00,0,SRD_5_2,Ogre Zombie,ff5d8236-515f-5ded-abaa-8977de7c767a
1333a01b-ee44-50dd-93bd-6f1fd33001b8,2026-09-08T00:00:00,2026-09-08T00:00:00,0,SRD_5_2,Allosaurus,92704688-06ee-5568-8d8d-f96236d31913
fa4f5646-e203-5270-86d7-98ae02c93ca7,2026-09-08T00:00:00,2026-09-08T00:00:00,0,SRD_5_2,Ankylosaurus,18edc8a1-a7f7-5c04-a2f5-5d6ac7ff11d3
7767b2ab-9f93-5931-8824-5871e9fb2892,2026-09-08T00:00:00,2026-09-08T00:00:00,0,SRD_5_2,Ape,0f40b883-5a58-5794-b906-82035d172021
fd7380d7-1939-5917-9791-03f89d803279,2026-09-08T00:00:00,2026-09-08T00:00:00,0,SRD_5_2,Archelon,e22efba4-26f1-54a0-b7c4-4ff7bc0ab9ce
8c04aacc-1dd1-5778-81e6-d54eecb9148d,2026-09-08T00:00:00,2026-09-08T00:00:00,0,SRD_5_2,Baboon,4d838837-aedb-548e-9e93-b49886272f9a
61535581-8157-5405-9f86-1d097191d514,2026-09-08T00:00:00,2026-09-08T00:00:00,0,SRD_5_2,Badger,3704d23d-4c5e-55dc-84eb-a74e032a47e3
d6c833c0-8c20-565d-86ff-2ca2b9d76f9e,2026-09-08T00:00:00,2026-09-08T00:00:00,0,SRD_5_2,Bat,7e669169-90c6-5e3e-b505-9e4ff1e037bb
ec535aa2-edd6-5b0f-ab77-829ed20ffcd5,2026-09-08T00:00:00,2026-09-08T00:00:00,0,SRD_5_2,Black Bear,e8fa0610-fcd4-578b-a004-9b02f3e12e79
6685194f-ae00-5fff-90f5-1901d4b1f5cb,2026-09-08T00:00:00,2026-09-08T00:00:00,0,SRD_5_2,Blood Hawk,fbf352de-cd2c-5bff-9e7d-2a8484f77e27
9f38671c-fa91-5b4f-ad7f-113b1fc17ef7,2026-09-08T00:00:00,2026-09-08T00:00:00,0,SRD_5_2,Boar,dba98ca4-777a-5292-9627-6dc3d8329dfa
feeb71fb-b570-5ebb-b7c4-444d96ac231a,2026-09-08T00:00:00,2026-09-08T00:00:00,0,SRD_5_2,Brown Bear,8ad6b35d-fff5-56c8-baca-948e73b089d6
42732be6-24fe-5afe-8fe1-b3657f0029a6,2026-09-08T00:00:00,2026-09-08T00:00:00,0,SRD_5_2,Camel,b6f94207-b056-56fd-9747-762bbe4f62d1
441cd83b-a633-55d3-b51c-4cf198be6993,2026-09-08T00:00:00,2026-09-08T00:00:00,0,SRD_5_2,Cat,e183bc79-04bb-5372-9169-b047f0e7fcd6
4a5df8f9-3530-59dd-b379-671324a8001b,2026-09-08T00:00:00,2026-09-08T00:00:00,0,SRD_5_2,Constrictor Snake,8ee1744b-2bf5-5117-9808-7ac72a68ca02
74e67124-14d4-5f74-b85b-a6bad71158d1,2026-09-08T00:00:00,2026-09-08T00:00:00,0,SRD_5_2,Crab,4d370c01-4309-5e7d-a5d9-d51320c84a17
98978d82-154d-53c8-a8d2-41eba082c2bb,2026-09-08T00:00:00,2026-09-08T00:00:00,0,SRD_5_2,Crocodile,2b88b661-117c-51b2-8b74-279854c1b565
11ec10c3-56a9-5ee7-8ce6-f856448cc810,2026-09-08T00:00:00,2026-09-08T00:00:00,0,SRD_5_2,Deer,027e374f-1431-505c-8ca2-061b30f0a547
0faed41d-6637-524a-89fa-f8657a8ab912,2026-09-08T00:00:00,2026-09-08T00:00:00,0,SRD_5_2,Dire Wolf,581ffc25-bb48-5abb-8d11-a0fd283cdd51
8eace33e-50cc-5e7a-8cde-10b2bd59427e,2026-09-08T00:00:00,2026-09-08T00:00:00,0,SRD_5_2,Draft Horse,15ef5b28-bc68-50f0-844f-48a1fa78e40b
9a2b11e5-26cd-5b76-a8ab-ec538f459d62,2026-09-08T00:00:00,2026-09-08T00:00:00,0,SRD_5_2,Eagle,bd286536-4c3c-53bc-bc3f-d62098bdc7c5
7a87d0a3-a482-55ba-9294-551233597cf7,2026-09-08T00:00:00,2026-09-08T00:00:00,0,SRD_5_2,Elephant,77d8fc42-d344-5b9c-804d-aac44d28e38c
e5472103-c2ff-5004-9014-0dff1f4a79b5,2026-09-08T00:00:00,2026-09-08T00:00:00,0,SRD_5_2,Elk,4d0cc8d8-ecf9-56dd-9ede-83defb697727
8510f81d-457c-5e77-8c35-5a5d04e98bd6,2026-09-08T00:00:00,2026-09-08T00:00:00,0,SRD_5_2,Flying Snake,a3920a7b-d766-5442-b584-de6729fc059b
88d219fd-88df-5567-ab9a-8afaa82dfde9,2026-09-08T00:00:00,2026-09-08T00:00:00,0,SRD_5_2,Frog,7a085fe5-878b-56af-a2e9-3f0fb62efc2d
113d9b96-7293-56e9-84da-0e8bb1e9d40f,2026-09-08T00:00:00,2026-09-08T00:00:00,0,SRD_5_2,Giant Ape,c3c4447d-d53b-54e0-849b-acea0f269941
75d52f40-fe53-521c-ae23-ef8e8789fb66,2026-09-08T00:00:00,2026-09-08T00:00:00,0,SRD_5_2,Giant Badger,460f5a70-c348-5f39-92f1-37f1daea128f
ced69510-3baa-59dc-be18-99888737774c,2026-09-08T00:00:00,2026-09-08T00:00:00,0,SRD_5_2,Giant Bat,f6e2ab23-a44c-5809-8a57-569bf87665ab
d0d41651-8f8b-5298-b36a-2e77d758f138,2026-09-08T00:00:00,2026-09-08T00:00:00,0,SRD_5_2,Giant Boar,e0b6604b-fd2e-54cd-bd8b-8a7238ef5e58
ee607f42-9dde-508d-8d4e-6b859d6559cf,2026-09-08T00:00:00,2026-09-08T00:00:00,0,SRD_5_2,Giant Centipede,d06d792a-0b72-5500-97c2-7a2734774638
d6450419-bb2d-5b9f-aad3-cd775c9124c0,2026-09-08T00:00:00,2026-09-08T00:00:00,0,SRD_5_2,Giant Constrictor Snake,75955c5b-486d-587d-b3a3-c3093ac273bf
7bf58b1d-63f0-5d26-9e62-1918912462cd,2026-09-08T00:00:00,2026-09-08T00:00:00,0,SRD_5_2,Giant Crab,d87be2e4-fb8e-5dd5-a4e7-76df0b0d9cad
40822980-af0e-5ea4-b6bc-96be36210bbf,2026-09-08T00:00:00,2026-09-08T00:00:00,0,SRD_5_2,Giant Crocodile,478baab9-87bd-546b-8fcf-ad8da7d9d1fd
f3047e63-244e-592e-8ef2-f7ecfe126954,2026-09-08T00:00:00,2026-09-08T00:00:00,0,SRD_5_2,Giant Eagle,913450cc-5e2c-5fb3-8705-5128e36f9efd
39e85452-d1e7-5f07-9aa5-37bfce457ba3,2026-09-08T00:00:00,2026-09-08T00:00:00,0,SRD_5_2,Giant Elk,2d5e9b1e-44d6-5725-bd4e-fb25c296e462
519f5ca1-1557-5886-92c9-21d541e71a88,2026-09-08T00:00:00,2026-09-08T00:00:00,0,SRD_5_2,Giant Fire Beetle,6564e3d3-b0c6-5412-b3d6-cf949797b340
1ddc6410-091e-5b7c-953d-66a90acb95e7,2026-09-08T00:00:00,2026-09-08T00:00:00,0,SRD_5_2,Giant Frog,3aa55d3f-d417-5980-9403-85590374a7cd
e40f118e-aef0-5392-be3f-d9d8f9d0ecb3,2026-09-08T00:00:00,2026-09-08T00:00:00,0,SRD_5_2,Giant Goat,6973e0ef-9840-5b46-8352-b6ce443262b8
ff8591b2-c9a7-5521-afa7-676a0f46699f,2026-09-08T00:00:00,2026-09-08T00:00:00,0,SRD_5_2,Giant Hyena,aabb5741-b2ed-53fb-90c9-194eef10f36c
1ba12d7f-59b3-5c38-9b82-4b6131f27286,2026-09-08T00:00:00,2026-09-08T00:00:00,0,SRD_5_2,Giant Lizard,1058ea9a-cdae-5a42-9cd6-426cacacd53a
74e04ffe-d818-5e2d-b618-491ff9506539,2026-09-08T00:00:00,2026-09-08T00:00:00,0,SRD_5_2,Giant Octopus,46ff34df-1bd3-5e91-a2bd-37960bea0a03
c6b70da9-5988-5cae-a788-36c7877e4894,2026-09-08T00:00:00,2026-09-08T00:00:00,0,SRD_5_2,Giant Owl,475622ca-91c4-5069-99b6-59d4f6faae01
bd09de77-8b35-59c7-8a0d-d5b817b826b4,2026-09-08T00:00:00,2026-09-08T00:00:00,0,SRD_5_2,Giant Rat,24f1f770-8a07-548a-9483-3a4a57422c30
b7ddd1d7-4c40-5ea4-ba4d-4f490c15a215,2026-09-08T00:00:00,2026-09-08T00:00:00,0,SRD_5_2,Giant Scorpion,4e913c2b-f884-5a7a-ba94-822c8cd7f92f
783ddc7b-0940-5e92-9aa8-a552a6f37943,2026-09-08T00:00:00,2026-09-08T00:00:00,0,SRD_5_2,Giant Seahorse,26091374-ee53-598e-ab79-2a30627828fd
bbb89542-265d-5fa1-8167-cdde673ccaaf,2026-09-08T00:00:00,2026-09-08T00:00:00,0,SRD_5_2,Giant Shark,b781341f-53df-5351-adce-594339b75a60
bebf50d0-afdf-598d-a556-8181443f66bd,2026-09-08T00:00:00,2026-09-08T00:00:00,0,SRD_5_2,Giant Spider,8c3e18e9-fa7a-596d-8eab-eaa84a7a46cc
5f4c05a4-b574-568b-a2e6-f71506459e2a,2026-09-08T00:00:00,2026-09-08T00:00:00,0,SRD_5_2,Giant Toad,f45f554c-214e-58ac-8db3-7023bf6d0dba
4ef7fea0-db2f-5795-904a-20690472c764,2026-09-08T00:00:00,2026-09-08T00:00:00,0,SRD_5_2,Giant Venomous Snake,611baf20-2499-5435-b163-35f131e23f34
b403f1d6-bfe3-57b0-8637-6ccd61a3bb8d,2026-09-08T00:00:00,2026-09-08T00:00:00,0,SRD_5_2,Giant Vulture,1a4f6c0f-9861-5eea-8341-245614a44a1d
88daf005-3763-58fe-875a-e6f0c23251b4,2026-09-08T00:00:00,2026-09-08T00:00:00,0,SRD_5_2,Giant Wasp,e948d696-8fc3-5c95-83a5-be3bda6d269f
6c280a1b-384d-5a10-817d-1fcdd621ede2,2026-09-08T00:00:00,2026-09-08T00:00:00,0,SRD_5_2,Giant Weasel,ea14d920-c245-5a0a-9c31-5d070a772f22
b5dcfa51-671f-5ce2-834f-4742147740bd,2026-09-08T00:00:00,2026-09-08T00:00:00,0,SRD_5_2,Giant Wolf Spider,86f4e1dc-af44-5df4-af07-38e16b0d42e5
227e46b5-baaf-555b-818a-d7f71ce6b263,2026-09-08T00:00:00,2026-09-08T00:00:00,0,SRD_5_2,Goat,0995e01e-9ad2-5e88-91e1-4d1256c81e0d
4eff741b-ca6d-55ef-a01b-9c2ddb7f2b6e,2026-09-08T00:00:00,2026-09-08T00:00:00,0,SRD_5_2,Hawk,1d5fb367-861f-55a2-a0ee-17f5ee5601ab
c39c1248-f8d6-5e20-b669-ff345f6549df,2026-09-08T00:00:00,2026-09-08T00:00:00,0,SRD_5_2,Hippopotamus,b094039b-a035-5218-9193-3313936b8be7
225e73e7-8c86-5b6a-8389-fc30da624b2e,2026-09-08T00:00:00,2026-09-08T00:00:00,0,SRD_5_2,Hunter Shark,905752d8-88ea-59fe-ac62-39fff35f001a
32a83336-3c03-5f01-b561-87c4329e1d0e,2026-09-08T00:00:00,2026-09-08T00:00:00,0,SRD_5_2,Hyena,5aada601-7d74-5733-8653-303c5fc96510
b30dc19a-5daf-5e48-bd1f-ba0094248d61,2026-09-08T00:00:00,2026-09-08T00:00:00,0,SRD_5_2,Jackal,7cd129fc-6030-5d4d-8759-74aa10517bce
0c4faff6-d566-5f09-8a02-8c48d2e19644,2026-09-08T00:00:00,2026-09-08T00:00:00,0,SRD_5_2,Killer Whale,65fde1c1-a4d6-5b21-b3f0-16725f2dd652
0ec817f2-5f51-540e-be73-1b714c20df89,2026-09-08T00:00:00,2026-09-08T00:00:00,0,SRD_5_2,Lion,e9b826a1-4493-5478-8912-f83e238b3ae6
368a97cd-1b9a-5d33-a4ee-d8716210c576,2026-09-08T00:00:00,2026-09-08T00:00:00,0,SRD_5_2,Lizard,8cab57c1-6781-50af-a20b-ae3413d3e924
31380474-b641-522e-ae59-36e1ab03959c,2026-09-08T00:00:00,2026-09-08T00:00:00,0,SRD_5_2,Mammoth,6d01b2f9-9ed2-5558-9bba-9a8b8dee6bcf
cc95f3ca-9594-5b43-8323-2630a7ba2279,2026-09-08T00:00:00,2026-09-08T00:00:00,0,SRD_5_2,Mastiff,6f0d4325-784e-5e2f-bd7d-e3efc43aebb8
f9b7e4dd-0ec3-51b8-ae60-95d082dd5030,2026-09-08T00:00:00,2026-09-08T00:00:00,0,SRD_5_2,Mule,934e95a7-8cdd-5c98-80c4-5623992c89f2
6cbf5303-c6a1-50ef-aac3-5e1772788712,2026-09-08T00:00:00,2026-09-08T00:00:00,0,SRD_5_2,Octopus,d895b410-3c8d-5f9e-9b45-9bab36bc9df4
2021287c-c4c9-5ba5-9b23-52296a9b6d6d,2026-09-08T00:00:00,2026-09-08T00:00:00,0,SRD_5_2,Owl,3f8711de-c48a-5113-86be-61a2583856a5
17341a1f-2d9f-5fee-92d1-9a655f960730,2026-09-08T00:00:00,2026-09-08T00:00:00,0,SRD_5_2,Panther,176f343f-7358-51f3-8a54-73b194b6f168
d13c9b4e-b0a8-501e-a3d0-c7939477032c,2026-09-08T00:00:00,2026-09-08T00:00:00,0,SRD_5_2,Piranha,c80fb495-a4ab-524c-bc2a-475519780036
dce6e56e-e5e2-5052-8e24-376e444b1373,2026-09-08T00:00:00,2026-09-08T00:00:00,0,SRD_5_2,Plesiosaurus,2240fe73-1e5f-5b5a-8112-15617be27359
17847949-00bd-5472-86f5-46f85a1d5b28,2026-09-08T00:00:00,2026-09-08T00:00:00,0,SRD_5_2,Polar Bear,7b750e4f-bccc-5fed-9d8d-7043cd090cf7
8f10f213-2c21-5824-bd5c-7366f7da2fb1,2026-09-08T00:00:00,2026-09-08T00:00:00,0,SRD_5_2,Pony,3130cd14-8986-5456-8043-0704dd099eca
16ecced7-81da-5b13-94b8-ca1b0db8a4e2,2026-09-08T00:00:00,2026-09-08T00:00:00,0,SRD_5_2,Pteranodon,6edf1244-0ae3-5af0-8214-039bd1eefd77
e53a581a-3157-53a8-af77-e60c420cad25,2026-09-08T00:00:00,2026-09-08T00:00:00,0,SRD_5_2,Rat,11d65c3a-8e54-5952-a6f2-eaff28758666
87261992-c8b9-57b3-b88c-a721467a8b60,2026-09-08T00:00:00,2026-09-08T00:00:00,0,SRD_5_2,Raven,bc1b97fc-ee6e-5f56-9863-a8576a568f73
0b2cbd5b-153a-588b-90fa-310239d85758,2026-09-08T00:00:00,2026-09-08T00:00:00,0,SRD_5_2,Reef Shark,94f473e4-9727-5279-8e28-ebe6374c7b99
d49e62a9-0358-5416-bc04-facc527beb3f,2026-09-08T00:00:00,2026-09-08T00:00:00,0,SRD_5_2,Rhinoceros,3116d113-feaf-5d6f-8152-d505e34c75c2
72d86b82-4f08-54a0-bf8f-2cdc441735eb,2026-09-08T00:00:00,2026-09-08T00:00:00,0,SRD_5_2,Riding Horse,8fc2a5bc-ab2a-53db-a7a3-d54a3082ac46
af93a1c6-13a6-5e5d-aa23-bd23e3f93880,2026-09-08T00:00:00,2026-09-08T00:00:00,0,SRD_5_2,Saber-Toothed Tiger,6df7e48c-594b-55b7-b782-126e1cd6fe9a
695925d2-687d-5041-86dd-836fbbb3cdfb,2026-09-08T00:00:00,2026-09-08T00:00:00,0,SRD_5_2,Scorpion,409b626c-a75e-5477-94b8-89e30104c5ca
efa29a6e-b869-530b-a5f9-b21ac3fb6c85,2026-09-08T00:00:00,2026-09-08T00:00:00,0,SRD_5_2,Seahorse,5a27e7b0-f4c5-5273-b30c-99cf462c5123
1655c055-9822-527a-83bf-178edca2a80e,2026-09-08T00:00:00,2026-09-08T00:00:00,0,SRD_5_2,Spider,6c1110ac-9efe-5ff8-9315-65bc7c24604a
fe409c11-95b6-54ed-9b39-a19fe8bf344f,2026-09-08T00:00:00,2026-09-08T00:00:00,0,SRD_5_2,Swarm of Bats,f23951e9-2ae5-5d59-a8b4-8645656eaf73
4c87f60a-e8cd-5dd6-a18c-ca02cae09125,2026-09-08T00:00:00,2026-09-08T00:00:00,0,SRD_5_2,Swarm of Insects,f97ba6a3-9c10-5b80-bc82-c1fb06994232
2a876286-3c44-5de6-ad50-b2fb6e96f7e6,2026-09-08T00:00:00,2026-09-08T00:00:00,0,SRD_5_2,Swarm of Piranhas,362e7590-8cfd-5e25-bb73-34828a95590c
fa83874e-7aa8-5cd2-9edb-bca728083298,2026-09-08T00:00:00,2026-09-08T00:00:00,0,SRD_5_2,Swarm of Rats,ce08d39e-2494-5328-a263-7a6dc8e07f2c
8b5f5974-5532-5c9c-8980-1e915b1e16e3,2026-09-08T00:00:00,2026-09-08T00:00:00,0,SRD_5_2,Swarm of Ravens,6e849023-f3fc-53f6-8107-6a55a13fad07
504d259a-162d-53cb-99a7-d82cc59b3603,2026-09-08T00:00:00,2026-09-08T00:00:00,0,SRD_5_2,Swarm of Venomous Snakes,1e267715-ad40-55b3-b727-2a0924acb21c
066f054f-d38f-51f9-9372-8b35c4f78f1a,2026-09-08T00:00:00,2026-09-08T00:00:00,0,SRD_5_2,Tiger,ecf3b3c2-b07f-5486-8d88-519737f4208e
cd996e16-63ed-59d8-bb16-17df57eb75e8,2026-09-08T00:00:00,2026-09-08T00:00:00,0,SRD_5_2,Triceratops,f02fd4c3-44f5-5c10-b8e7-13c81ea54fd6
61776939-98d2-526d-a077-45865d13b959,2026-09-08T00:00:00,2026-09-08T00:00:00,0,SRD_5_2,Tyrannosaurus Rex,eebe064b-8aed-5057-a70d-49e7f7c9d6d6
06cdf884-0aeb-56b4-bc1b-9eb704d918b3,2026-09-08T00:00:00,2026-09-08T00:00:00,0,SRD_5_2,Venomous Snake,5b5d0992-3c70-5aba-80cd-02726d16b5b5
7c9638c9-2afc-565c-b2fa-9d2b038dbfb6,2026-09-08T00:00:00,2026-09-08T00:00:00,0,SRD_5_2,Vulture,9e04b05d-88ba-586f-ac51-c0251d7ad6af
b1e6351a-7d53-5002-8249-c090fc7da573,2026-09-08T00:00:00,2026-09-08T00:00:00,0,SRD_5_2,Warhorse,ece6832f-59fc-5097-b4e4-8be81a97246e
ec3c0af2-03d5-5755-b9e2-c968c5ae792a,2026-09-08T00:00:00,2026-09-08T00:00:00,0,SRD_5_2,Weasel,652faf9a-811c-5562-8d03-4bf487a694de
95289f36-8152-5d94-b88d-26450361c5b5,2026-09-08T00:00:00,2026-09-08T00:00:00,0,SRD_5_2,Wolf,5bf3ee90-3414-50f4-a444-904ba1153aab
