id,created_at,updated_at,version,vocation_id,level,proficiency_bonus,feature_summary,cantrips_known,prepared_spells
255c50cd-5ff9-5139-ba03-2079e188b8af,2026-09-08T00:00:00,2026-09-08T00:00:00,0,9f6a6acf-2d56-5990-9e11-65ad14cc0724,1,2,"Rage, Unarmored Defense, Weapon Mastery",NULL,NULL
749d7a4f-5671-5c02-8c3d-9148b79b5611,2026-09-08T00:00:00,2026-09-08T00:00:00,0,9f6a6acf-2d56-5990-9e11-65ad14cc0724,2,2,"Danger Sense, Reckless Attack",NULL,NULL
15ba0ca7-4fec-5643-8cf5-cddd9dfae182,2026-09-08T00:00:00,2026-09-08T00:00:00,0,9f6a6acf-2d56-5990-9e11-65ad14cc0724,3,2,"Barbarian Subclass, Primal Knowledge",NULL,NULL
d4ced9ec-f497-5ba9-aa47-3391e7828062,2026-09-08T00:00:00,2026-09-08T00:00:00,0,9f6a6acf-2d56-5990-9e11-65ad14cc0724,4,2,Ability Score Improvement,NULL,NULL
6e67a021-4a5c-58d1-8d89-948f5d7a30b6,2026-09-08T00:00:00,2026-09-08T00:00:00,0,9f6a6acf-2d56-5990-9e11-65ad14cc0724,5,3,"Extra Attack, Fast Movement",NULL,NULL
8eccd689-296e-5080-ad2d-ca273bc481e4,2026-09-08T00:00:00,2026-09-08T00:00:00,0,9f6a6acf-2d56-5990-9e11-65ad14cc0724,6,3,Subclass feature,NULL,NULL
10dfad3c-56aa-5da0-88e9-0e80f48c13cd,2026-09-08T00:00:00,2026-09-08T00:00:00,0,9f6a6acf-2d56-5990-9e11-65ad14cc0724,7,3,"Feral Instinct, Instinctive Pounce",NULL,NULL
a0056fc5-f6b6-5eef-b00f-4ce4659cfa09,2026-09-08T00:00:00,2026-09-08T00:00:00,0,9f6a6acf-2d56-5990-9e11-65ad14cc0724,8,3,Ability Score Improvement,NULL,NULL
6ec1c637-acd8-59ac-9ee0-71a1c989374c,2026-09-08T00:00:00,2026-09-08T00:00:00,0,9f6a6acf-2d56-5990-9e11-65ad14cc0724,9,4,Brutal Strike,NULL,NULL
9d23aa18-46e8-5c37-9a6c-04550b842582,2026-09-08T00:00:00,2026-09-08T00:00:00,0,9f6a6acf-2d56-5990-9e11-65ad14cc0724,10,4,Subclass feature,NULL,NULL
5bcfd41a-6aa7-52e7-bbe8-de1030b3140c,2026-09-08T00:00:00,2026-09-08T00:00:00,0,9f6a6acf-2d56-5990-9e11-65ad14cc0724,11,4,Relentless Rage,NULL,NULL
79f2ebec-6d09-5ba2-9262-a567b3a22dfb,2026-09-08T00:00:00,2026-09-08T00:00:00,0,9f6a6acf-2d56-5990-9e11-65ad14cc0724,12,4,Ability Score Improvement,NULL,NULL
0add218b-2a51-5b97-8520-5041e6941bc7,2026-09-08T00:00:00,2026-09-08T00:00:00,0,9f6a6acf-2d56-5990-9e11-65ad14cc0724,13,5,Improved Brutal Strike,NULL,NULL
3e3dcff8-caf3-5aaa-a73c-929d264bd0e9,2026-09-08T00:00:00,2026-09-08T00:00:00,0,9f6a6acf-2d56-5990-9e11-65ad14cc0724,14,5,Subclass feature,NULL,NULL
71b70d64-f072-5ed1-8147-12820e6ea7d0,2026-09-08T00:00:00,2026-09-08T00:00:00,0,9f6a6acf-2d56-5990-9e11-65ad14cc0724,15,5,Persistent Rage,NULL,NULL
d1627729-f528-59a9-ab6d-919d8b790489,2026-09-08T00:00:00,2026-09-08T00:00:00,0,9f6a6acf-2d56-5990-9e11-65ad14cc0724,16,5,Ability Score Improvement,NULL,NULL
ede0d0d9-4777-53d6-b0da-f4abf68f2dbc,2026-09-08T00:00:00,2026-09-08T00:00:00,0,9f6a6acf-2d56-5990-9e11-65ad14cc0724,17,6,Improved Brutal Strike,NULL,NULL
6e7dc327-a056-53d8-8d78-2cc877b9ddd5,2026-09-08T00:00:00,2026-09-08T00:00:00,0,9f6a6acf-2d56-5990-9e11-65ad14cc0724,18,6,Indomitable Might,NULL,NULL
04391b88-52bb-55bd-8fa6-419248c409c1,2026-09-08T00:00:00,2026-09-08T00:00:00,0,9f6a6acf-2d56-5990-9e11-65ad14cc0724,19,6,Epic Boon,NULL,NULL
cbdd986c-490b-5e10-8180-b5e83f0dcc42,2026-09-08T00:00:00,2026-09-08T00:00:00,0,9f6a6acf-2d56-5990-9e11-65ad14cc0724,20,6,Primal Champion,NULL,NULL
eb39c678-1da1-5e8c-a2aa-c4da3b5e1843,2026-09-08T00:00:00,2026-09-08T00:00:00,0,3dbe561c-5bcb-5d63-9d45-b138153ed9d7,1,2,"Bardic Inspiration, Spellcasting",2,4
a0bedbb9-077d-56db-8826-0029319d5aae,2026-09-08T00:00:00,2026-09-08T00:00:00,0,3dbe561c-5bcb-5d63-9d45-b138153ed9d7,2,2,"Expertise, Jack of All Trades",2,5
6571c017-16f6-591d-ab3d-5d56f9447ccc,2026-09-08T00:00:00,2026-09-08T00:00:00,0,3dbe561c-5bcb-5d63-9d45-b138153ed9d7,3,2,Bard Subclass,2,6
3ab7fb39-f884-5355-8e88-34994e0c7a26,2026-09-08T00:00:00,2026-09-08T00:00:00,0,3dbe561c-5bcb-5d63-9d45-b138153ed9d7,4,2,Ability Score Improvement,3,7
9901b34e-d17c-5997-bf0c-fedab7532411,2026-09-08T00:00:00,2026-09-08T00:00:00,0,3dbe561c-5bcb-5d63-9d45-b138153ed9d7,5,3,Font of Inspiration,3,9
cb6ee7eb-1757-5803-88ff-25497e6d9dcf,2026-09-08T00:00:00,2026-09-08T00:00:00,0,3dbe561c-5bcb-5d63-9d45-b138153ed9d7,6,3,Subclass feature,3,10
56a3aa32-e1c9-58ec-ad58-cde5944d1d5c,2026-09-08T00:00:00,2026-09-08T00:00:00,0,3dbe561c-5bcb-5d63-9d45-b138153ed9d7,7,3,Countercharm,3,11
f635f5df-0d67-52dd-bc29-480a65375b87,2026-09-08T00:00:00,2026-09-08T00:00:00,0,3dbe561c-5bcb-5d63-9d45-b138153ed9d7,8,3,Ability Score Improvement,3,12
c2e1bdb4-863b-5379-a36e-e55f2e355f7b,2026-09-08T00:00:00,2026-09-08T00:00:00,0,3dbe561c-5bcb-5d63-9d45-b138153ed9d7,9,4,Expertise,3,14
703f9b13-582c-5f50-907f-d2121456c818,2026-09-08T00:00:00,2026-09-08T00:00:00,0,3dbe561c-5bcb-5d63-9d45-b138153ed9d7,10,4,Magical Secrets,4,15
52381576-54f3-5c95-bfe6-dd94a1e92b7c,2026-09-08T00:00:00,2026-09-08T00:00:00,0,3dbe561c-5bcb-5d63-9d45-b138153ed9d7,11,4,—,4,16
cfa61772-6a64-54ac-85e0-dbcb27b6a6ef,2026-09-08T00:00:00,2026-09-08T00:00:00,0,3dbe561c-5bcb-5d63-9d45-b138153ed9d7,12,4,Ability Score Improvement,4,16
bc4f2575-b592-552c-b0eb-0e65174788ca,2026-09-08T00:00:00,2026-09-08T00:00:00,0,3dbe561c-5bcb-5d63-9d45-b138153ed9d7,13,5,—,4,17
bc72b009-b21d-5498-ae61-d20c67900b5e,2026-09-08T00:00:00,2026-09-08T00:00:00,0,3dbe561c-5bcb-5d63-9d45-b138153ed9d7,14,5,Subclass feature,4,17
5b97f45d-8d2f-5163-aae3-06426d21139f,2026-09-08T00:00:00,2026-09-08T00:00:00,0,3dbe561c-5bcb-5d63-9d45-b138153ed9d7,15,5,—,4,18
0861faeb-71e5-5801-8f60-c58b2dab6cac,2026-09-08T00:00:00,2026-09-08T00:00:00,0,3dbe561c-5bcb-5d63-9d45-b138153ed9d7,16,5,Ability Score Improvement,4,18
25c6189d-c2e6-501a-9fb1-fc1724905e3f,2026-09-08T00:00:00,2026-09-08T00:00:00,0,3dbe561c-5bcb-5d63-9d45-b138153ed9d7,17,6,—,4,19
fbb666d2-58f1-563f-98fa-8a9f50550d84,2026-09-08T00:00:00,2026-09-08T00:00:00,0,3dbe561c-5bcb-5d63-9d45-b138153ed9d7,18,6,Superior Inspiration,4,20
c03dba2c-8001-547d-bf33-dfa5004668d6,2026-09-08T00:00:00,2026-09-08T00:00:00,0,3dbe561c-5bcb-5d63-9d45-b138153ed9d7,19,6,Epic Boon,4,21
0f9aabab-ad06-5728-9848-b650fdad3211,2026-09-08T00:00:00,2026-09-08T00:00:00,0,3dbe561c-5bcb-5d63-9d45-b138153ed9d7,20,6,Words of Creation,4,22
6ed82a13-3abe-51bc-877c-0c1b4ece4dcf,2026-09-08T00:00:00,2026-09-08T00:00:00,0,5a766548-3c4f-5273-89ee-11a90d1e7ce1,1,2,"Spellcasting, Divine Order",3,4
7aa7e251-4fe3-5cb6-b7f3-deb2399df611,2026-09-08T00:00:00,2026-09-08T00:00:00,0,5a766548-3c4f-5273-89ee-11a90d1e7ce1,2,2,Channel Divinity,3,5
74dc0bb0-db34-5436-a0ab-818488e79bf7,2026-09-08T00:00:00,2026-09-08T00:00:00,0,5a766548-3c4f-5273-89ee-11a90d1e7ce1,3,2,Cleric Subclass,3,6
438e2436-0acb-5e1e-9d16-890dbafb9a59,2026-09-08T00:00:00,2026-09-08T00:00:00,0,5a766548-3c4f-5273-89ee-11a90d1e7ce1,4,2,Ability Score Improvement,4,7
75a54f1d-195a-5cf0-a216-28d2631479de,2026-09-08T00:00:00,2026-09-08T00:00:00,0,5a766548-3c4f-5273-89ee-11a90d1e7ce1,5,3,Sear Undead,4,9
aa773698-5e9b-5e23-aaf6-ea18fa5831a4,2026-09-08T00:00:00,2026-09-08T00:00:00,0,5a766548-3c4f-5273-89ee-11a90d1e7ce1,6,3,Subclass feature,4,10
59c994eb-fd3b-5dbf-8f38-8cd08d1c35cb,2026-09-08T00:00:00,2026-09-08T00:00:00,0,5a766548-3c4f-5273-89ee-11a90d1e7ce1,7,3,Blessed Strikes,4,11
9536335a-ebe8-567a-adf9-cb1ae2f9da8b,2026-09-08T00:00:00,2026-09-08T00:00:00,0,5a766548-3c4f-5273-89ee-11a90d1e7ce1,8,3,Ability Score Improvement,4,12
4d592cb4-c32b-52ae-bb24-bc973b691a1d,2026-09-08T00:00:00,2026-09-08T00:00:00,0,5a766548-3c4f-5273-89ee-11a90d1e7ce1,9,4,—,4,14
057d9593-c218-5482-ac9f-452c301e52bb,2026-09-08T00:00:00,2026-09-08T00:00:00,0,5a766548-3c4f-5273-89ee-11a90d1e7ce1,10,4,Divine Intervention,5,15
eeab5684-d859-559a-856f-ca9d526cc197,2026-09-08T00:00:00,2026-09-08T00:00:00,0,5a766548-3c4f-5273-89ee-11a90d1e7ce1,11,4,—,5,16
9ffbbab9-9bd6-5b43-ad32-339545b281a5,2026-09-08T00:00:00,2026-09-08T00:00:00,0,5a766548-3c4f-5273-89ee-11a90d1e7ce1,12,4,Ability Score Improvement,5,16
ee4556d6-34a6-5afd-887a-abcbe8bb40b1,2026-09-08T00:00:00,2026-09-08T00:00:00,0,5a766548-3c4f-5273-89ee-11a90d1e7ce1,13,5,—,5,17
3c214a13-d53d-5cea-8617-9fe61abfece2,2026-09-08T00:00:00,2026-09-08T00:00:00,0,5a766548-3c4f-5273-89ee-11a90d1e7ce1,14,5,Improved Blessed Strikes,5,17
a4ad2c3e-b21b-5443-b738-51e71502f272,2026-09-08T00:00:00,2026-09-08T00:00:00,0,5a766548-3c4f-5273-89ee-11a90d1e7ce1,15,5,—,5,18
d43d11eb-9650-5d57-8e8c-016a5e5a5cc0,2026-09-08T00:00:00,2026-09-08T00:00:00,0,5a766548-3c4f-5273-89ee-11a90d1e7ce1,16,5,Ability Score Improvement,5,18
e4099e40-84e5-514d-9b44-593bd229def5,2026-09-08T00:00:00,2026-09-08T00:00:00,0,5a766548-3c4f-5273-89ee-11a90d1e7ce1,17,6,Subclass feature,5,19
f644e23c-e01c-575a-ac99-f6fa352625d3,2026-09-08T00:00:00,2026-09-08T00:00:00,0,5a766548-3c4f-5273-89ee-11a90d1e7ce1,18,6,—,5,20
c35caab7-2c95-592b-8d7c-ba0ad24fa335,2026-09-08T00:00:00,2026-09-08T00:00:00,0,5a766548-3c4f-5273-89ee-11a90d1e7ce1,19,6,Epic Boon,5,21
a7bc1aa9-7644-5f72-8897-228b3f5362c8,2026-09-08T00:00:00,2026-09-08T00:00:00,0,5a766548-3c4f-5273-89ee-11a90d1e7ce1,20,6,Greater Divine Intervention,5,22
0dd85643-57f4-59f2-afdb-6f54c18feecf,2026-09-08T00:00:00,2026-09-08T00:00:00,0,d328bebd-d404-53ab-a8e1-30020cfac6e6,1,2,"Spellcasting, Druidic, Primal Order",2,4
1dd332ec-6e4a-50c4-b0ff-f0421f5b48bf,2026-09-08T00:00:00,2026-09-08T00:00:00,0,d328bebd-d404-53ab-a8e1-30020cfac6e6,2,2,"Wild Shape, Wild Companion",2,5
82717577-dee8-5ea6-8f1b-436e27c7b6c4,2026-09-08T00:00:00,2026-09-08T00:00:00,0,d328bebd-d404-53ab-a8e1-30020cfac6e6,3,2,Druid Subclass,2,6
cde1aa54-7fc8-5198-b6ea-d90de4de102f,2026-09-08T00:00:00,2026-09-08T00:00:00,0,d328bebd-d404-53ab-a8e1-30020cfac6e6,4,2,Ability Score Improvement,3,7
1ec1b791-b21a-5a77-8691-0d2a2c43ca7c,2026-09-08T00:00:00,2026-09-08T00:00:00,0,d328bebd-d404-53ab-a8e1-30020cfac6e6,5,3,Wild Resurgence,3,9
f5b8d59a-7a1f-543f-aec6-95b31ca7a101,2026-09-08T00:00:00,2026-09-08T00:00:00,0,d328bebd-d404-53ab-a8e1-30020cfac6e6,6,3,Subclass feature,3,10
8e71e368-d223-5f62-ba28-82bbb78f020d,2026-09-08T00:00:00,2026-09-08T00:00:00,0,d328bebd-d404-53ab-a8e1-30020cfac6e6,7,3,Elemental Fury,3,11
76834106-ae8e-5c15-bad6-3cd86ee612b0,2026-09-08T00:00:00,2026-09-08T00:00:00,0,d328bebd-d404-53ab-a8e1-30020cfac6e6,8,3,Ability Score Improvement,3,12
4415c846-97d5-5a75-8ec3-e9f4ccff3782,2026-09-08T00:00:00,2026-09-08T00:00:00,0,d328bebd-d404-53ab-a8e1-30020cfac6e6,9,4,—,3,14
b4cb7c81-ced3-5484-8185-190e3cef7c80,2026-09-08T00:00:00,2026-09-08T00:00:00,0,d328bebd-d404-53ab-a8e1-30020cfac6e6,10,4,Subclass feature,4,15
7b4e4ce4-8b65-5c16-b6d7-75b90277b494,2026-09-08T00:00:00,2026-09-08T00:00:00,0,d328bebd-d404-53ab-a8e1-30020cfac6e6,11,4,—,4,16
4608c87d-ca7b-5d3b-b0be-d286bd40e673,2026-09-08T00:00:00,2026-09-08T00:00:00,0,d328bebd-d404-53ab-a8e1-30020cfac6e6,12,4,Ability Score Improvement,4,16
66a9b9a1-8bb5-546c-bae2-ec978e0496f3,2026-09-08T00:00:00,2026-09-08T00:00:00,0,d328bebd-d404-53ab-a8e1-30020cfac6e6,13,5,—,4,17
03fcd124-f7f1-5589-b9dd-aa9ba4752c67,2026-09-08T00:00:00,2026-09-08T00:00:00,0,d328bebd-d404-53ab-a8e1-30020cfac6e6,14,5,Subclass feature,4,17
1ad3dde9-0cf9-53a6-836c-f1a1d4d1f0dd,2026-09-08T00:00:00,2026-09-08T00:00:00,0,d328bebd-d404-53ab-a8e1-30020cfac6e6,15,5,Improved Elemental Fury,4,18
fe6b2c02-9c45-5617-a281-aac0075c4fc6,2026-09-08T00:00:00,2026-09-08T00:00:00,0,d328bebd-d404-53ab-a8e1-30020cfac6e6,16,5,Ability Score Improvement,4,18
b4592be4-5f99-58d8-a9d3-f642dcca50b2,2026-09-08T00:00:00,2026-09-08T00:00:00,0,d328bebd-d404-53ab-a8e1-30020cfac6e6,17,6,—,4,19
5a0435b8-4ca6-5325-a335-5de3a17dcc0f,2026-09-08T00:00:00,2026-09-08T00:00:00,0,d328bebd-d404-53ab-a8e1-30020cfac6e6,18,6,Beast Spells,4,20
975cd75c-d746-5836-bb3a-d88f1673be2b,2026-09-08T00:00:00,2026-09-08T00:00:00,0,d328bebd-d404-53ab-a8e1-30020cfac6e6,19,6,Epic Boon,4,21
4992e6ef-505e-59ab-a69f-ea21e71c19ba,2026-09-08T00:00:00,2026-09-08T00:00:00,0,d328bebd-d404-53ab-a8e1-30020cfac6e6,20,6,Archdruid,4,22
d2e65c4a-c1ed-5809-be47-dff841d72c81,2026-09-08T00:00:00,2026-09-08T00:00:00,0,b3a53882-ce37-5c3f-b5eb-8498bf6fe14a,1,2,"Fighting Style, Second Wind, Weapon Mastery",NULL,NULL
bd52d149-f218-58a1-b52c-664b988bd5f9,2026-09-08T00:00:00,2026-09-08T00:00:00,0,b3a53882-ce37-5c3f-b5eb-8498bf6fe14a,2,2,"Action Surge (one use), Tactical Mind",NULL,NULL
37104b5b-24b0-571f-9927-9103ed8f2380,2026-09-08T00:00:00,2026-09-08T00:00:00,0,b3a53882-ce37-5c3f-b5eb-8498bf6fe14a,3,2,Fighter Subclass,NULL,NULL
018e878c-1c36-5178-97b4-5d22db7d970f,2026-09-08T00:00:00,2026-09-08T00:00:00,0,b3a53882-ce37-5c3f-b5eb-8498bf6fe14a,4,2,Ability Score Improvement,NULL,NULL
5edc1d7d-636b-5c83-89c9-48f942765df5,2026-09-08T00:00:00,2026-09-08T00:00:00,0,b3a53882-ce37-5c3f-b5eb-8498bf6fe14a,5,3,"Extra Attack, Tactical Shift",NULL,NULL
f0b3d33f-9226-5267-9aca-3942150450ed,2026-09-08T00:00:00,2026-09-08T00:00:00,0,b3a53882-ce37-5c3f-b5eb-8498bf6fe14a,6,3,Ability Score Improvement,NULL,NULL
0524e27a-e1ec-5a2d-a667-993f230ae2aa,2026-09-08T00:00:00,2026-09-08T00:00:00,0,b3a53882-ce37-5c3f-b5eb-8498bf6fe14a,7,3,Subclass feature,NULL,NULL
cecd2ca1-3548-5b86-8dcf-e47c88d47a47,2026-09-08T00:00:00,2026-09-08T00:00:00,0,b3a53882-ce37-5c3f-b5eb-8498bf6fe14a,8,3,Ability Score Improvement,NULL,NULL
74a665fc-2de9-5f50-af33-5c940903c4ce,2026-09-08T00:00:00,2026-09-08T00:00:00,0,b3a53882-ce37-5c3f-b5eb-8498bf6fe14a,9,4,"Indomitable (one use), Tactical Master",NULL,NULL
929ae5a3-42ad-57d2-866e-ab0d5a2cc4cc,2026-09-08T00:00:00,2026-09-08T00:00:00,0,b3a53882-ce37-5c3f-b5eb-8498bf6fe14a,10,4,Subclass feature,NULL,NULL
2f61ba3f-ab0a-57d4-94fb-f87fda88c2d4,2026-09-08T00:00:00,2026-09-08T00:00:00,0,b3a53882-ce37-5c3f-b5eb-8498bf6fe14a,11,4,Two Extra Attacks,NULL,NULL
0a5171fb-ceaf-5068-8e3e-cf75fddfdec8,2026-09-08T00:00:00,2026-09-08T00:00:00,0,b3a53882-ce37-5c3f-b5eb-8498bf6fe14a,12,4,Ability Score Improvement,NULL,NULL
d2f0b404-2180-5496-bf51-9f97ad5752b2,2026-09-08T00:00:00,2026-09-08T00:00:00,0,b3a53882-ce37-5c3f-b5eb-8498bf6fe14a,13,5,"Indomitable (two uses), Studied Attacks",NULL,NULL
216960a5-3481-530b-aaf6-ddafc212be40,2026-09-08T00:00:00,2026-09-08T00:00:00,0,b3a53882-ce37-5c3f-b5eb-8498bf6fe14a,14,5,Ability Score Improvement,NULL,NULL
a013fdc3-0bc5-5da3-bdc9-a7d324107d5c,2026-09-08T00:00:00,2026-09-08T00:00:00,0,b3a53882-ce37-5c3f-b5eb-8498bf6fe14a,15,5,Subclass feature,NULL,NULL
53a9bf1b-89f6-5af9-a797-5fbb1d115570,2026-09-08T00:00:00,2026-09-08T00:00:00,0,b3a53882-ce37-5c3f-b5eb-8498bf6fe14a,16,5,Ability Score Improvement,NULL,NULL
4d388a62-4bdc-5827-ac42-e79d35d0cf04,2026-09-08T00:00:00,2026-09-08T00:00:00,0,b3a53882-ce37-5c3f-b5eb-8498bf6fe14a,17,6,"Action Surge (two uses), Indomitable (three uses)",NULL,NULL
19993d0f-f456-5be8-a73c-b541acc3f6e7,2026-09-08T00:00:00,2026-09-08T00:00:00,0,b3a53882-ce37-5c3f-b5eb-8498bf6fe14a,18,6,Subclass feature,NULL,NULL
34208fe9-6060-5a9d-aadf-38e05ee1b9bd,2026-09-08T00:00:00,2026-09-08T00:00:00,0,b3a53882-ce37-5c3f-b5eb-8498bf6fe14a,19,6,Epic Boon,NULL,NULL
544118a0-b2d3-5617-8272-538bfc2b0ffc,2026-09-08T00:00:00,2026-09-08T00:00:00,0,b3a53882-ce37-5c3f-b5eb-8498bf6fe14a,20,6,Three Extra Attacks,NULL,NULL
ac8294f3-bf14-5175-80aa-5e7c508df3f2,2026-09-08T00:00:00,2026-09-08T00:00:00,0,29f83bd3-fe5f-5fa3-889f-c685c82ea177,1,2,"Martial Arts, Unarmored Defense",NULL,NULL
516d7f1b-ad79-54f8-b366-acf3db34e523,2026-09-08T00:00:00,2026-09-08T00:00:00,0,29f83bd3-fe5f-5fa3-889f-c685c82ea177,2,2,"Monk's Focus, Unarmored Movement, Uncanny Metabolism",NULL,NULL
136cee78-0af9-5ca9-b6c1-8ac07283271e,2026-09-08T00:00:00,2026-09-08T00:00:00,0,29f83bd3-fe5f-5fa3-889f-c685c82ea177,3,2,"Deflect Attacks, Monk Subclass",NULL,NULL
042c4ece-4250-58d5-ac26-984444c7c176,2026-09-08T00:00:00,2026-09-08T00:00:00,0,29f83bd3-fe5f-5fa3-889f-c685c82ea177,4,2,"Ability Score Improvement, Slow Fall",NULL,NULL
c42fe27e-8717-50de-b519-dd6d928a2a67,2026-09-08T00:00:00,2026-09-08T00:00:00,0,29f83bd3-fe5f-5fa3-889f-c685c82ea177,5,3,"Extra Attack, Stunning Strike",NULL,NULL
cf8de3a6-71ae-55c8-a9cd-0980e913817b,2026-09-08T00:00:00,2026-09-08T00:00:00,0,29f83bd3-fe5f-5fa3-889f-c685c82ea177,6,3,"Empowered Strikes, Subclass feature",NULL,NULL
9d4f35b1-9a5e-500d-b050-c376fd8ee6f4,2026-09-08T00:00:00,2026-09-08T00:00:00,0,29f83bd3-fe5f-5fa3-889f-c685c82ea177,7,3,Evasion,NULL,NULL
1c52afd8-0001-510f-a88f-db61ab98669d,2026-09-08T00:00:00,2026-09-08T00:00:00,0,29f83bd3-fe5f-5fa3-889f-c685c82ea177,8,3,Ability Score Improvement,NULL,NULL
f4c13377-37f1-55e9-877f-0aed7c34f063,2026-09-08T00:00:00,2026-09-08T00:00:00,0,29f83bd3-fe5f-5fa3-889f-c685c82ea177,9,4,Acrobatic Movement,NULL,NULL
62dbc502-6967-5f6d-871a-21245aa2f567,2026-09-08T00:00:00,2026-09-08T00:00:00,0,29f83bd3-fe5f-5fa3-889f-c685c82ea177,10,4,"Heightened Focus, Self-Restoration",NULL,NULL
e57aea1d-2a06-52ba-92b6-69ec17d7713a,2026-09-08T00:00:00,2026-09-08T00:00:00,0,29f83bd3-fe5f-5fa3-889f-c685c82ea177,11,4,Subclass feature,NULL,NULL
a6d94ef9-c527-57c5-8e1f-4a7042996819,2026-09-08T00:00:00,2026-09-08T00:00:00,0,29f83bd3-fe5f-5fa3-889f-c685c82ea177,12,4,Ability Score Improvement,NULL,NULL
31060545-d888-5486-948c-241182a1850f,2026-09-08T00:00:00,2026-09-08T00:00:00,0,29f83bd3-fe5f-5fa3-889f-c685c82ea177,13,5,Deflect Energy,NULL,NULL
1ea5470c-7c59-55c5-955d-a067824445be,2026-09-08T00:00:00,2026-09-08T00:00:00,0,29f83bd3-fe5f-5fa3-889f-c685c82ea177,14,5,Disciplined Survivor,NULL,NULL
5914230b-a03d-51a9-afeb-62e202a3c65d,2026-09-08T00:00:00,2026-09-08T00:00:00,0,29f83bd3-fe5f-5fa3-889f-c685c82ea177,15,5,Perfect Focus,NULL,NULL
1befcffd-33af-51d5-8857-52f06415ef8e,2026-09-08T00:00:00,2026-09-08T00:00:00,0,29f83bd3-fe5f-5fa3-889f-c685c82ea177,16,5,Ability Score Improvement,NULL,NULL
4658ce8f-e847-57e7-b236-98c5d520a0a9,2026-09-08T00:00:00,2026-09-08T00:00:00,0,29f83bd3-fe5f-5fa3-889f-c685c82ea177,17,6,Subclass feature,NULL,NULL
cba2c5ab-76ec-5442-b5e7-99f5827c5390,2026-09-08T00:00:00,2026-09-08T00:00:00,0,29f83bd3-fe5f-5fa3-889f-c685c82ea177,18,6,Superior Defense,NULL,NULL
9d1622eb-c887-55c0-a7bc-969023749021,2026-09-08T00:00:00,2026-09-08T00:00:00,0,29f83bd3-fe5f-5fa3-889f-c685c82ea177,19,6,Epic Boon,NULL,NULL
1a2b1541-0012-5a0d-b735-d51bde44a577,2026-09-08T00:00:00,2026-09-08T00:00:00,0,29f83bd3-fe5f-5fa3-889f-c685c82ea177,20,6,Body and Mind,NULL,NULL
827385ae-314e-58ff-9c46-60ad9e1ba263,2026-09-08T00:00:00,2026-09-08T00:00:00,0,eeb719a0-134e-5484-837c-c2ca360facaf,1,2,"Lay On Hands, Spellcasting, Weapon Mastery",NULL,2
784bc568-c77f-53b7-9556-2f433ebf7221,2026-09-08T00:00:00,2026-09-08T00:00:00,0,eeb719a0-134e-5484-837c-c2ca360facaf,2,2,"Fighting Style, Paladin's Smite",NULL,3
d20c2427-4c34-5832-b5f7-74754b43d3ac,2026-09-08T00:00:00,2026-09-08T00:00:00,0,eeb719a0-134e-5484-837c-c2ca360facaf,3,2,"Channel Divinity, Paladin Subclass",NULL,4
8a7461ea-0673-5bb9-b48e-7bc8073c803a,2026-09-08T00:00:00,2026-09-08T00:00:00,0,eeb719a0-134e-5484-837c-c2ca360facaf,4,2,Ability Score Improvement,NULL,5
2dbf5c9d-8c92-5145-8e80-32c16c6fdf7f,2026-09-08T00:00:00,2026-09-08T00:00:00,0,eeb719a0-134e-5484-837c-c2ca360facaf,5,3,"Extra Attack, Faithful Steed",NULL,6
cf5af0d5-2fdb-5fdc-bf50-674efbed0d9f,2026-09-08T00:00:00,2026-09-08T00:00:00,0,eeb719a0-134e-5484-837c-c2ca360facaf,6,3,Aura of Protection,NULL,6
8f8aae77-afe8-549f-a21e-4662a3d90489,2026-09-08T00:00:00,2026-09-08T00:00:00,0,eeb719a0-134e-5484-837c-c2ca360facaf,7,3,Subclass feature,NULL,7
4b2329df-3f76-5140-a80c-2ab22ce3c8a2,2026-09-08T00:00:00,2026-09-08T00:00:00,0,eeb719a0-134e-5484-837c-c2ca360facaf,8,3,Ability Score Improvement,NULL,7
bb8dab8a-6045-50ce-b036-41d11ea2d0e5,2026-09-08T00:00:00,2026-09-08T00:00:00,0,eeb719a0-134e-5484-837c-c2ca360facaf,9,4,Abjure Foes,NULL,9
173f8d37-2ebd-551b-8445-9bdc48095ba0,2026-09-08T00:00:00,2026-09-08T00:00:00,0,eeb719a0-134e-5484-837c-c2ca360facaf,10,4,Aura of Courage,NULL,9
83945dd1-acca-576d-a831-32d4ca93b113,2026-09-08T00:00:00,2026-09-08T00:00:00,0,eeb719a0-134e-5484-837c-c2ca360facaf,11,4,Radiant Strikes,NULL,10
3280f903-0736-56db-b32a-db2729feedb4,2026-09-08T00:00:00,2026-09-08T00:00:00,0,eeb719a0-134e-5484-837c-c2ca360facaf,12,4,Ability Score Improvement,NULL,10
f5bc04a6-1bd1-5a2b-bdf8-51c687bd4d81,2026-09-08T00:00:00,2026-09-08T00:00:00,0,eeb719a0-134e-5484-837c-c2ca360facaf,13,5,—,NULL,11
5b391856-c2b4-5130-863e-29de8303417c,2026-09-08T00:00:00,2026-09-08T00:00:00,0,eeb719a0-134e-5484-837c-c2ca360facaf,14,5,Restoring Touch,NULL,11
ff1cd6b2-6ad5-56f9-9f67-cf531b2fcf6e,2026-09-08T00:00:00,2026-09-08T00:00:00,0,eeb719a0-134e-5484-837c-c2ca360facaf,15,5,Subclass feature,NULL,12
7aafb6fe-c4a7-51cb-9588-9d7bf10856f8,2026-09-08T00:00:00,2026-09-08T00:00:00,0,eeb719a0-134e-5484-837c-c2ca360facaf,16,5,Ability Score Improvement,NULL,12
bf77994e-c669-59ab-8a36-fbfd16349d84,2026-09-08T00:00:00,2026-09-08T00:00:00,0,eeb719a0-134e-5484-837c-c2ca360facaf,17,6,—,NULL,14
1dcf0a06-81c2-57b4-854d-e54d5d7c0347,2026-09-08T00:00:00,2026-09-08T00:00:00,0,eeb719a0-134e-5484-837c-c2ca360facaf,18,6,Aura Expansion,NULL,14
c7568d2d-2473-595e-83f5-64d9b3c09071,2026-09-08T00:00:00,2026-09-08T00:00:00,0,eeb719a0-134e-5484-837c-c2ca360facaf,19,6,Epic Boon,NULL,15
57a1b108-8692-5575-b2a4-4c80b9d0e2f1,2026-09-08T00:00:00,2026-09-08T00:00:00,0,eeb719a0-134e-5484-837c-c2ca360facaf,20,6,Subclass feature,NULL,15
a56f85a9-e11e-57f1-a4d6-683ca13d6d86,2026-09-08T00:00:00,2026-09-08T00:00:00,0,bfb29762-cbb4-532e-a82f-54808c7e209d,1,2,"Spellcasting, Favored Enemy, Weapon Mastery",NULL,2
21d02c6a-a8cf-54ba-afdd-9013353c7060,2026-09-08T00:00:00,2026-09-08T00:00:00,0,bfb29762-cbb4-532e-a82f-54808c7e209d,2,2,"Deft Explorer, Fighting Style",NULL,3
fddaec75-7bf3-5a2e-bf92-d8f036e22ff2,2026-09-08T00:00:00,2026-09-08T00:00:00,0,bfb29762-cbb4-532e-a82f-54808c7e209d,3,2,Ranger Subclass,NULL,4
6f611a7e-3e06-50e6-85dd-94137d462a88,2026-09-08T00:00:00,2026-09-08T00:00:00,0,bfb29762-cbb4-532e-a82f-54808c7e209d,4,2,Ability Score Improvement,NULL,5
534ddd99-e748-531b-87a7-c919d08256ef,2026-09-08T00:00:00,2026-09-08T00:00:00,0,bfb29762-cbb4-532e-a82f-54808c7e209d,5,3,Extra Attack,NULL,6
756ef38d-1797-5ca2-a56f-3408fed329fc,2026-09-08T00:00:00,2026-09-08T00:00:00,0,bfb29762-cbb4-532e-a82f-54808c7e209d,6,3,Roving,NULL,6
b0b7c41e-1471-50c5-b0fa-6b99581c2fd9,2026-09-08T00:00:00,2026-09-08T00:00:00,0,bfb29762-cbb4-532e-a82f-54808c7e209d,7,3,Subclass feature,NULL,7
4bfe7243-aa67-5a6a-a484-c91edbd5cfb7,2026-09-08T00:00:00,2026-09-08T00:00:00,0,bfb29762-cbb4-532e-a82f-54808c7e209d,8,3,Ability Score Improvement,NULL,7
a76db026-6ef1-54f6-b68f-17baabc51615,2026-09-08T00:00:00,2026-09-08T00:00:00,0,bfb29762-cbb4-532e-a82f-54808c7e209d,9,4,Expertise,NULL,9
4360fb43-6fc7-528d-bea4-9c72498f317f,2026-09-08T00:00:00,2026-09-08T00:00:00,0,bfb29762-cbb4-532e-a82f-54808c7e209d,10,4,Tireless,NULL,9
440da70d-dc3c-5e13-9021-b8bcd0495195,2026-09-08T00:00:00,2026-09-08T00:00:00,0,bfb29762-cbb4-532e-a82f-54808c7e209d,11,4,Subclass feature,NULL,10
29ffb1e8-a451-51e1-a796-cabb36a785de,2026-09-08T00:00:00,2026-09-08T00:00:00,0,bfb29762-cbb4-532e-a82f-54808c7e209d,12,4,Ability Score Improvement,NULL,10
d41a6341-3afd-5fc9-87fc-b76791ca816e,2026-09-08T00:00:00,2026-09-08T00:00:00,0,bfb29762-cbb4-532e-a82f-54808c7e209d,13,5,Relentless Hunter,NULL,11
581d5c25-89d6-5b5e-8671-ee92819caa15,2026-09-08T00:00:00,2026-09-08T00:00:00,0,bfb29762-cbb4-532e-a82f-54808c7e209d,14,5,Nature's Veil,NULL,11
e3b3dd3b-8559-5c15-a7e8-c81a7e5521f5,2026-09-08T00:00:00,2026-09-08T00:00:00,0,bfb29762-cbb4-532e-a82f-54808c7e209d,15,5,Subclass feature,NULL,12
e18b7fa3-c40b-5657-a005-1f6b9c1dba55,2026-09-08T00:00:00,2026-09-08T00:00:00,0,bfb29762-cbb4-532e-a82f-54808c7e209d,16,5,Ability Score Improvement,NULL,12
8e00facc-02ec-5632-88af-3ffcb91d5dd6,2026-09-08T00:00:00,2026-09-08T00:00:00,0,bfb29762-cbb4-532e-a82f-54808c7e209d,17,6,Precise Hunter,NULL,14
e2b9aa26-08e5-538c-98e2-cbd5a211d831,2026-09-08T00:00:00,2026-09-08T00:00:00,0,bfb29762-cbb4-532e-a82f-54808c7e209d,18,6,Feral Senses,NULL,14
2581d3b1-dae7-55c7-9dac-f7bdeac3ea19,2026-09-08T00:00:00,2026-09-08T00:00:00,0,bfb29762-cbb4-532e-a82f-54808c7e209d,19,6,Epic Boon,NULL,15
91018bfe-8386-57fb-8d24-305cc3804823,2026-09-08T00:00:00,2026-09-08T00:00:00,0,bfb29762-cbb4-532e-a82f-54808c7e209d,20,6,Foe Slayer,NULL,15
fa2d7ead-9189-587f-b407-aeb81b92638a,2026-09-08T00:00:00,2026-09-08T00:00:00,0,12b7133c-16a4-5974-93f6-f5a3b65bd670,1,2,"Expertise, Sneak Attack, Thieves' Cant, Weapon Mastery",NULL,NULL
9a4de8e7-9883-5120-9b1b-26a2e73f6456,2026-09-08T00:00:00,2026-09-08T00:00:00,0,12b7133c-16a4-5974-93f6-f5a3b65bd670,2,2,Cunning Action,NULL,NULL
eb28cc7e-e24d-5057-a889-6d2595edb8e3,2026-09-08T00:00:00,2026-09-08T00:00:00,0,12b7133c-16a4-5974-93f6-f5a3b65bd670,3,2,"Rogue Subclass, Steady Aim",NULL,NULL
7f989448-dadd-598d-a0e1-e7225e572279,2026-09-08T00:00:00,2026-09-08T00:00:00,0,12b7133c-16a4-5974-93f6-f5a3b65bd670,4,2,Ability Score Improvement,NULL,NULL
734b23f5-0a15-5da2-bf2b-e08fdd6dee85,2026-09-08T00:00:00,2026-09-08T00:00:00,0,12b7133c-16a4-5974-93f6-f5a3b65bd670,5,3,"Cunning Strike, Uncanny Dodge",NULL,NULL
e0f8cfe0-ebe1-52c9-95b0-32d4f3011f88,2026-09-08T00:00:00,2026-09-08T00:00:00,0,12b7133c-16a4-5974-93f6-f5a3b65bd670,6,3,Expertise,NULL,NULL
b0502475-7003-5e13-88a5-b17842f8f2f1,2026-09-08T00:00:00,2026-09-08T00:00:00,0,12b7133c-16a4-5974-93f6-f5a3b65bd670,7,3,"Evasion, Reliable Talent",NULL,NULL
f750ebbb-698f-5207-b020-e6c1730aabc7,2026-09-08T00:00:00,2026-09-08T00:00:00,0,12b7133c-16a4-5974-93f6-f5a3b65bd670,8,3,Ability Score Improvement,NULL,NULL
f5b27bb5-0632-5ff7-b0bc-95a10b725c58,2026-09-08T00:00:00,2026-09-08T00:00:00,0,12b7133c-16a4-5974-93f6-f5a3b65bd670,9,4,Subclass feature,NULL,NULL
e472ab0e-aa88-5907-a711-dd249fe7fe47,2026-09-08T00:00:00,2026-09-08T00:00:00,0,12b7133c-16a4-5974-93f6-f5a3b65bd670,10,4,Ability Score Improvement,NULL,NULL
d230408c-08f5-5b3b-a8b8-1d5ddd84d980,2026-09-08T00:00:00,2026-09-08T00:00:00,0,12b7133c-16a4-5974-93f6-f5a3b65bd670,11,4,Improved Cunning Strike,NULL,NULL
6a61585c-4828-5e90-b3e6-c8c9e10b3dc8,2026-09-08T00:00:00,2026-09-08T00:00:00,0,12b7133c-16a4-5974-93f6-f5a3b65bd670,12,4,Ability Score Improvement,NULL,NULL
6a9c4d4b-65d6-5b66-9dac-db59be48a12e,2026-09-08T00:00:00,2026-09-08T00:00:00,0,12b7133c-16a4-5974-93f6-f5a3b65bd670,13,5,Subclass feature,NULL,NULL
ca00acde-2c6b-59cb-bb91-06509166df23,2026-09-08T00:00:00,2026-09-08T00:00:00,0,12b7133c-16a4-5974-93f6-f5a3b65bd670,14,5,Devious Strikes,NULL,NULL
96eb8873-edbd-56ca-91c2-c299f8bb09a3,2026-09-08T00:00:00,2026-09-08T00:00:00,0,12b7133c-16a4-5974-93f6-f5a3b65bd670,15,5,Slippery Mind,NULL,NULL
9728d44a-709f-58f5-ac34-2e4e624fdf1a,2026-09-08T00:00:00,2026-09-08T00:00:00,0,12b7133c-16a4-5974-93f6-f5a3b65bd670,16,5,Ability Score Improvement,NULL,NULL
26781b7d-956e-5d37-8286-092eb5d621b0,2026-09-08T00:00:00,2026-09-08T00:00:00,0,12b7133c-16a4-5974-93f6-f5a3b65bd670,17,6,Subclass feature,NULL,NULL
4ce3a541-0467-5dca-83b2-8ffe6fbffb19,2026-09-08T00:00:00,2026-09-08T00:00:00,0,12b7133c-16a4-5974-93f6-f5a3b65bd670,18,6,Elusive,NULL,NULL
49389a5e-f121-5d21-896d-32e9340dc353,2026-09-08T00:00:00,2026-09-08T00:00:00,0,12b7133c-16a4-5974-93f6-f5a3b65bd670,19,6,Epic Boon,NULL,NULL
7619a2f2-9e03-504e-a04c-17176bf4de25,2026-09-08T00:00:00,2026-09-08T00:00:00,0,12b7133c-16a4-5974-93f6-f5a3b65bd670,20,6,Stroke of Luck,NULL,NULL
e1288b35-2245-5fec-9f5b-64fd21ef5eb8,2026-09-08T00:00:00,2026-09-08T00:00:00,0,d8f1aa54-e1c7-55f0-9436-1da48a0ba8be,1,2,"Spellcasting, Innate Sorcery",4,2
890a1481-47f5-5d50-8ccc-b8723766c6f7,2026-09-08T00:00:00,2026-09-08T00:00:00,0,d8f1aa54-e1c7-55f0-9436-1da48a0ba8be,2,2,"Font of Magic, Metamagic",4,4
e2c3668e-7b22-54e1-8c49-323f5416bb0b,2026-09-08T00:00:00,2026-09-08T00:00:00,0,d8f1aa54-e1c7-55f0-9436-1da48a0ba8be,3,2,Sorcerer Subclass,4,6
73221887-bc41-5b6c-9e86-f356bb06bb2a,2026-09-08T00:00:00,2026-09-08T00:00:00,0,d8f1aa54-e1c7-55f0-9436-1da48a0ba8be,4,2,Ability Score Improvement,5,7
f9252cf9-757d-5309-be7a-9822a9a03faf,2026-09-08T00:00:00,2026-09-08T00:00:00,0,d8f1aa54-e1c7-55f0-9436-1da48a0ba8be,5,3,Sorcerous Restoration,5,9
e0d78807-a285-5ae2-9f75-77b05a256e6f,2026-09-08T00:00:00,2026-09-08T00:00:00,0,d8f1aa54-e1c7-55f0-9436-1da48a0ba8be,6,3,Subclass feature,5,10
9984dd7d-d8a1-5413-bf7c-7c0e42770a6e,2026-09-08T00:00:00,2026-09-08T00:00:00,0,d8f1aa54-e1c7-55f0-9436-1da48a0ba8be,7,3,Sorcery Incarnate,5,11
77c7d1c0-3d7d-5504-9916-5d56912329e5,2026-09-08T00:00:00,2026-09-08T00:00:00,0,d8f1aa54-e1c7-55f0-9436-1da48a0ba8be,8,3,Ability Score Improvement,5,12
dbe39f37-7f03-51fc-8b8a-1a5159ad4979,2026-09-08T00:00:00,2026-09-08T00:00:00,0,d8f1aa54-e1c7-55f0-9436-1da48a0ba8be,9,4,—,5,14
8bc0b489-f717-5daa-9333-bf9691a00af5,2026-09-08T00:00:00,2026-09-08T00:00:00,0,d8f1aa54-e1c7-55f0-9436-1da48a0ba8be,10,4,Metamagic,6,15
ed6f9c91-a6cc-52ce-af2e-5a2857f8c81d,2026-09-08T00:00:00,2026-09-08T00:00:00,0,d8f1aa54-e1c7-55f0-9436-1da48a0ba8be,11,4,—,6,16
b946dfa2-99be-59b9-9097-814d6503869d,2026-09-08T00:00:00,2026-09-08T00:00:00,0,d8f1aa54-e1c7-55f0-9436-1da48a0ba8be,12,4,Ability Score Improvement,6,16
b808b410-0eef-5f4e-90bc-2f2dc388ac26,2026-09-08T00:00:00,2026-09-08T00:00:00,0,d8f1aa54-e1c7-55f0-9436-1da48a0ba8be,13,5,—,6,17
3b125f44-99ed-575f-9217-a4057da3095a,2026-09-08T00:00:00,2026-09-08T00:00:00,0,d8f1aa54-e1c7-55f0-9436-1da48a0ba8be,14,5,Subclass feature,6,17
d83cbcad-76a6-5942-8740-8b44e3a31a1b,2026-09-08T00:00:00,2026-09-08T00:00:00,0,d8f1aa54-e1c7-55f0-9436-1da48a0ba8be,15,5,—,6,18
a6de694e-aae7-5900-9005-4d2edeb2dd69,2026-09-08T00:00:00,2026-09-08T00:00:00,0,d8f1aa54-e1c7-55f0-9436-1da48a0ba8be,16,5,Ability Score Improvement,6,18
7aa2d56c-2749-5878-9154-aa53456bbd29,2026-09-08T00:00:00,2026-09-08T00:00:00,0,d8f1aa54-e1c7-55f0-9436-1da48a0ba8be,17,6,Metamagic,6,19
46857fb4-9238-52b2-a70e-be0ff6bc3678,2026-09-08T00:00:00,2026-09-08T00:00:00,0,d8f1aa54-e1c7-55f0-9436-1da48a0ba8be,18,6,Subclass feature,6,20
d0da73cf-7758-505d-85b3-2153a6ce57b0,2026-09-08T00:00:00,2026-09-08T00:00:00,0,d8f1aa54-e1c7-55f0-9436-1da48a0ba8be,19,6,Epic Boon,6,21
2c968a36-ecc0-5c02-b587-26ef32940966,2026-09-08T00:00:00,2026-09-08T00:00:00,0,d8f1aa54-e1c7-55f0-9436-1da48a0ba8be,20,6,Arcane Apotheosis,6,22
2a7caf50-db26-5eee-aa0d-a24504079797,2026-09-08T00:00:00,2026-09-08T00:00:00,0,d5dabf61-a3cb-5dde-a75e-9667de1e6294,1,2,"Eldritch Invocations, Pact Magic",2,2
aed78afc-b018-561d-b3c3-3131ef0b3691,2026-09-08T00:00:00,2026-09-08T00:00:00,0,d5dabf61-a3cb-5dde-a75e-9667de1e6294,2,2,Magical Cunning,2,3
cb09831c-d328-5c8a-8fd6-36f031e08fe7,2026-09-08T00:00:00,2026-09-08T00:00:00,0,d5dabf61-a3cb-5dde-a75e-9667de1e6294,3,2,Warlock Subclass,2,4
248ac4d8-6feb-5a91-a936-4a937896dbb0,2026-09-08T00:00:00,2026-09-08T00:00:00,0,d5dabf61-a3cb-5dde-a75e-9667de1e6294,4,2,Ability Score Improvement,3,5
bcdad4db-f74b-5e2a-9ca0-5fbdee04130b,2026-09-08T00:00:00,2026-09-08T00:00:00,0,d5dabf61-a3cb-5dde-a75e-9667de1e6294,5,3,—,3,6
ff738df9-8aa3-5131-9a35-440c7242cefd,2026-09-08T00:00:00,2026-09-08T00:00:00,0,d5dabf61-a3cb-5dde-a75e-9667de1e6294,6,3,Subclass feature,3,7
88e2995a-c7f2-5ae5-a09c-e4e8bff81d31,2026-09-08T00:00:00,2026-09-08T00:00:00,0,d5dabf61-a3cb-5dde-a75e-9667de1e6294,7,3,—,3,8
2fbb9345-4731-5deb-ae1a-c8bc5fae1335,2026-09-08T00:00:00,2026-09-08T00:00:00,0,d5dabf61-a3cb-5dde-a75e-9667de1e6294,8,3,Ability Score Improvement,3,9
0c9bf673-54ca-586f-9bcc-663418c336da,2026-09-08T00:00:00,2026-09-08T00:00:00,0,d5dabf61-a3cb-5dde-a75e-9667de1e6294,9,4,Contact Patron,3,10
7ebe60b3-6f21-5167-8eac-5d7448fd0c8c,2026-09-08T00:00:00,2026-09-08T00:00:00,0,d5dabf61-a3cb-5dde-a75e-9667de1e6294,10,4,Subclass feature,4,10
5a8518b5-7a04-57d1-b53e-45480906ce0d,2026-09-08T00:00:00,2026-09-08T00:00:00,0,d5dabf61-a3cb-5dde-a75e-9667de1e6294,11,4,Mystic Arcanum (level 6 spell),4,11
0f1e5c3b-5e7b-5205-84ef-5c705a657b53,2026-09-08T00:00:00,2026-09-08T00:00:00,0,d5dabf61-a3cb-5dde-a75e-9667de1e6294,12,4,Ability Score Improvement,4,11
f3b7abd8-da52-5c66-96cf-0986ef061122,2026-09-08T00:00:00,2026-09-08T00:00:00,0,d5dabf61-a3cb-5dde-a75e-9667de1e6294,13,5,Mystic Arcanum (level 7 spell),4,12
53a58ff0-2e47-5760-8ca4-23d040b6f293,2026-09-08T00:00:00,2026-09-08T00:00:00,0,d5dabf61-a3cb-5dde-a75e-9667de1e6294,14,5,Subclass feature,4,12
d0adead9-7e79-53e1-ae5c-edb4ba779203,2026-09-08T00:00:00,2026-09-08T00:00:00,0,d5dabf61-a3cb-5dde-a75e-9667de1e6294,15,5,Mystic Arcanum (level 8 spell),4,13
fdaf606c-a1fc-54b0-a6ac-29d146a543b5,2026-09-08T00:00:00,2026-09-08T00:00:00,0,d5dabf61-a3cb-5dde-a75e-9667de1e6294,16,5,Ability Score Improvement,4,13
aab1c18c-af00-5e29-b016-089894846a9e,2026-09-08T00:00:00,2026-09-08T00:00:00,0,d5dabf61-a3cb-5dde-a75e-9667de1e6294,17,6,Mystic Arcanum (level 9 spell),4,14
93152de4-c693-534f-a3f7-bb8e1cd92cac,2026-09-08T00:00:00,2026-09-08T00:00:00,0,d5dabf61-a3cb-5dde-a75e-9667de1e6294,18,6,—,4,14
05374b86-5d33-54eb-b9dd-d823e596d585,2026-09-08T00:00:00,2026-09-08T00:00:00,0,d5dabf61-a3cb-5dde-a75e-9667de1e6294,19,6,Epic Boon,4,15
7370cf9c-09bc-5696-b1ce-a2af23fa5a37,2026-09-08T00:00:00,2026-09-08T00:00:00,0,d5dabf61-a3cb-5dde-a75e-9667de1e6294,20,6,Eldritch Master,4,15
c9a3465f-1955-57b8-9868-e56a3743ded0,2026-09-08T00:00:00,2026-09-08T00:00:00,0,809eb721-f97d-511f-8874-9bfe81c64628,1,2,"Spellcasting, Ritual Adept, Arcane Recovery",3,4
8d9ee172-1610-5ca7-929e-8a6919ca9741,2026-09-08T00:00:00,2026-09-08T00:00:00,0,809eb721-f97d-511f-8874-9bfe81c64628,2,2,Scholar,3,5
96a96b10-0eff-5192-bfba-cb3a515aa264,2026-09-08T00:00:00,2026-09-08T00:00:00,0,809eb721-f97d-511f-8874-9bfe81c64628,3,2,Wizard Subclass,3,6
c3a7f268-7c2f-52cf-b38f-0df4feea1641,2026-09-08T00:00:00,2026-09-08T00:00:00,0,809eb721-f97d-511f-8874-9bfe81c64628,4,2,Ability Score Improvement,4,7
e2e11ec1-fbd4-5b19-aab5-66400e7454a3,2026-09-08T00:00:00,2026-09-08T00:00:00,0,809eb721-f97d-511f-8874-9bfe81c64628,5,3,Memorize Spell,4,9
29e776ce-e1da-5f70-99a6-301589536339,2026-09-08T00:00:00,2026-09-08T00:00:00,0,809eb721-f97d-511f-8874-9bfe81c64628,6,3,Subclass feature,4,10
8cbb31b7-79e9-5270-ad11-e95e43f735ed,2026-09-08T00:00:00,2026-09-08T00:00:00,0,809eb721-f97d-511f-8874-9bfe81c64628,7,3,—,4,11
6f0584a4-04c8-5f9d-a6ad-8e0652b3c39b,2026-09-08T00:00:00,2026-09-08T00:00:00,0,809eb721-f97d-511f-8874-9bfe81c64628,8,3,Ability Score Improvement,4,12
0f8e5249-add6-55d2-a294-e5fff6469f6d,2026-09-08T00:00:00,2026-09-08T00:00:00,0,809eb721-f97d-511f-8874-9bfe81c64628,9,4,—,4,14
7ddc6800-2b0e-54ed-a61b-c741a8ae3654,2026-09-08T00:00:00,2026-09-08T00:00:00,0,809eb721-f97d-511f-8874-9bfe81c64628,10,4,Subclass feature,5,15
87e48411-e75b-5288-84b6-69b2f4682e60,2026-09-08T00:00:00,2026-09-08T00:00:00,0,809eb721-f97d-511f-8874-9bfe81c64628,11,4,—,5,16
9ca93233-9dbb-5df0-a217-55904d7bcdfe,2026-09-08T00:00:00,2026-09-08T00:00:00,0,809eb721-f97d-511f-8874-9bfe81c64628,12,4,Ability Score Improvement,5,16
548b4491-b2ae-55c4-8830-13b5762f81af,2026-09-08T00:00:00,2026-09-08T00:00:00,0,809eb721-f97d-511f-8874-9bfe81c64628,13,5,—,5,17
f19279f5-02ea-5e3e-92a4-83df9311221c,2026-09-08T00:00:00,2026-09-08T00:00:00,0,809eb721-f97d-511f-8874-9bfe81c64628,14,5,Subclass feature,5,18
418d0565-a7ca-561f-a880-02b121fc6923,2026-09-08T00:00:00,2026-09-08T00:00:00,0,809eb721-f97d-511f-8874-9bfe81c64628,15,5,—,5,19
49880b4a-5ee7-5e7e-98af-127eda7c8f18,2026-09-08T00:00:00,2026-09-08T00:00:00,0,809eb721-f97d-511f-8874-9bfe81c64628,16,5,Ability Score Improvement,5,21
498af105-825a-557a-996a-49b895452d31,2026-09-08T00:00:00,2026-09-08T00:00:00,0,809eb721-f97d-511f-8874-9bfe81c64628,17,6,—,5,22
44382a23-607c-5f1f-aba7-5a67cf7df30a,2026-09-08T00:00:00,2026-09-08T00:00:00,0,809eb721-f97d-511f-8874-9bfe81c64628,18,6,Spell Mastery,5,23
b2e87764-229b-54a9-8645-408680dbe687,2026-09-08T00:00:00,2026-09-08T00:00:00,0,809eb721-f97d-511f-8874-9bfe81c64628,19,6,Epic Boon,5,24
a6dab4b1-de2c-5a75-b991-44a20bf4fc21,2026-09-08T00:00:00,2026-09-08T00:00:00,0,809eb721-f97d-511f-8874-9bfe81c64628,20,6,Signature Spells,5,25
