vocation_level_id,slot_level,slots
eb39c678-1da1-5e8c-a2aa-c4da3b5e1843,1,2
a0bedbb9-077d-56db-8826-0029319d5aae,1,3
6571c017-16f6-591d-ab3d-5d56f9447ccc,1,4
6571c017-16f6-591d-ab3d-5d56f9447ccc,2,2
3ab7fb39-f884-5355-8e88-34994e0c7a26,1,4
3ab7fb39-f884-5355-8e88-34994e0c7a26,2,3
9901b34e-d17c-5997-bf0c-fedab7532411,1,4
9901b34e-d17c-5997-bf0c-fedab7532411,2,3
9901b34e-d17c-5997-bf0c-fedab7532411,3,2
cb6ee7eb-1757-5803-88ff-25497e6d9dcf,1,4
cb6ee7eb-1757-5803-88ff-25497e6d9dcf,2,3
cb6ee7eb-1757-5803-88ff-25497e6d9dcf,3,3
56a3aa32-e1c9-58ec-ad58-cde5944d1d5c,1,4
56a3aa32-e1c9-58ec-ad58-cde5944d1d5c,2,3
56a3aa32-e1c9-58ec-ad58-cde5944d1d5c,3,3
56a3aa32-e1c9-58ec-ad58-cde5944d1d5c,4,1
f635f5df-0d67-52dd-bc29-480a65375b87,1,4
f635f5df-0d67-52dd-bc29-480a65375b87,2,3
f635f5df-0d67-52dd-bc29-480a65375b87,3,3
f635f5df-0d67-52dd-bc29-480a65375b87,4,2
c2e1bdb4-863b-5379-a36e-e55f2e355f7b,1,4
c2e1bdb4-863b-5379-a36e-e55f2e355f7b,2,3
c2e1bdb4-863b-5379-a36e-e55f2e355f7b,3,3
c2e1bdb4-863b-5379-a36e-e55f2e355f7b,4,3
c2e1bdb4-863b-5379-a36e-e55f2e355f7b,5,1
703f9b13-582c-5f50-907f-d2121456c818,1,4
703f9b13-582c-5f50-907f-d2121456c818,2,3
703f9b13-582c-5f50-907f-d2121456c818,3,3
703f9b13-582c-5f50-907f-d2121456c818,4,3
703f9b13-582c-5f50-907f-d2121456c818,5,2
52381576-54f3-5c95-bfe6-dd94a1e92b7c,1,4
52381576-54f3-5c95-bfe6-dd94a1e92b7c,2,3
52381576-54f3-5c95-bfe6-dd94a1e92b7c,3,3
52381576-54f3-5c95-bfe6-dd94a1e92b7c,4,3
52381576-54f3-5c95-bfe6-dd94a1e92b7c,5,2
52381576-54f3-5c95-bfe6-dd94a1e92b7c,6,1
cfa61772-6a64-54ac-85e0-dbcb27b6a6ef,1,4
cfa61772-6a64-54ac-85e0-dbcb27b6a6ef,2,3
cfa61772-6a64-54ac-85e0-dbcb27b6a6ef,3,3
cfa61772-6a64-54ac-85e0-dbcb27b6a6ef,4,3
cfa61772-6a64-54ac-85e0-dbcb27b6a6ef,5,2
cfa61772-6a64-54ac-85e0-dbcb27b6a6ef,6,1
bc4f2575-b592-552c-b0eb-0e65174788ca,1,4
bc4f2575-b592-552c-b0eb-0e65174788ca,2,3
bc4f2575-b592-552c-b0eb-0e65174788ca,3,3
bc4f2575-b592-552c-b0eb-0e65174788ca,4,3
bc4f2575-b592-552c-b0eb-0e65174788ca,5,2
bc4f2575-b592-552c-b0eb-0e65174788ca,6,1
bc4f2575-b592-552c-b0eb-0e65174788ca,7,1
bc72b009-b21d-5498-ae61-d20c67900b5e,1,4
bc72b009-b21d-5498-ae61-d20c67900b5e,2,3
bc72b009-b21d-5498-ae61-d20c67900b5e,3,3
bc72b009-b21d-5498-ae61-d20c67900b5e,4,3
bc72b009-b21d-5498-ae61-d20c67900b5e,5,2
bc72b009-b21d-5498-ae61-d20c67900b5e,6,1
bc72b009-b21d-5498-ae61-d20c67900b5e,7,1
5b97f45d-8d2f-5163-aae3-06426d21139f,1,4
5b97f45d-8d2f-5163-aae3-06426d21139f,2,3
5b97f45d-8d2f-5163-aae3-06426d21139f,3,3
5b97f45d-8d2f-5163-aae3-06426d21139f,4,3
5b97f45d-8d2f-5163-aae3-06426d21139f,5,2
5b97f45d-8d2f-5163-aae3-06426d21139f,6,1
5b97f45d-8d2f-5163-aae3-06426d21139f,7,1
5b97f45d-8d2f-5163-aae3-06426d21139f,8,1
0861faeb-71e5-5801-8f60-c58b2dab6cac,1,4
0861faeb-71e5-5801-8f60-c58b2dab6cac,2,3
0861faeb-71e5-5801-8f60-c58b2dab6cac,3,3
0861faeb-71e5-5801-8f60-c58b2dab6cac,4,3
0861faeb-71e5-5801-8f60-c58b2dab6cac,5,2
0861faeb-71e5-5801-8f60-c58b2dab6cac,6,1
0861faeb-71e5-5801-8f60-c58b2dab6cac,7,1
0861faeb-71e5-5801-8f60-c58b2dab6cac,8,1
25c6189d-c2e6-501a-9fb1-fc1724905e3f,1,4
25c6189d-c2e6-501a-9fb1-fc1724905e3f,2,3
25c6189d-c2e6-501a-9fb1-fc1724905e3f,3,3
25c6189d-c2e6-501a-9fb1-fc1724905e3f,4,3
25c6189d-c2e6-501a-9fb1-fc1724905e3f,5,2
25c6189d-c2e6-501a-9fb1-fc1724905e3f,6,1
25c6189d-c2e6-501a-9fb1-fc1724905e3f,7,1
25c6189d-c2e6-501a-9fb1-fc1724905e3f,8,1
25c6189d-c2e6-501a-9fb1-fc1724905e3f,9,1
fbb666d2-58f1-563f-98fa-8a9f50550d84,1,4
fbb666d2-58f1-563f-98fa-8a9f50550d84,2,3
fbb666d2-58f1-563f-98fa-8a9f50550d84,3,3
fbb666d2-58f1-563f-98fa-8a9f50550d84,4,3
fbb666d2-58f1-563f-98fa-8a9f50550d84,5,3
fbb666d2-58f1-563f-98fa-8a9f50550d84,6,1
fbb666d2-58f1-563f-98fa-8a9f50550d84,7,1
fbb666d2-58f1-563f-98fa-8a9f50550d84,8,1
fbb666d2-58f1-563f-98fa-8a9f50550d84,9,1
c03dba2c-8001-547d-bf33-dfa5004668d6,1,4
c03dba2c-8001-547d-bf33-dfa5004668d6,2,3
c03dba2c-8001-547d-bf33-dfa5004668d6,3,3
c03dba2c-8001-547d-bf33-dfa5004668d6,4,3
c03dba2c-8001-547d-bf33-dfa5004668d6,5,3
c03dba2c-8001-547d-bf33-dfa5004668d6,6,2
c03dba2c-8001-547d-bf33-dfa5004668d6,7,1
c03dba2c-8001-547d-bf33-dfa5004668d6,8,1
c03dba2c-8001-547d-bf33-dfa5004668d6,9,1
0f9aabab-ad06-5728-9848-b650fdad3211,1,4
0f9aabab-ad06-5728-9848-b650fdad3211,2,3
0f9aabab-ad06-5728-9848-b650fdad3211,3,3
0f9aabab-ad06-5728-9848-b650fdad3211,4,3
0f9aabab-ad06-5728-9848-b650fdad3211,5,3
0f9aabab-ad06-5728-9848-b650fdad3211,6,2
0f9aabab-ad06-5728-9848-b650fdad3211,7,2
0f9aabab-ad06-5728-9848-b650fdad3211,8,1
0f9aabab-ad06-5728-9848-b650fdad3211,9,1
6ed82a13-3abe-51bc-877c-0c1b4ece4dcf,1,2
7aa7e251-4fe3-5cb6-b7f3-deb2399df611,1,3
74dc0bb0-db34-5436-a0ab-818488e79bf7,1,4
74dc0bb0-db34-5436-a0ab-818488e79bf7,2,2
438e2436-0acb-5e1e-9d16-890dbafb9a59,1,4
438e2436-0acb-5e1e-9d16-890dbafb9a59,2,3
75a54f1d-195a-5cf0-a216-28d2631479de,1,4
75a54f1d-195a-5cf0-a216-28d2631479de,2,3
75a54f1d-195a-5cf0-a216-28d2631479de,3,2
aa773698-5e9b-5e23-aaf6-ea18fa5831a4,1,4
aa773698-5e9b-5e23-aaf6-ea18fa5831a4,2,3
aa773698-5e9b-5e23-aaf6-ea18fa5831a4,3,3
59c994eb-fd3b-5dbf-8f38-8cd08d1c35cb,1,4
59c994eb-fd3b-5dbf-8f38-8cd08d1c35cb,2,3
59c994eb-fd3b-5dbf-8f38-8cd08d1c35cb,3,3
59c994eb-fd3b-5dbf-8f38-8cd08d1c35cb,4,1
9536335a-ebe8-567a-adf9-cb1ae2f9da8b,1,4
9536335a-ebe8-567a-adf9-cb1ae2f9da8b,2,3
9536335a-ebe8-567a-adf9-cb1ae2f9da8b,3,3
9536335a-ebe8-567a-adf9-cb1ae2f9da8b,4,2
4d592cb4-c32b-52ae-bb24-bc973b691a1d,1,4
4d592cb4-c32b-52ae-bb24-bc973b691a1d,2,3
4d592cb4-c32b-52ae-bb24-bc973b691a1d,3,3
4d592cb4-c32b-52ae-bb24-bc973b691a1d,4,3
4d592cb4-c32b-52ae-bb24-bc973b691a1d,5,1
057d9593-c218-5482-ac9f-452c301e52bb,1,4
057d9593-c218-5482-ac9f-452c301e52bb,2,3
057d9593-c218-5482-ac9f-452c301e52bb,3,3
057d9593-c218-5482-ac9f-452c301e52bb,4,3
057d9593-c218-5482-ac9f-452c301e52bb,5,2
eeab5684-d859-559a-856f-ca9d526cc197,1,4
eeab5684-d859-559a-856f-ca9d526cc197,2,3
eeab5684-d859-559a-856f-ca9d526cc197,3,3
eeab5684-d859-559a-856f-ca9d526cc197,4,3
eeab5684-d859-559a-856f-ca9d526cc197,5,2
eeab5684-d859-559a-856f-ca9d526cc197,6,1
9ffbbab9-9bd6-5b43-ad32-339545b281a5,1,4
9ffbbab9-9bd6-5b43-ad32-339545b281a5,2,3
9ffbbab9-9bd6-5b43-ad32-339545b281a5,3,3
9ffbbab9-9bd6-5b43-ad32-339545b281a5,4,3
9ffbbab9-9bd6-5b43-ad32-339545b281a5,5,2
9ffbbab9-9bd6-5b43-ad32-339545b281a5,6,1
ee4556d6-34a6-5afd-887a-abcbe8bb40b1,1,4
ee4556d6-34a6-5afd-887a-abcbe8bb40b1,2,3
ee4556d6-34a6-5afd-887a-abcbe8bb40b1,3,3
ee4556d6-34a6-5afd-887a-abcbe8bb40b1,4,3
ee4556d6-34a6-5afd-887a-abcbe8bb40b1,5,2
ee4556d6-34a6-5afd-887a-abcbe8bb40b1,6,1
ee4556d6-34a6-5afd-887a-abcbe8bb40b1,7,1
3c214a13-d53d-5cea-8617-9fe61abfece2,1,4
3c214a13-d53d-5cea-8617-9fe61abfece2,2,3
3c214a13-d53d-5cea-8617-9fe61abfece2,3,3
3c214a13-d53d-5cea-8617-9fe61abfece2,4,3
3c214a13-d53d-5cea-8617-9fe61abfece2,5,2
3c214a13-d53d-5cea-8617-9fe61abfece2,6,1
3c214a13-d53d-5cea-8617-9fe61abfece2,7,1
a4ad2c3e-b21b-5443-b738-51e71502f272,1,4
a4ad2c3e-b21b-5443-b738-51e71502f272,2,3
a4ad2c3e-b21b-5443-b738-51e71502f272,3,3
a4ad2c3e-b21b-5443-b738-51e71502f272,4,3
a4ad2c3e-b21b-5443-b738-51e71502f272,5,2
a4ad2c3e-b21b-5443-b738-51e71502f272,6,1
a4ad2c3e-b21b-5443-b738-51e71502f272,7,1
a4ad2c3e-b21b-5443-b738-51e71502f272,8,1
d43d11eb-9650-5d57-8e8c-016a5e5a5cc0,1,4
d43d11eb-9650-5d57-8e8c-016a5e5a5cc0,2,3
d43d11eb-9650-5d57-8e8c-016a5e5a5cc0,3,3
d43d11eb-9650-5d57-8e8c-016a5e5a5cc0,4,3
d43d11eb-9650-5d57-8e8c-016a5e5a5cc0,5,2
d43d11eb-9650-5d57-8e8c-016a5e5a5cc0,6,1
d43d11eb-9650-5d57-8e8c-016a5e5a5cc0,7,1
d43d11eb-9650-5d57-8e8c-016a5e5a5cc0,8,1
e4099e40-84e5-514d-9b44-593bd229def5,1,4
e4099e40-84e5-514d-9b44-593bd229def5,2,3
e4099e40-84e5-514d-9b44-593bd229def5,3,3
e4099e40-84e5-514d-9b44-593bd229def5,4,3
e4099e40-84e5-514d-9b44-593bd229def5,5,2
e4099e40-84e5-514d-9b44-593bd229def5,6,1
e4099e40-84e5-514d-9b44-593bd229def5,7,1
e4099e40-84e5-514d-9b44-593bd229def5,8,1
e4099e40-84e5-514d-9b44-593bd229def5,9,1
f644e23c-e01c-575a-ac99-f6fa352625d3,1,4
f644e23c-e01c-575a-ac99-f6fa352625d3,2,3
f644e23c-e01c-575a-ac99-f6fa352625d3,3,3
f644e23c-e01c-575a-ac99-f6fa352625d3,4,3
f644e23c-e01c-575a-ac99-f6fa352625d3,5,3
f644e23c-e01c-575a-ac99-f6fa352625d3,6,1
f644e23c-e01c-575a-ac99-f6fa352625d3,7,1
f644e23c-e01c-575a-ac99-f6fa352625d3,8,1
f644e23c-e01c-575a-ac99-f6fa352625d3,9,1
c35caab7-2c95-592b-8d7c-ba0ad24fa335,1,4
c35caab7-2c95-592b-8d7c-ba0ad24fa335,2,3
c35caab7-2c95-592b-8d7c-ba0ad24fa335,3,3
c35caab7-2c95-592b-8d7c-ba0ad24fa335,4,3
c35caab7-2c95-592b-8d7c-ba0ad24fa335,5,3
c35caab7-2c95-592b-8d7c-ba0ad24fa335,6,2
c35caab7-2c95-592b-8d7c-ba0ad24fa335,7,1
c35caab7-2c95-592b-8d7c-ba0ad24fa335,8,1
c35caab7-2c95-592b-8d7c-ba0ad24fa335,9,1
a7bc1aa9-7644-5f72-8897-228b3f5362c8,1,4
a7bc1aa9-7644-5f72-8897-228b3f5362c8,2,3
a7bc1aa9-7644-5f72-8897-228b3f5362c8,3,3
a7bc1aa9-7644-5f72-8897-228b3f5362c8,4,3
a7bc1aa9-7644-5f72-8897-228b3f5362c8,5,3
a7bc1aa9-7644-5f72-8897-228b3f5362c8,6,2
a7bc1aa9-7644-5f72-8897-228b3f5362c8,7,2
a7bc1aa9-7644-5f72-8897-228b3f5362c8,8,1
a7bc1aa9-7644-5f72-8897-228b3f5362c8,9,1
0dd85643-57f4-59f2-afdb-6f54c18feecf,1,2
1dd332ec-6e4a-50c4-b0ff-f0421f5b48bf,1,3
82717577-dee8-5ea6-8f1b-436e27c7b6c4,1,4
82717577-dee8-5ea6-8f1b-436e27c7b6c4,2,2
cde1aa54-7fc8-5198-b6ea-d90de4de102f,1,4
cde1aa54-7fc8-5198-b6ea-d90de4de102f,2,3
1ec1b791-b21a-5a77-8691-0d2a2c43ca7c,1,4
1ec1b791-b21a-5a77-8691-0d2a2c43ca7c,2,3
1ec1b791-b21a-5a77-8691-0d2a2c43ca7c,3,2
f5b8d59a-7a1f-543f-aec6-95b31ca7a101,1,4
f5b8d59a-7a1f-543f-aec6-95b31ca7a101,2,3
f5b8d59a-7a1f-543f-aec6-95b31ca7a101,3,3
8e71e368-d223-5f62-ba28-82bbb78f020d,1,4
8e71e368-d223-5f62-ba28-82bbb78f020d,2,3
8e71e368-d223-5f62-ba28-82bbb78f020d,3,3
8e71e368-d223-5f62-ba28-82bbb78f020d,4,1
76834106-ae8e-5c15-bad6-3cd86ee612b0,1,4
76834106-ae8e-5c15-bad6-3cd86ee612b0,2,3
76834106-ae8e-5c15-bad6-3cd86ee612b0,3,3
76834106-ae8e-5c15-bad6-3cd86ee612b0,4,2
4415c846-97d5-5a75-8ec3-e9f4ccff3782,1,4
4415c846-97d5-5a75-8ec3-e9f4ccff3782,2,3
4415c846-97d5-5a75-8ec3-e9f4ccff3782,3,3
4415c846-97d5-5a75-8ec3-e9f4ccff3782,4,3
4415c846-97d5-5a75-8ec3-e9f4ccff3782,5,1
b4cb7c81-ced3-5484-8185-190e3cef7c80,1,4
b4cb7c81-ced3-5484-8185-190e3cef7c80,2,3
b4cb7c81-ced3-5484-8185-190e3cef7c80,3,3
b4cb7c81-ced3-5484-8185-190e3cef7c80,4,3
b4cb7c81-ced3-5484-8185-190e3cef7c80,5,2
7b4e4ce4-8b65-5c16-b6d7-75b90277b494,1,4
7b4e4ce4-8b65-5c16-b6d7-75b90277b494,2,3
7b4e4ce4-8b65-5c16-b6d7-75b90277b494,3,3
7b4e4ce4-8b65-5c16-b6d7-75b90277b494,4,3
7b4e4ce4-8b65-5c16-b6d7-75b90277b494,5,2
7b4e4ce4-8b65-5c16-b6d7-75b90277b494,6,1
4608c87d-ca7b-5d3b-b0be-d286bd40e673,1,4
4608c87d-ca7b-5d3b-b0be-d286bd40e673,2,3
4608c87d-ca7b-5d3b-b0be-d286bd40e673,3,3
4608c87d-ca7b-5d3b-b0be-d286bd40e673,4,3
4608c87d-ca7b-5d3b-b0be-d286bd40e673,5,2
4608c87d-ca7b-5d3b-b0be-d286bd40e673,6,1
66a9b9a1-8bb5-546c-bae2-ec978e0496f3,1,4
66a9b9a1-8bb5-546c-bae2-ec978e0496f3,2,3
66a9b9a1-8bb5-546c-bae2-ec978e0496f3,3,3
66a9b9a1-8bb5-546c-bae2-ec978e0496f3,4,3
66a9b9a1-8bb5-546c-bae2-ec978e0496f3,5,2
66a9b9a1-8bb5-546c-bae2-ec978e0496f3,6,1
66a9b9a1-8bb5-546c-bae2-ec978e0496f3,7,1
03fcd124-f7f1-5589-b9dd-aa9ba4752c67,1,4
03fcd124-f7f1-5589-b9dd-aa9ba4752c67,2,3
03fcd124-f7f1-5589-b9dd-aa9ba4752c67,3,3
03fcd124-f7f1-5589-b9dd-aa9ba4752c67,4,3
03fcd124-f7f1-5589-b9dd-aa9ba4752c67,5,2
03fcd124-f7f1-5589-b9dd-aa9ba4752c67,6,1
03fcd124-f7f1-5589-b9dd-aa9ba4752c67,7,1
1ad3dde9-0cf9-53a6-836c-f1a1d4d1f0dd,1,4
1ad3dde9-0cf9-53a6-836c-f1a1d4d1f0dd,2,3
1ad3dde9-0cf9-53a6-836c-f1a1d4d1f0dd,3,3
1ad3dde9-0cf9-53a6-836c-f1a1d4d1f0dd,4,3
1ad3dde9-0cf9-53a6-836c-f1a1d4d1f0dd,5,2
1ad3dde9-0cf9-53a6-836c-f1a1d4d1f0dd,6,1
1ad3dde9-0cf9-53a6-836c-f1a1d4d1f0dd,7,1
1ad3dde9-0cf9-53a6-836c-f1a1d4d1f0dd,8,1
fe6b2c02-9c45-5617-a281-aac0075c4fc6,1,4
fe6b2c02-9c45-5617-a281-aac0075c4fc6,2,3
fe6b2c02-9c45-5617-a281-aac0075c4fc6,3,3
fe6b2c02-9c45-5617-a281-aac0075c4fc6,4,3
fe6b2c02-9c45-5617-a281-aac0075c4fc6,5,2
fe6b2c02-9c45-5617-a281-aac0075c4fc6,6,1
fe6b2c02-9c45-5617-a281-aac0075c4fc6,7,1
fe6b2c02-9c45-5617-a281-aac0075c4fc6,8,1
b4592be4-5f99-58d8-a9d3-f642dcca50b2,1,4
b4592be4-5f99-58d8-a9d3-f642dcca50b2,2,3
b4592be4-5f99-58d8-a9d3-f642dcca50b2,3,3
b4592be4-5f99-58d8-a9d3-f642dcca50b2,4,3
b4592be4-5f99-58d8-a9d3-f642dcca50b2,5,2
b4592be4-5f99-58d8-a9d3-f642dcca50b2,6,1
b4592be4-5f99-58d8-a9d3-f642dcca50b2,7,1
b4592be4-5f99-58d8-a9d3-f642dcca50b2,8,1
b4592be4-5f99-58d8-a9d3-f642dcca50b2,9,1
5a0435b8-4ca6-5325-a335-5de3a17dcc0f,1,4
5a0435b8-4ca6-5325-a335-5de3a17dcc0f,2,3
5a0435b8-4ca6-5325-a335-5de3a17dcc0f,3,3
5a0435b8-4ca6-5325-a335-5de3a17dcc0f,4,3
5a0435b8-4ca6-5325-a335-5de3a17dcc0f,5,3
5a0435b8-4ca6-5325-a335-5de3a17dcc0f,6,1
5a0435b8-4ca6-5325-a335-5de3a17dcc0f,7,1
5a0435b8-4ca6-5325-a335-5de3a17dcc0f,8,1
5a0435b8-4ca6-5325-a335-5de3a17dcc0f,9,1
975cd75c-d746-5836-bb3a-d88f1673be2b,1,4
975cd75c-d746-5836-bb3a-d88f1673be2b,2,3
975cd75c-d746-5836-bb3a-d88f1673be2b,3,3
975cd75c-d746-5836-bb3a-d88f1673be2b,4,3
975cd75c-d746-5836-bb3a-d88f1673be2b,5,3
975cd75c-d746-5836-bb3a-d88f1673be2b,6,2
975cd75c-d746-5836-bb3a-d88f1673be2b,7,1
975cd75c-d746-5836-bb3a-d88f1673be2b,8,1
975cd75c-d746-5836-bb3a-d88f1673be2b,9,1
4992e6ef-505e-59ab-a69f-ea21e71c19ba,1,4
4992e6ef-505e-59ab-a69f-ea21e71c19ba,2,3
4992e6ef-505e-59ab-a69f-ea21e71c19ba,3,3
4992e6ef-505e-59ab-a69f-ea21e71c19ba,4,3
4992e6ef-505e-59ab-a69f-ea21e71c19ba,5,3
4992e6ef-505e-59ab-a69f-ea21e71c19ba,6,2
4992e6ef-505e-59ab-a69f-ea21e71c19ba,7,2
4992e6ef-505e-59ab-a69f-ea21e71c19ba,8,1
4992e6ef-505e-59ab-a69f-ea21e71c19ba,9,1
827385ae-314e-58ff-9c46-60ad9e1ba263,1,2
784bc568-c77f-53b7-9556-2f433ebf7221,1,2
d20c2427-4c34-5832-b5f7-74754b43d3ac,1,3
8a7461ea-0673-5bb9-b48e-7bc8073c803a,1,3
2dbf5c9d-8c92-5145-8e80-32c16c6fdf7f,1,4
2dbf5c9d-8c92-5145-8e80-32c16c6fdf7f,2,2
cf5af0d5-2fdb-5fdc-bf50-674efbed0d9f,1,4
cf5af0d5-2fdb-5fdc-bf50-674efbed0d9f,2,2
8f8aae77-afe8-549f-a21e-4662a3d90489,1,4
8f8aae77-afe8-549f-a21e-4662a3d90489,2,3
4b2329df-3f76-5140-a80c-2ab22ce3c8a2,1,4
4b2329df-3f76-5140-a80c-2ab22ce3c8a2,2,3
bb8dab8a-6045-50ce-b036-41d11ea2d0e5,1,4
bb8dab8a-6045-50ce-b036-41d11ea2d0e5,2,3
bb8dab8a-6045-50ce-b036-41d11ea2d0e5,3,2
173f8d37-2ebd-551b-8445-9bdc48095ba0,1,4
173f8d37-2ebd-551b-8445-9bdc48095ba0,2,3
173f8d37-2ebd-551b-8445-9bdc48095ba0,3,2
83945dd1-acca-576d-a831-32d4ca93b113,1,4
83945dd1-acca-576d-a831-32d4ca93b113,2,3
83945dd1-acca-576d-a831-32d4ca93b113,3,3
3280f903-0736-56db-b32a-db2729feedb4,1,4
3280f903-0736-56db-b32a-db2729feedb4,2,3
3280f903-0736-56db-b32a-db2729feedb4,3,3
f5bc04a6-1bd1-5a2b-bdf8-51c687bd4d81,1,4
f5bc04a6-1bd1-5a2b-bdf8-51c687bd4d81,2,3
f5bc04a6-1bd1-5a2b-bdf8-51c687bd4d81,3,3
f5bc04a6-1bd1-5a2b-bdf8-51c687bd4d81,4,1
5b391856-c2b4-5130-863e-29de8303417c,1,4
5b391856-c2b4-5130-863e-29de8303417c,2,3
5b391856-c2b4-5130-863e-29de8303417c,3,3
5b391856-c2b4-5130-863e-29de8303417c,4,1
ff1cd6b2-6ad5-56f9-9f67-cf531b2fcf6e,1,4
ff1cd6b2-6ad5-56f9-9f67-cf531b2fcf6e,2,3
ff1cd6b2-6ad5-56f9-9f67-cf531b2fcf6e,3,3
ff1cd6b2-6ad5-56f9-9f67-cf531b2fcf6e,4,2
7aafb6fe-c4a7-51cb-9588-9d7bf10856f8,1,4
7aafb6fe-c4a7-51cb-9588-9d7bf10856f8,2,3
7aafb6fe-c4a7-51cb-9588-9d7bf10856f8,3,3
7aafb6fe-c4a7-51cb-9588-9d7bf10856f8,4,2
bf77994e-c669-59ab-8a36-fbfd16349d84,1,4
bf77994e-c669-59ab-8a36-fbfd16349d84,2,3
bf77994e-c669-59ab-8a36-fbfd16349d84,3,3
bf77994e-c669-59ab-8a36-fbfd16349d84,4,3
bf77994e-c669-59ab-8a36-fbfd16349d84,5,1
1dcf0a06-81c2-57b4-854d-e54d5d7c0347,1,4
1dcf0a06-81c2-57b4-854d-e54d5d7c0347,2,3
1dcf0a06-81c2-57b4-854d-e54d5d7c0347,3,3
1dcf0a06-81c2-57b4-854d-e54d5d7c0347,4,3
1dcf0a06-81c2-57b4-854d-e54d5d7c0347,5,1
c7568d2d-2473-595e-83f5-64d9b3c09071,1,4
c7568d2d-2473-595e-83f5-64d9b3c09071,2,3
c7568d2d-2473-595e-83f5-64d9b3c09071,3,3
c7568d2d-2473-595e-83f5-64d9b3c09071,4,3
c7568d2d-2473-595e-83f5-64d9b3c09071,5,2
57a1b108-8692-5575-b2a4-4c80b9d0e2f1,1,4
57a1b108-8692-5575-b2a4-4c80b9d0e2f1,2,3
57a1b108-8692-5575-b2a4-4c80b9d0e2f1,3,3
57a1b108-8692-5575-b2a4-4c80b9d0e2f1,4,3
57a1b108-8692-5575-b2a4-4c80b9d0e2f1,5,2
a56f85a9-e11e-57f1-a4d6-683ca13d6d86,1,2
21d02c6a-a8cf-54ba-afdd-9013353c7060,1,2
fddaec75-7bf3-5a2e-bf92-d8f036e22ff2,1,3
6f611a7e-3e06-50e6-85dd-94137d462a88,1,3
534ddd99-e748-531b-87a7-c919d08256ef,1,4
534ddd99-e748-531b-87a7-c919d08256ef,2,2
756ef38d-1797-5ca2-a56f-3408fed329fc,1,4
756ef38d-1797-5ca2-a56f-3408fed329fc,2,2
b0b7c41e-1471-50c5-b0fa-6b99581c2fd9,1,4
b0b7c41e-1471-50c5-b0fa-6b99581c2fd9,2,3
4bfe7243-aa67-5a6a-a484-c91edbd5cfb7,1,4
4bfe7243-aa67-5a6a-a484-c91edbd5cfb7,2,3
a76db026-6ef1-54f6-b68f-17baabc51615,1,4
a76db026-6ef1-54f6-b68f-17baabc51615,2,3
a76db026-6ef1-54f6-b68f-17baabc51615,3,2
4360fb43-6fc7-528d-bea4-9c72498f317f,1,4
4360fb43-6fc7-528d-bea4-9c72498f317f,2,3
4360fb43-6fc7-528d-bea4-9c72498f317f,3,2
440da70d-dc3c-5e13-9021-b8bcd0495195,1,4
440da70d-dc3c-5e13-9021-b8bcd0495195,2,3
440da70d-dc3c-5e13-9021-b8bcd0495195,3,3
29ffb1e8-a451-51e1-a796-cabb36a785de,1,4
29ffb1e8-a451-51e1-a796-cabb36a785de,2,3
29ffb1e8-a451-51e1-a796-cabb36a785de,3,3
d41a6341-3afd-5fc9-87fc-b76791ca816e,1,4
d41a6341-3afd-5fc9-87fc-b76791ca816e,2,3
d41a6341-3afd-5fc9-87fc-b76791ca816e,3,3
d41a6341-3afd-5fc9-87fc-b76791ca816e,4,1
581d5c25-89d6-5b5e-8671-ee92819caa15,1,4
581d5c25-89d6-5b5e-8671-ee92819caa15,2,3
581d5c25-89d6-5b5e-8671-ee92819caa15,3,3
581d5c25-89d6-5b5e-8671-ee92819caa15,4,1
e3b3dd3b-8559-5c15-a7e8-c81a7e5521f5,1,4
e3b3dd3b-8559-5c15-a7e8-c81a7e5521f5,2,3
e3b3dd3b-8559-5c15-a7e8-c81a7e5521f5,3,3
e3b3dd3b-8559-5c15-a7e8-c81a7e5521f5,4,2
e18b7fa3-c40b-5657-a005-1f6b9c1dba55,1,4
e18b7fa3-c40b-5657-a005-1f6b9c1dba55,2,3
e18b7fa3-c40b-5657-a005-1f6b9c1dba55,3,3
e18b7fa3-c40b-5657-a005-1f6b9c1dba55,4,2
8e00facc-02ec-5632-88af-3ffcb91d5dd6,1,4
8e00facc-02ec-5632-88af-3ffcb91d5dd6,2,3
8e00facc-02ec-5632-88af-3ffcb91d5dd6,3,3
8e00facc-02ec-5632-88af-3ffcb91d5dd6,4,3
8e00facc-02ec-5632-88af-3ffcb91d5dd6,5,1
e2b9aa26-08e5-538c-98e2-cbd5a211d831,1,4
e2b9aa26-08e5-538c-98e2-cbd5a211d831,2,3
e2b9aa26-08e5-538c-98e2-cbd5a211d831,3,3
e2b9aa26-08e5-538c-98e2-cbd5a211d831,4,3
e2b9aa26-08e5-538c-98e2-cbd5a211d831,5,1
2581d3b1-dae7-55c7-9dac-f7bdeac3ea19,1,4
2581d3b1-dae7-55c7-9dac-f7bdeac3ea19,2,3
2581d3b1-dae7-55c7-9dac-f7bdeac3ea19,3,3
2581d3b1-dae7-55c7-9dac-f7bdeac3ea19,4,3
2581d3b1-dae7-55c7-9dac-f7bdeac3ea19,5,2
91018bfe-8386-57fb-8d24-305cc3804823,1,4
91018bfe-8386-57fb-8d24-305cc3804823,2,3
91018bfe-8386-57fb-8d24-305cc3804823,3,3
91018bfe-8386-57fb-8d24-305cc3804823,4,3
91018bfe-8386-57fb-8d24-305cc3804823,5,2
e1288b35-2245-5fec-9f5b-64fd21ef5eb8,1,2
890a1481-47f5-5d50-8ccc-b8723766c6f7,1,3
e2c3668e-7b22-54e1-8c49-323f5416bb0b,1,4
e2c3668e-7b22-54e1-8c49-323f5416bb0b,2,2
73221887-bc41-5b6c-9e86-f356bb06bb2a,1,4
73221887-bc41-5b6c-9e86-f356bb06bb2a,2,3
f9252cf9-757d-5309-be7a-9822a9a03faf,1,4
f9252cf9-757d-5309-be7a-9822a9a03faf,2,3
f9252cf9-757d-5309-be7a-9822a9a03faf,3,2
e0d78807-a285-5ae2-9f75-77b05a256e6f,1,4
e0d78807-a285-5ae2-9f75-77b05a256e6f,2,3
e0d78807-a285-5ae2-9f75-77b05a256e6f,3,3
9984dd7d-d8a1-5413-bf7c-7c0e42770a6e,1,4
9984dd7d-d8a1-5413-bf7c-7c0e42770a6e,2,3
9984dd7d-d8a1-5413-bf7c-7c0e42770a6e,3,3
9984dd7d-d8a1-5413-bf7c-7c0e42770a6e,4,1
77c7d1c0-3d7d-5504-9916-5d56912329e5,1,4
77c7d1c0-3d7d-5504-9916-5d56912329e5,2,3
77c7d1c0-3d7d-5504-9916-5d56912329e5,3,3
77c7d1c0-3d7d-5504-9916-5d56912329e5,4,2
dbe39f37-7f03-51fc-8b8a-1a5159ad4979,1,4
dbe39f37-7f03-51fc-8b8a-1a5159ad4979,2,3
dbe39f37-7f03-51fc-8b8a-1a5159ad4979,3,3
dbe39f37-7f03-51fc-8b8a-1a5159ad4979,4,3
dbe39f37-7f03-51fc-8b8a-1a5159ad4979,5,1
8bc0b489-f717-5daa-9333-bf9691a00af5,1,4
8bc0b489-f717-5daa-9333-bf9691a00af5,2,3
8bc0b489-f717-5daa-9333-bf9691a00af5,3,3
8bc0b489-f717-5daa-9333-bf9691a00af5,4,3
8bc0b489-f717-5daa-9333-bf9691a00af5,5,2
ed6f9c91-a6cc-52ce-af2e-5a2857f8c81d,1,4
ed6f9c91-a6cc-52ce-af2e-5a2857f8c81d,2,3
ed6f9c91-a6cc-52ce-af2e-5a2857f8c81d,3,3
ed6f9c91-a6cc-52ce-af2e-5a2857f8c81d,4,3
ed6f9c91-a6cc-52ce-af2e-5a2857f8c81d,5,2
ed6f9c91-a6cc-52ce-af2e-5a2857f8c81d,6,1
b946dfa2-99be-59b9-9097-814d6503869d,1,4
b946dfa2-99be-59b9-9097-814d6503869d,2,3
b946dfa2-99be-59b9-9097-814d6503869d,3,3
b946dfa2-99be-59b9-9097-814d6503869d,4,3
b946dfa2-99be-59b9-9097-814d6503869d,5,2
b946dfa2-99be-59b9-9097-814d6503869d,6,1
b808b410-0eef-5f4e-90bc-2f2dc388ac26,1,4
b808b410-0eef-5f4e-90bc-2f2dc388ac26,2,3
b808b410-0eef-5f4e-90bc-2f2dc388ac26,3,3
b808b410-0eef-5f4e-90bc-2f2dc388ac26,4,3
b808b410-0eef-5f4e-90bc-2f2dc388ac26,5,2
b808b410-0eef-5f4e-90bc-2f2dc388ac26,6,1
b808b410-0eef-5f4e-90bc-2f2dc388ac26,7,1
3b125f44-99ed-575f-9217-a4057da3095a,1,4
3b125f44-99ed-575f-9217-a4057da3095a,2,3
3b125f44-99ed-575f-9217-a4057da3095a,3,3
3b125f44-99ed-575f-9217-a4057da3095a,4,3
3b125f44-99ed-575f-9217-a4057da3095a,5,2
3b125f44-99ed-575f-9217-a4057da3095a,6,1
3b125f44-99ed-575f-9217-a4057da3095a,7,1
d83cbcad-76a6-5942-8740-8b44e3a31a1b,1,4
d83cbcad-76a6-5942-8740-8b44e3a31a1b,2,3
d83cbcad-76a6-5942-8740-8b44e3a31a1b,3,3
d83cbcad-76a6-5942-8740-8b44e3a31a1b,4,3
d83cbcad-76a6-5942-8740-8b44e3a31a1b,5,2
d83cbcad-76a6-5942-8740-8b44e3a31a1b,6,1
d83cbcad-76a6-5942-8740-8b44e3a31a1b,7,1
d83cbcad-76a6-5942-8740-8b44e3a31a1b,8,1
a6de694e-aae7-5900-9005-4d2edeb2dd69,1,4
a6de694e-aae7-5900-9005-4d2edeb2dd69,2,3
a6de694e-aae7-5900-9005-4d2edeb2dd69,3,3
a6de694e-aae7-5900-9005-4d2edeb2dd69,4,3
a6de694e-aae7-5900-9005-4d2edeb2dd69,5,2
a6de694e-aae7-5900-9005-4d2edeb2dd69,6,1
a6de694e-aae7-5900-9005-4d2edeb2dd69,7,1
a6de694e-aae7-5900-9005-4d2edeb2dd69,8,1
7aa2d56c-2749-5878-9154-aa53456bbd29,1,4
7aa2d56c-2749-5878-9154-aa53456bbd29,2,3
7aa2d56c-2749-5878-9154-aa53456bbd29,3,3
7aa2d56c-2749-5878-9154-aa53456bbd29,4,3
7aa2d56c-2749-5878-9154-aa53456bbd29,5,2
7aa2d56c-2749-5878-9154-aa53456bbd29,6,1
7aa2d56c-2749-5878-9154-aa53456bbd29,7,1
7aa2d56c-2749-5878-9154-aa53456bbd29,8,1
7aa2d56c-2749-5878-9154-aa53456bbd29,9,1
46857fb4-9238-52b2-a70e-be0ff6bc3678,1,4
46857fb4-9238-52b2-a70e-be0ff6bc3678,2,3
46857fb4-9238-52b2-a70e-be0ff6bc3678,3,3
46857fb4-9238-52b2-a70e-be0ff6bc3678,4,3
46857fb4-9238-52b2-a70e-be0ff6bc3678,5,3
46857fb4-9238-52b2-a70e-be0ff6bc3678,6,1
46857fb4-9238-52b2-a70e-be0ff6bc3678,7,1
46857fb4-9238-52b2-a70e-be0ff6bc3678,8,1
46857fb4-9238-52b2-a70e-be0ff6bc3678,9,1
d0da73cf-7758-505d-85b3-2153a6ce57b0,1,4
d0da73cf-7758-505d-85b3-2153a6ce57b0,2,3
d0da73cf-7758-505d-85b3-2153a6ce57b0,3,3
d0da73cf-7758-505d-85b3-2153a6ce57b0,4,3
d0da73cf-7758-505d-85b3-2153a6ce57b0,5,3
d0da73cf-7758-505d-85b3-2153a6ce57b0,6,2
d0da73cf-7758-505d-85b3-2153a6ce57b0,7,1
d0da73cf-7758-505d-85b3-2153a6ce57b0,8,1
d0da73cf-7758-505d-85b3-2153a6ce57b0,9,1
2c968a36-ecc0-5c02-b587-26ef32940966,1,4
2c968a36-ecc0-5c02-b587-26ef32940966,2,3
2c968a36-ecc0-5c02-b587-26ef32940966,3,3
2c968a36-ecc0-5c02-b587-26ef32940966,4,3
2c968a36-ecc0-5c02-b587-26ef32940966,5,3
2c968a36-ecc0-5c02-b587-26ef32940966,6,2
2c968a36-ecc0-5c02-b587-26ef32940966,7,2
2c968a36-ecc0-5c02-b587-26ef32940966,8,1
2c968a36-ecc0-5c02-b587-26ef32940966,9,1
c9a3465f-1955-57b8-9868-e56a3743ded0,1,2
8d9ee172-1610-5ca7-929e-8a6919ca9741,1,3
96a96b10-0eff-5192-bfba-cb3a515aa264,1,4
96a96b10-0eff-5192-bfba-cb3a515aa264,2,2
c3a7f268-7c2f-52cf-b38f-0df4feea1641,1,4
c3a7f268-7c2f-52cf-b38f-0df4feea1641,2,3
e2e11ec1-fbd4-5b19-aab5-66400e7454a3,1,4
e2e11ec1-fbd4-5b19-aab5-66400e7454a3,2,3
e2e11ec1-fbd4-5b19-aab5-66400e7454a3,3,2
29e776ce-e1da-5f70-99a6-301589536339,1,4
29e776ce-e1da-5f70-99a6-301589536339,2,3
29e776ce-e1da-5f70-99a6-301589536339,3,3
8cbb31b7-79e9-5270-ad11-e95e43f735ed,1,4
8cbb31b7-79e9-5270-ad11-e95e43f735ed,2,3
8cbb31b7-79e9-5270-ad11-e95e43f735ed,3,3
8cbb31b7-79e9-5270-ad11-e95e43f735ed,4,1
6f0584a4-04c8-5f9d-a6ad-8e0652b3c39b,1,4
6f0584a4-04c8-5f9d-a6ad-8e0652b3c39b,2,3
6f0584a4-04c8-5f9d-a6ad-8e0652b3c39b,3,3
6f0584a4-04c8-5f9d-a6ad-8e0652b3c39b,4,2
0f8e5249-add6-55d2-a294-e5fff6469f6d,1,4
0f8e5249-add6-55d2-a294-e5fff6469f6d,2,3
0f8e5249-add6-55d2-a294-e5fff6469f6d,3,3
0f8e5249-add6-55d2-a294-e5fff6469f6d,4,3
0f8e5249-add6-55d2-a294-e5fff6469f6d,5,1
7ddc6800-2b0e-54ed-a61b-c741a8ae3654,1,4
7ddc6800-2b0e-54ed-a61b-c741a8ae3654,2,3
7ddc6800-2b0e-54ed-a61b-c741a8ae3654,3,3
7ddc6800-2b0e-54ed-a61b-c741a8ae3654,4,3
7ddc6800-2b0e-54ed-a61b-c741a8ae3654,5,2
87e48411-e75b-5288-84b6-69b2f4682e60,1,4
87e48411-e75b-5288-84b6-69b2f4682e60,2,3
87e48411-e75b-5288-84b6-69b2f4682e60,3,3
87e48411-e75b-5288-84b6-69b2f4682e60,4,3
87e48411-e75b-5288-84b6-69b2f4682e60,5,2
87e48411-e75b-5288-84b6-69b2f4682e60,6,1
9ca93233-9dbb-5df0-a217-55904d7bcdfe,1,4
9ca93233-9dbb-5df0-a217-55904d7bcdfe,2,3
9ca93233-9dbb-5df0-a217-55904d7bcdfe,3,3
9ca93233-9dbb-5df0-a217-55904d7bcdfe,4,3
9ca93233-9dbb-5df0-a217-55904d7bcdfe,5,2
9ca93233-9dbb-5df0-a217-55904d7bcdfe,6,1
548b4491-b2ae-55c4-8830-13b5762f81af,1,4
548b4491-b2ae-55c4-8830-13b5762f81af,2,3
548b4491-b2ae-55c4-8830-13b5762f81af,3,3
548b4491-b2ae-55c4-8830-13b5762f81af,4,3
548b4491-b2ae-55c4-8830-13b5762f81af,5,2
548b4491-b2ae-55c4-8830-13b5762f81af,6,1
548b4491-b2ae-55c4-8830-13b5762f81af,7,1
f19279f5-02ea-5e3e-92a4-83df9311221c,1,4
f19279f5-02ea-5e3e-92a4-83df9311221c,2,3
f19279f5-02ea-5e3e-92a4-83df9311221c,3,3
f19279f5-02ea-5e3e-92a4-83df9311221c,4,3
f19279f5-02ea-5e3e-92a4-83df9311221c,5,2
f19279f5-02ea-5e3e-92a4-83df9311221c,6,1
f19279f5-02ea-5e3e-92a4-83df9311221c,7,1
418d0565-a7ca-561f-a880-02b121fc6923,1,4
418d0565-a7ca-561f-a880-02b121fc6923,2,3
418d0565-a7ca-561f-a880-02b121fc6923,3,3
418d0565-a7ca-561f-a880-02b121fc6923,4,3
418d0565-a7ca-561f-a880-02b121fc6923,5,2
418d0565-a7ca-561f-a880-02b121fc6923,6,1
418d0565-a7ca-561f-a880-02b121fc6923,7,1
418d0565-a7ca-561f-a880-02b121fc6923,8,1
49880b4a-5ee7-5e7e-98af-127eda7c8f18,1,4
49880b4a-5ee7-5e7e-98af-127eda7c8f18,2,3
49880b4a-5ee7-5e7e-98af-127eda7c8f18,3,3
49880b4a-5ee7-5e7e-98af-127eda7c8f18,4,3
49880b4a-5ee7-5e7e-98af-127eda7c8f18,5,2
49880b4a-5ee7-5e7e-98af-127eda7c8f18,6,1
49880b4a-5ee7-5e7e-98af-127eda7c8f18,7,1
49880b4a-5ee7-5e7e-98af-127eda7c8f18,8,1
498af105-825a-557a-996a-49b895452d31,1,4
498af105-825a-557a-996a-49b895452d31,2,3
498af105-825a-557a-996a-49b895452d31,3,3
498af105-825a-557a-996a-49b895452d31,4,3
498af105-825a-557a-996a-49b895452d31,5,2
498af105-825a-557a-996a-49b895452d31,6,1
498af105-825a-557a-996a-49b895452d31,7,1
498af105-825a-557a-996a-49b895452d31,8,1
498af105-825a-557a-996a-49b895452d31,9,1
44382a23-607c-5f1f-aba7-5a67cf7df30a,1,4
44382a23-607c-5f1f-aba7-5a67cf7df30a,2,3
44382a23-607c-5f1f-aba7-5a67cf7df30a,3,3
44382a23-607c-5f1f-aba7-5a67cf7df30a,4,3
44382a23-607c-5f1f-aba7-5a67cf7df30a,5,3
44382a23-607c-5f1f-aba7-5a67cf7df30a,6,1
44382a23-607c-5f1f-aba7-5a67cf7df30a,7,1
44382a23-607c-5f1f-aba7-5a67cf7df30a,8,1
44382a23-607c-5f1f-aba7-5a67cf7df30a,9,1
b2e87764-229b-54a9-8645-408680dbe687,1,4
b2e87764-229b-54a9-8645-408680dbe687,2,3
b2e87764-229b-54a9-8645-408680dbe687,3,3
b2e87764-229b-54a9-8645-408680dbe687,4,3
b2e87764-229b-54a9-8645-408680dbe687,5,3
b2e87764-229b-54a9-8645-408680dbe687,6,2
b2e87764-229b-54a9-8645-408680dbe687,7,1
b2e87764-229b-54a9-8645-408680dbe687,8,1
b2e87764-229b-54a9-8645-408680dbe687,9,1
a6dab4b1-de2c-5a75-b991-44a20bf4fc21,1,4
a6dab4b1-de2c-5a75-b991-44a20bf4fc21,2,3
a6dab4b1-de2c-5a75-b991-44a20bf4fc21,3,3
a6dab4b1-de2c-5a75-b991-44a20bf4fc21,4,3
a6dab4b1-de2c-5a75-b991-44a20bf4fc21,5,3
a6dab4b1-de2c-5a75-b991-44a20bf4fc21,6,2
a6dab4b1-de2c-5a75-b991-44a20bf4fc21,7,2
a6dab4b1-de2c-5a75-b991-44a20bf4fc21,8,1
a6dab4b1-de2c-5a75-b991-44a20bf4fc21,9,1
